标题,作者,时间,内容,文章链接
仁怀人注意，新型诈骗来了......,遵义好声音,"
2022-04-26 13:01:03",4月21日下午，中国银行仁怀支行成功拦截一起电信诈骗，当场挽回市民财产损失5万余元，受害者刘先生对银行工作人员表示感谢。2022年4月21日下午，受害者刘先生来到中国银行仁怀支行咨询。“当时，刘先生将手机里的转账汇款记录给我看，并表示要马上给对方转账，神情比较焦急”，大堂经理习惯性的询问及告知转账风险。此时，刘先生接到一个电话，神情便更加紧张，一直催促银行工作人员加快办理汇款业务。银行工作人员发现,https://www.163.com/dy/article/H5SO9ERC0525KHJ9.html
警惕！网络诈骗已盯上中小学生,成长的可能,"
2022-04-26 16:56:44",作者｜冯玮近年来电信网络诈骗高发，而中小学生由于辨别力弱、控制能力差，以及疫情下网课时间增多等环境因素，使得诈骗分子也精心编制了一些套路，引诱孩子们上钩。近期，央视报道广东、江西、江苏等地相继发生了针对中小学生的网络诈骗，案件数量持续增长，数额从几百到几万元不等。先来看几个央视报道的真实案例。4月3日，家住广东东莞的三年级小学生小周在网课的间隙，使用手机玩起了网络游戏。骗子先给了小周一个QQ号，要,https://www.163.com/dy/article/H5T5P2KK0552G07Q.html
冒充“跑腿小哥”接单，男子连续诈骗5000余元,新民晚报,"
2022-04-26 12:38:10",新民晚报讯 （通讯员 宋严 记者 江跃中）全域静止封控期间，外卖小哥跑腿代购成了广大市民采购生活物资的主要途径，一时之间“跑腿小哥”供不应求。这也让不法分子动起了歪脑筋，冒充“跑腿骑手”诈骗钱财。近日，普陀警方经缜密侦查，就侦破了这样一起冒充骑手以跑腿代购为名实施诈骗的案件，涉案男子已被警方依法采取刑事强制措施。图说：丁某诈骗他人聊天记录和部分转账记录 普陀公安分局供图（下同）4月12日，普陀公安,https://www.163.com/dy/article/H5SMVK5N0512DU6N.html
仿冒平台、借疫诈骗……诈骗高发态势下，金科反诈有哪些硬核举措？,北京商报,"
2022-04-25 21:30:05","假网贷诈骗、""杀猪盘""""以房养老""、注销校园贷……这些诈骗手法你都听过吗？近期，各类电信诈骗高发，也引起金融科技公司的警惕。4月25日，北京商报记者多方采访了解到，包括蚂蚁集团、美团、度小满、360数科、同盾科技、乐信、信也科技、萨摩耶云、百融云创、融360等在内的十余家金融科技公司都在升级反诈手段，通过诈骗识别及拦截、联动警方、反诈宣传等多样举措，全面围堵。仿冒平台、蹭热点花样不断翻新各类五花八",https://www.163.com/dy/article/H5R30S980519DFFO.html
18人落网，濮阳警方打击电信诈骗战果频传！,看见濮阳,"
2022-04-25 12:31:01",近日华龙警方果断出击打掉以刘某某、陈某某为首的特大“洗钱”团伙以及以郭某某为首的“引流”诈骗团伙抓获犯罪嫌疑人18人查扣作案手机25部银行卡70余张涉案资金达数百万元案情回顾华龙区公安分局电信诈骗犯罪侦查大队紧盯涉“两卡”犯罪，以下狠手、出重拳、“打一个、带一串、端一窝”为目标，在市局反诈支队的配合下，经过分析研判，锁定一特大电信网络诈骗“洗钱”团伙。近日，华龙区分局抓捕小组在市城区、新乡原阳等地,https://www.163.com/dy/article/H5Q45Q120550BHLO.html
诈骗的升级之路，从台湾诈骗村到缅北诈骗特区，电信诈骗有多黑？,历史有些冷,"
2022-04-27 08:05:02",你遇到过电信诈骗吗？现在网络这么发达，地区警察时不时就通报：***被诈骗了几百万。也许有些人觉得，电信诈骗离我们太遥远了。其实不然，电信诈骗在我们身边发生得越来越频繁，不管是前段时间一直流行的卖茶女，还是一直没停过的网上兼职，甚至是“好友”借钱。现在更严重了，这些诈骗犯，已经开始从单纯的经济诈骗，转到人身威胁了。图源网络因此公安部门展开了更加严厉的电信诈骗调查，但是道阻且长。打击电信诈骗的道路随着,https://www.163.com/dy/article/H5TG677Q0516FI5I.html
提醒！这些都是诈骗！随州人请速转父母,随州网,"
2022-04-27 15:23:28",全国打击整治养老诈骗专项行动办公室在全国开展为期半年的打击整治养老诈骗专项行动养老诈骗常见套路都有哪些？一起来了解一下01提供虚假养老服务02投资虚假养老项目03销售虚假养老产品04虚假宣称以房养老05虚假代办养老保险06开展虚假养老帮扶再小也要当大事提醒大家常回家看看讲讲防骗知识让不法分子“不敢骗、不能骗、骗不了”来源：湖北发布了解更多随州大小事,https://www.163.com/dy/article/H5VIR0VF0514EAKT.html
警惕！远程操控成为电信诈骗“新宠”,信息新报,"
2022-04-26 11:32:47",“您好，我们这里是某快递总部，您有一个快递丢件了，您看方便操作一下给您理赔吗？”最近网络诈骗事件频繁发生，骗子手段套路层出不穷、与时俱进，随着快递行业的不断发展又有不少骗子设计了新的诈骗套路“快递丢失理赔”你会轻易相信吗？4月20日，玉环的李女士就遭遇了这样一起谎称快递丢失的诈骗。当天李女士在家突然接到一通境外电话，对方称李女士的快递丢失，并报出了快递相关信息。确实存在的快递，降低了受害者的警惕心,https://www.163.com/dy/article/H5SJ7SN00552ADWT.html
评论：打击养老诈骗 让老人安享晚年,举报,"
2022-04-27 13:42:52",据报道，近日，全国打击整治养老诈骗专项行动部署会召开，要求依法严惩养老诈骗违法犯罪。最高法、最高检纷纷部署推进打击整治养老诈骗专项行动，从严处罚养老诈骗行为，坚决斩断伸向老年人的“黑恶之手”。StartFragment号称包治百病的保健品、看上去价值连城的收藏品、看似低价的跟团游……近年来，针对老年群体的骗局屡见不鲜。不久前北京市一中院发布的一批涉老年人诈骗典型案例显示，保健品类诈骗、收藏类诈骗、,https://tj.news.163.com/22/0427/13/H5VD2PTC042098PG.html
女子遭遇“快递赔付”诈骗 建湖公安紧急止付,举报,"
2022-04-26 09:01:38",日前，江苏省盐城市建湖县公安局沿河派出所接建湖县公安局反诈中心指令得知，辖区一居民正在遭受冒充客服退款诈骗！沿河派出所民警在电话联系无法接通的情况下，迅速登门劝阻，成功阻止了这个达5万元的诈骗，及时守住了群众的钱袋子。StartFragment“你们凭什么不给我转账，对方是不是淘宝客服我还不知道吗，我买什么东西对方都知道！”“马女士，这就是个骗局，你要相信我！”18日下午，沿河派出所值班民警在获取,https://js.news.163.com/22/0426/09/H5SAJ4LS04248EAR.html
@滨海人！警惕这种诈骗套路…,滨海论坛,"
2022-04-26 11:38:13",告知实习生误操作列入批发代理商电话要求绑定银行卡输入验证码一系列指引操作那么你要当心了赶紧绷紧反诈防骗的这根弦案件 · 回放不好意思，我们后台误把您升级为代理商了，如果不及时取消，以后每个月都要向您收取代理费。今年4月，家住滨海县正红镇的林女士接到某宝“客服”电话该“客服”告诉林女士由于刚来的实习生不慎操作误将她开通成该平台的代理商而“客服”此番通话正是为了帮助林女士“解绑”否则后续将面临每月自动,https://www.163.com/dy/article/H5SJHRLT0552QKTN.html
上高警方成功阻止两起电信网络诈骗,会长大叔,"
2022-04-27 23:12:53",4月26日12时40分许，上高县公安局反诈中心通过预警平台发现户籍为敖山镇的一位居民正在接听诈骗电话，并拒接96110的预警电话。反诈中心立即启动紧急劝阻机制，经研判发现其在上高县敖山镇中杰鞋厂工作。反诈中心立即指派敖山派出所预警处置，敖山派出所民警陈全立即前往中杰鞋厂找到该员工，了解到该员工于4月26日中午12时许接到一个自称为公安局办公人员的电话，并询问了该员工的日常生活信息及使用银行卡的情况,https://www.163.com/dy/article/H60DMHL805496YZA.html
解密缅北东南亚的诈骗团伙诈骗套路！投资小心，切勿被骗！,鸿鼎在线,"
2022-04-27 13:46:21",,https://www.163.com/dy/article/H5VD95160539MMCO.html
两周劝阻三起诈骗案件！莘县柿子园派出所有成功劝阻一起冒充军警购物类诈骗,大众网,"
2022-04-26 15:03:06",大众网·海报新闻记者 马鑫超 通讯员 刘鹏 聊城报道莘县市民王先生在柿子园镇从事餐饮行业。4月22日，他收到一位陌生人打来的电话。对方称其是一名武警部队干部，部队拉练需要订餐服务，随后双方添加微信好友。23日，这位自称武警部队干部的人将印有“中国人民武装警察部队”采购的清单发给王先生，骗取了王先生的信任。但王先生经营的店中没有“采购清单”中所列的“海洋牌自热米饭”。随即该人又给王先生发来一个微信号,https://www.163.com/dy/article/H5SV909K0514R9KU.html
利用迷信诈骗独居老人，法院这样判,南宁市西乡塘区人民法院,"
2022-04-27 22:58:18",做法事能治病吗？近日，南宁市西乡塘区人民法院依法审结一起利用封建迷信诈骗独居老人案，依法判决李某等人有期徒刑一年二个月至七个月，并处罚金三千元至二千元不等的刑事处罚。案情回顾2021年2月1日10时许，被告人李某在西乡塘区新阳路看到80多岁的被害人王某，便假冒是王某的熟人与王某搭讪。后李某与冒名为“张老师”的被告人陈某打招呼并问“中风老人”的情况，陈某说老中医“黄教授”治好了。李某就说叫陈某带去，,https://www.163.com/dy/article/H60CRQJP0514JN59.html
警惕这种骗局：三甲医院门口“组团”诈骗,信息新报,"
2022-04-26 21:08:48",突然有位大师跑来给你算命，还说你有血光之灾，相信大多数人都能判断：这肯定是骗子！然而，若是在医院周边出现一名自称“知天命”的神算大师，声称可以帮你及家人消灾免祸、手到病除，围观路人交口称赞，你还能忍得住好奇心、不上前看一眼算一卦吗？今天，记者从南京市鼓楼区人民法院了解到，该院刚审结了一起这样的组团诈骗案。2019年9月起，被告人李某、王某伙同缪某、逯某、张某、崔某等六人在市区多家三甲医院附近，由逯,https://www.163.com/dy/article/H5TK6K0O0552ADWT.html
2021年无业女假扮空姐诈骗数百万，被抓后反问：“我诈骗谁了？”,摸着天时尚,"
2022-04-27 02:38:06",“你是邱某吧？”“怎么了？涉嫌诈骗？我诈骗谁了？”穿着睡衣的年轻女子面对身穿制服的长宁警方的询问一脸懵圈。长宁警方将女子劝回房中，继续询问：“保时捷是什么型号的？”邱某：“帕拉梅拉”警方：“钱哪里来的？”邱某：“男朋友给的”警方：“哪个男朋友？”此时，邱某显得有些手足无措，停顿了三秒后回答道：“施某”然而，令施某怎么也没想到的是，他百依百顺、有求必应的空姐女友，却是只有高中文化程度的无业女。究竟是,https://www.163.com/dy/article/H5U71H1805523IC9.html
团伙冒充多种身份“引流”诈骗 广州黄埔警方捣毁一个诈骗窝点,广州公安,"
2022-04-27 23:10:36",居民楼内隐藏了无营业执照“公司”，员工们玩起角色扮演，化身“专业股票客服”“订百人团体餐人员”，背后竟是为诈骗团伙“引流”铺路……近日，广州黄埔警方捣毁这个诈骗窝点，抓获5名犯罪嫌疑人，现场缴获作案手机、电话卡、电脑一批。仅用两天 捣毁“引流”诈骗窝点3月28日，黄埔警方在工作中发现，一个冒充身份“引流”的诈骗团伙在黄埔辖区内频繁活动。掌握这一线索后，黄埔警方立即安排专人开展侦查，迅速查清了该团伙,https://www.163.com/dy/article/H60DIC570514FGKM.html
政法战“疫”（八）：男子以代购香烟实施诈骗，青浦警方重拳出击破获一起诈骗案,绿色青浦,"
2022-04-26 17:00:48",当前，全市人民同心抗疫，然而一些不法分子却借机敛财，以代购香烟为幌子实施诈骗。近日，青浦警方快速出击，破获一起代购香烟诈骗案，抓获一名犯罪嫌疑人。近日，重固派出所接到李某报警称，4月7日晚，其在一短视频平台刷到一条售卖香烟的广告，因疫情原因已经很久没买到香烟，于是便私信了发布者并添加了其微信。一开始李某抱着半信半疑的态度咨询。但对方表示有送货渠道，展示了近期交易香烟的转账记录、各类香烟的价格明细。,https://www.163.com/dy/article/H5T60H40053494QU.html
教你十大公式，远离电信诈骗,熊熊82021,"
2022-04-26 15:40:31",强烈建议大家熟记以下十个公式答应我请一定记住它好吗？公式一当你突然接到自称公检法等机构来电说你涉嫌违法，并要求你将资金转入安全账户时，百分之百是诈骗！公式二网恋交友+介绍投资=诈骗此乃“杀猪盘”，诈骗分子会利用网络交友，以情感为诱饵慢慢取得你的信任，为你画两个人未来蓝图为借口，诱导你投资赌博，资金一去不复返！公式三做第一单任务时骗子会小额返利，诱导加大本金刷单，多次刷单后骗子就会以各种理由拒绝返还,https://www.163.com/dy/article/H5T1DD1D0552E5SN.html
【防范电信网络诈骗】关爱老年人，防范电信诈骗！,邹鲁融媒,"
2022-04-24 20:46:03",如今的时代是信息的时代，骗子也充分利用了信息通讯来诈骗他人钱财，所以广大市民尤其是中老年人，在日常生活中一定要树立防范电信诈骗的意识。电信诈骗是指通过电话、网络和短信方式，编造虚假信息，设置骗局，对受害人实施远程、非接触式诈骗，诱使受害人打款或转账的犯罪行为，通常以冒充他人及仿冒、伪造各种合法外衣和形式的方式达到欺骗的目的，如冒充公检法、商家公司厂家、国家机关工作人员、银行工作人员等各类机构工作人,https://www.163.com/dy/article/H5OE3H720550H84U.html
事关打击养老诈骗！哈密市线索举报方式公布！,哈密零距离,"
2022-04-26 20:47:24",根据全国统一部署，哈密市从4月中旬起到10月中旬，在全市范围内开展为期半年的打击整治养老诈骗专项行动，重点打击以提供“养老服务”、投资“养老项目”、销售“养老产品”、宣称“以房养老”、代办“养老保险”、开展“养老帮扶”等为名实施诈骗、侵害老年人合法权益的各类违法犯罪，重点整治针对老年人的涉诈骗APP、非法养老服务机构、商品房虚假宣传、涉老旅游项目和艺术品经营、无资质医疗机构擅自诊疗、涉老“保健品”,https://www.163.com/dy/article/H5TIVDQ80514MLPS.html
防范电信诈骗 | 电信诈骗案例解析来了！,法治洛川,"
2022-04-27 21:21:31",电信网络诈骗以30%的增速在增长电信网络诈骗案犯案量逼近60万年经济损失高达200亿元左右更可怕的是在低成本与高收益的诱惑下诈骗手段逐渐从群发式行骗发展为靶向性精准行骗电信诈骗通常以远程网络化、非接触的方式实施诈骗面临着举证难，追赃更难的诸多问题虚假消息类案例一2019年11月5日，小王同学手机收到一条短信，内容是：“尊敬的商户您好！由于购物平台网络系统升级，请您及时点击以下网址认证账号信息，ww,https://www.163.com/dy/article/H607AKI30514MT66.html
娄底市全面启动打击整治养老诈骗专项行动,红网,"
2022-04-27 22:04:05",此次专项行动分宣传发动、打击整治、总结提升3个关键环节。各地各成员单位将全面发起打击整治养老诈骗新一轮强大攻势，确保取得打击、整治、教育、制度等“四大成效”。尽快依法打掉一批养老诈骗犯罪团伙，严惩一批违法犯罪分子，有效遏制养老诈骗违法犯罪，进一步形成高压震慑；集中解决一批群众反映强烈的养老领域涉诈问题，整治规范一批养老领域经营不规范、存在诈骗苗头隐患的机构、企业，切实防控因养老诈骗引发的涉稳风险；,https://www.163.com/dy/article/H609OHP30514EV7Q.html
筑牢防电信诈骗安全线，守护群众“钱袋子”,金羊网,"
2022-04-27 21:42:04",近日，工行广州黄埔中山大道中支行员工凭借敏锐的职业警觉和高度的责任感，成功拦截了一笔电信诈骗，为客户挽回经济损失2万元，获得客户感谢与点赞。面对电信诈骗风险高发，该行积极履行社会责任，切实维护金融消费者的合法权益，守住老百姓的“钱袋子”。事发当天，一位年过六旬的女性客户拿着定期存折，急匆匆地前来工行广州黄埔中山大道中支行办理定期支取与汇款业务。该行厅堂客服经理询问阿姨是否认识对方，客户点头表示肯定,https://www.163.com/dy/article/H608G8B40514R9OM.html
这些都是诈骗！请擦亮双眼！本条速转父母→,厦门掌上通,"
2022-04-27 23:03:58",但是夕阳红的风景下也有危险在慢慢靠近……专门针对老年人的诈骗犯罪一直屡见不鲜骗子将目标锁定在老年人群体集美的老陈这几天就接到了老陈一听对方的声音第二天，这位“女婿”（△来源：网络）没有再次确认“女婿”提供的银行账户并询问“女婿”何时能回来“女婿”表示自己大概要三日后才能被放出来老陈只好在家里等啊等……时间一天天过去老陈却始终不见“女婿”归来的身影老陈急忙询问女婿关于打架的事情老陈这才发现自己被骗了,https://www.163.com/dy/article/H60D66PP05372HIN.html
网络刷单不可信，警惕诈骗！,新余高新,"
2022-04-27 08:54:26",近期刷单案件持续高发，作案手法犹如病毒不断变异，且发案高，金额大！刷单有很多别称：点赞员，网络兼职，做任务，圈粉加关注一起来了解下一、作案手法第一步 分析潜在对象，广泛撒网网络刷单诈骗犯罪的被害人以学生、无业或低收入群体为主，他们大多收入较低而时间充裕。骗子会在这类群体喜欢用的聊天、交友APP，各类短视频平台上发布兼职刷单的信息，或者以加好友、套近乎来博取信任，为后续骗取被害人钱财铺路。第二步 分,https://jx.news.163.com/22/0427/08/H5USILP104169AID.html
北京警方紧急拦截电信诈骗！挽回巨额损失,记摄人间,"
2022-04-26 02:00:02",电信诈骗无孔不入，不断升级，都说不做亏心事不怕鬼敲门，就算天大的事，也应该第一时间主动核实，而不是被一通陌生的电话牵着鼻子走。面对突如其来的民警，83岁的杨大爷一口咬定接到的不是诈骗电话，而是推销保健品的。见到杨大爷已经被洗脑，民警耐心的开展工作。原来杨大爷接到的是自称外地公安民警打来的电话，说他的身份信息被盗用，正在非法筹集募捐一笔巨款，杨大爷急得坐不住了，为了自证清白，开始配合调查。听了民警的,https://www.163.com/dy/article/H5R36FQ00545CBGK.html
【砺剑行动】网上买菜被“拉黑” 谨防涉疫诈骗,警民直通车上海,"
2022-04-26 11:12:37",本轮疫情以来，上海松江警方在全力做好疫情防控工作的同时，始终密切关注各类涉疫诈骗犯罪动向，切实保护市民群众合法权益。家住上海市松江区车墩镇的艾先生、孙先生先后在同一微信群看到了一则代购生活物资的广告“送货上门”四个字让他们秒付款分别支付了420元、400元给对方没想到随即被对方拉黑松江警方接到两人报案后很快将所谓的“代购人”苏某抓获原来嫌疑人看到微信群代购需求旺盛萌生了骗取他人钱财的念头已被松江警,https://www.163.com/dy/article/H5SI2VJG05341J45.html
小伙应聘厨师后成境外电信诈骗“枪手”，海安成功办理一起电信诈骗声纹鉴定案 ,举报,"
2022-04-27 11:13:44",找工作时被某网站高薪招聘厨师的广告吸引，年轻小伙偷渡出境做了一个多月的厨师后，主动加入诈骗团伙成了“枪手”，7个月非法获利20余万元。25日，经海安市检察院提起公诉，法院一审以陈某犯诈骗罪，判处其有期徒刑三年，并处罚金5万元。StartFragment受高薪招聘广告引诱偷渡出境2020年9月，时年33岁的陕西省安康无业青年陈某，在网上看到一则“高薪招聘厨师，无需工作经验，每月1万到2万底薪，有提成,https://js.news.163.com/22/0427/11/H5V4HO1P04249CUF.html
牢记反诈号码→12381、96110，远离诈骗！,潮TV,"
2022-04-27 21:42:25",今年我市电诈警情降47.7%今年来，我市反诈骗中心以群众满意为标准、以群众需要为导向，将守护群众的“钱袋子”时刻放在首位，主动探索疫情防控下反诈防诈技战法和工作思路，严格落实7x24小时值班制度，不断提高发现潜在受骗群众的能力，进一步提升预警劝阻工作效能，全力守护群众的财产安全。1案例一3月份下旬，市反诈骗中心接到一起群众在网上投资被诈骗的警情后，民警凭借专业敏锐性，通过与犯罪分子周旋及反渗透，对,https://www.163.com/dy/article/H608GSQ80530QLUU.html
别被“虚假征信类”诈骗骗了！,奎文发布,"
2022-04-25 14:21:32",身边案例近日，奎文区广文街道一居民接到一个冒充京东客服的电话，对方称其京东白条信誉不良，可以帮助提高信誉，信以为真的受害人随即在对方的诱导下下载了“识年”APP，并同意对方使用远程协助功能。随后对方利用远程协助指引受害人使用“云闪付”进行贷款，并使用贷出来的款项到指定的京东店铺购买了电子礼品卡，在未查询到电子礼品卡相关信息后才察觉被骗，损失金额1万余元。01及时核实信息凡是自称贷款平台客服，提供消,https://www.163.com/dy/article/H5QAG6650514LB6I.html
建行长治长子支行开展防范电信网络诈骗宣传,智慧生活报,"
2022-04-27 20:59:45",近期电信网络诈骗案件频发，为切实做好人民群众安全防范教育，有效预防电信网络诈骗案件的发生，建行长治长子支行近期积极开展防范和打击电信诈骗宣传活动。老年人是受骗的主要群体，支行在邻近社区通过发放宣传材料、现场讲解等方式，为老年客户讲解常见的电信诈骗的违法犯罪案例和犯罪分子的惯用手法，提醒老年人不轻信来历不明的电话、信息，不向陌生人透露自己及家人的身份信息，遇到可疑情况，及时与亲属朋友沟通或直接拨打报,https://www.163.com/dy/article/H6062O1V0534GDXW.html
陕西省养老诈骗线索举报方式公布,咸阳热点,"
2022-04-27 22:53:54",经党中央批准，在全国组织开展为期半年的打击整治养老诈骗专项行动，依法严厉打击侵害老年人合法权益的各类涉诈违法犯罪。为确保我省打击整治养老诈骗专项行动取得实效，依法维护好老年人合法权益，切实守护好老百姓的“养老钱”，现将我省相关单位的举报方式和受理范围予以公布，面向广大群众征集举报线索。受理时间从即日起至10月20日。举报人应实事求是地反映问题，利用举报捏造事实、诬告陷害的，将承担相应的法律责任。主,https://www.163.com/dy/article/H60CJON90517RMVE.html
轻轻松松月入过万？是诈骗！,佛山发布,"
2022-04-26 07:39:21",日赚百元，月入过万这样的工作你心动吗？这种“高薪兼职”的工作内容往往离不开点赞返利扫码领红包兼职做任务你若信以为真便落入了诈骗分子的圈套近日，顺德陈村一名老人在兼职做任务的套路下被骗78500元发布兼职信息引诱上钩小投资回报小利赢取信任晚上，邓女士为庆祝今日的“收获”，特地准备了丰盛的晚餐，希望给家人更大惊喜的她没有马上将兼职一事跟家人说，希望等自己赚到更多钱后再跟家人分享这一“好消息”。以任务未,https://www.163.com/dy/article/H5S5SEUF0514G11E.html
冒充“公检法”实施诈骗 洪江市公安成功阻断,怀化新闻网,"
2022-04-27 21:35:27",怀化新闻网讯“谢谢你们，要是没有警察及时赶到，我的3万元可就真没了……”唐女士心有余悸地对民警说道。4月26日，洪江市公安局雪峰派出所闻令即动、迅速出击，成功劝阻一起冒充“公检法”类诈骗，保住群众“钱袋子”，赢得了受害人和辖区群众的连连好评。26日，该局雪峰派出所通过走访摸排，得知湾溪乡某村的唐女士正在遭遇诈骗。警情就是命令，民警快速电话联系唐女士，但都被其挂断。随后民警调查中发现，唐女士长年不在,https://www.163.com/dy/article/H60843LV0512EFP0.html
集资诈骗非罪事由分析,苏建友律师,"
2022-04-26 17:58:40",《刑法》第一百九十二条规定，以非法占有为目的，使用诈骗方法非法集资，数额较大的，处三年以上七年以下有期徒刑，并处罚金；数额巨大或者有其他严重情节的，处七年以上有期徒刑或者无期徒刑，并处罚金或者没收财产。单位犯前款罪的，对单位判处罚金，并对其直接负责的主管人员和其他直接责任人员，依照前款的规定处罚。认定“以非法占有为目的”，需要注意主客观一致原则，使用诈骗方法非法集资，具有下列情形之一的，可以认定为,https://www.163.com/dy/article/H5T9A4TN05535IUH.html
全省法院开展打击养老诈骗专项行动,大江网,"
2022-04-27 08:50:17",本报讯 高苑轩 记者王白如报道：近日，省法院下发通知，在全省法院部署开展打击整治养老诈骗专项行动，要求全省各级法院高度重视，充分认识专项行动的重大意义，准确把握总体要求，依法严惩养老诈骗犯罪，扎实做好养老诈骗案件审判相关工作，确保专项行动取得实效。会上要求，全省各级法院要依法严厉惩处养老诈骗犯罪，重点惩处以提供“养老服务”、投资“养老项目”、销售“养老产品”、宣称“以房养老”、代办“养老保险”、开,https://www.163.com/dy/article/H5USB27705508T1R.html
诈骗新变种：梅州发生一起“约炮+刷单”=诈骗30万！,记录平远,"
2022-04-22 20:06:01",骗子为了你的钱财可谓“煞费苦心”一计不成再生一计步步为营 处处陷阱总有一款适合你近日梅州市大埔县发生一起“约炮刷单”类诈骗案件诈骗金额30余万元案情回顾4月8日下午，大埔县的莫先生收到一条宣传约炮APP的陌生短信，莫先生禁不住诱惑，点开了短信链接下载了APP。过了两天后，APP的客服发短信称由于莫先生长期没有约炮成功，不完成任务就会被踢出约炮群，引导他在购物网站上完成刷单的任务，便可以获得与“小姐,https://www.163.com/dy/article/H5J70OVQ0534JJCG.html
如何防范养老诈骗！请速转父母,看西安,"
2022-04-27 21:47:34",养老诈骗常见套路都有哪些？一起来了解一下01提供虚假养老服务02投资虚假养老项目03销售虚假养老产品04虚假宣称以房养老05虚假代办养老保险06开展虚假养老帮扶在此也提醒大家常回家看看，讲讲防骗知识来源：辽宁政法、平安湖北、荆州公安,https://www.163.com/dy/article/H608QA720525SRQD.html
老太遭遇“冒充公检法”诈骗 民警及时现身劝阻,信息新报,"
2022-04-27 20:22:42",今天（4月27日），记者从常州警方获悉，近日，常州市新北公安分局河海派出所接到反诈预警，辖区有一居民马老太（化名）疑似接到“冒充公检法”诈骗电话。民警尝试电话联系马老太，但电话一直占线。民警意识到马老太可能正深陷骗局，于是立即赶往现场。敲开门，民警得知马老太尚未被骗，一颗悬着的心总算放了下来。据了解，就在刚才，马老太独自在家时接到一个自称是“黑龙江省通讯管理局”的电话，称有人今年1月25日的时候在,https://www.163.com/dy/article/H603UTQB0552ADWT.html
“杀猪盘”牵出跨境诈骗团伙！山东济宁警方破获特大电信网络诈骗案,环球网资讯,"
2022-04-25 15:28:40",近日，山东济宁警方破获一起特大的电信网络诈骗案，抓获犯罪嫌疑人50名，破获各地此类案件156起，涉案金额2000多万元。一个长期盘踞在西南边境境外，以“杀猪盘”为手段骗人钱财的犯罪团伙被彻底摧毁。2022年4月24日，中央电视台新闻频道《新闻直播间》栏目对此案进行报道。“包赚不赔”就在这时李云峰让方女士下载一款APP，称在上面投资包赚不赔，在他的指导下，方女士往平台里投了2万块钱。几秒钟方女士便挣,https://www.163.com/dy/article/H5QEB2QS0514R9OJ.html
遇上养老诈骗，举报请拨打2197110！,大理融媒,"
2022-04-26 12:57:43",大理市公安局在全市范围内开展打击整治养老诈骗专项行动。严厉打击以提供“养老服务”、投资“养老项目”、销售“养老产品”、宣称“以房养老”、代办“养老保险”、开展“养老帮扶”等为名，实施诈骗、集资诈骗、非法吸收公众存款、组织领导传销活动、合同诈骗、制售伪劣商品和生产、销售、提供假药、劣药等侵害老年人财产权益的违法犯罪行为，治理侵害老年人合法权益的涉诈乱象。为维护社会稳定，保障人民群众安居乐业，彻查犯罪,https://www.163.com/dy/article/H5SO3DO10550AN9P.html
男子以代购香烟实施诈骗，青浦警方重拳出击破获一起诈骗案,法治青浦,"
2022-04-27 21:24:10",点击标题下「法治青浦」可快速关注当前，全市人民同心抗疫，然而一些不法分子却借机敛财，以代购香烟为幌子实施诈骗。近日，青浦警方快速出击，破获一起代购香烟诈骗案，抓获一名犯罪嫌疑人。近日，重固派出所接到李某报警称，4月7日晚，其在一短视频平台刷到一条售卖香烟的广告，因疫情原因已经很久没买到香烟，于是便私信了发布者并添加了其微信。一开始李某抱着半信半疑的态度咨询。但对方表示有送货渠道，展示了近期交易香烟,https://www.163.com/dy/article/H607FFNM0514OMFG.html
百色打击整治养老诈骗，发现线索可举报！,百色新闻网,"
2022-04-26 10:28:15",尊老敬老是中华民族的传统美德老年人的事再小也要当大事有的不法分子抓住老年人网络知识不足、辨识能力不强等特点设置陷阱、诱导消费给老年人造成经济损失、精神痛苦严重影响老年人身心健康以及家庭和睦为切实依法维护老年人合法权益促进养老事业健康发展4月25日百色市打击整治养老诈骗专项行动办公室发布公告打击整治养老诈骗专项行动为方便群众提供侵害老年人合法权益的涉诈乱象问题线索，畅通群众举报渠道，市打击整治养老诈,https://www.163.com/dy/article/H5SFHO3J05506HGK.html
网络诈骗缘何屡禁不止,友情岁月生活,"
2022-04-24 17:03:43",网络诈骗近段时间来较为猖獗，值得注意的是，由于网络的特定性，年轻人受骗群体更大，诈骗手段层出不穷。我们常常可以在各地的警方通报中发现电信诈骗的案例，不少受害者对骗子的言论深信不疑，反而对身边亲人的劝告不置可否，最终在警察耗时良久的沟通下，诈骗行为才被阻止。此外，青少年也是被骗的重灾区，因为没有很好的识骗能力，加上骗子的骗术也与时俱进，很多学生遭受过网络诈骗。近日，据相关媒体报道，王女士16岁的妹妹,https://www.163.com/dy/article/H5O1CDAF0552M49Z.html
诈骗分子冒充公检法诈骗 白沟新城警方成功拦截,举报,"
2022-04-26 14:14:26",网易新闻保定讯   有效预防和减少各类电信网络诈骗犯罪，白沟新城公安分局反诈中心加大预警工作力度，结合上级反诈中心每日推送的预警线索，反诈民警采用电话或上门等方式对本地潜在被骗高危人员进行精准劝阻和预警，帮助群众在被骗之前按下“暂停键”，切实守住群众钱袋子，近日，反诈中心民警就成功拦截了一起冒充公检法诈骗案件，用实际行动筑牢群众财产安全的“防火墙”。当日下午6时许，该分局反诈中心接到辖区河北银行的,https://hebei.news.163.com/22/0426/14/H5SSFSIG04159BTC.html
南通警方部署开展打击整治养老诈骗专项行动,信息新报,"
2022-04-26 15:15:42",4月22日，南通市召开打击整治养老诈骗专项行动部署会，全面贯彻落实全国和省打击整治养老诈骗专项行动部署会议要求，研究部署南通市打击整治工作。市委常委、政法委书记王晓斌出席会议并讲话。组织开展打击整治养老诈骗专项行动，是落实中央领导同志指示要求的实际行动，是契合人民群众特别是老年群体愿望期盼的生动实践，是保持国泰民安社会环境的有力举措。南通警方根据部署要求，全面增强开展专项行动的思想自觉，进一步依法,https://www.163.com/dy/article/H5T0023U0552ADWT.html
【科普中国】陌生链接不要点！小心落入诈骗陷阱,央广网,"
2022-04-27 10:28:03",央广网哈尔滨4月27日消息（记者马俊玮 通讯员史双月）在虚拟的网络中，很多人出于好奇或受利益驱使，会点开陌生人发来的链接，殊不知，正在掉入骗子的诈骗陷阱。日前，不少骗子通过陌生链接实施诈骗，获取被骗者个人信息、银行卡密码或验证码后，从而实施下一步精准诈骗。甚至有一些陌生链接，直接带有木马程序，只要点开就可以窃取相关资料进行诈骗。警方提示广大群众，网上的陌生链接千万不要点开，尤其是承诺有高额回报、有,https://www.163.com/dy/article/H5V1U2BN0514R9NP.html
以案释法丨我以为诈骗离我很远，其实就在刚才...,法治青白江,"
2022-04-25 16:17:24",不懂常识吃大亏# 一句话总结你的受骗遭遇 #刚刚，我被榨干了半年的生活费！警察叔叔请一定要帮帮我！！！小伙子，怎么回事？你慢慢说事情是这样的......小伙子，听你这么一说，一切疑惑都解开了。回顾整个事件经过，其实有许多可疑的细节：诈骗手段分析“微信支付宝不能存超过100元”？是在骗我们把钱全部存到卡里！看似能够确保银行卡不被盗刷的“保险”？实际上不能挽回诈骗带来的金钱损失！卿哥提醒反诈知识其实还,https://www.163.com/dy/article/H5QH4AE00514BJEO.html
【防范养老诈骗】西藏公布打击整治养老诈骗线索举报方式！,西藏主要新闻,"
2022-04-27 10:06:28",西藏自治区打击整治养老诈骗专项行动领导小组办公室关于公布打击整治养老诈骗线索举报方式的公告根据党中央决策部署，在全国开展为期半年打击整治养老诈骗专项行动。为依法严惩养老诈骗违法犯罪，着力整治规范以“养老”为名的涉诈问题隐患，坚决铲除养老诈骗违法犯罪滋生土壤，确保全区打击整治养老诈骗工作取得实效，现向社会公布举报方式。一、西藏自治区打击整治养老诈骗专项行动线索举报方式举报电话：0891-633187,https://www.163.com/dy/article/H5V0MI1O0514RK6B.html
常林镇召开反电信诈骗工作推进会,市场新观察,"
2022-04-27 12:10:31",为有效遏制电信网络诈骗案件多发态势，维护人民群众财产安全与合法权益。4月25日上午，常林镇召开反电信诈骗工作推进会。会议要求：一要深刻认识电信诈骗形势的严峻性和复杂性，要采取多种方式进行宣传，把反诈知识普及给人民群众；二要提高打击治理电信网络诈骗犯罪的合力，进一步提升群众的安全感。（来源：西充县人民政府网站） 【投稿、区域合作请邮件 市场新观察 3613378752#qq.com24小时内回复。】,https://www.163.com/dy/article/H5V7PN2N0512BOIV.html
警惕！扫码领钱的诈骗,平安南岸,"
2022-04-25 06:05:02",当前，未成年人使用手机、电脑等智能设备越来越普遍，操作上已经非常熟练，这也让不少犯罪分子瞄准了这群社会经验不足、心智单纯的“学生党”，利用他们对零用钱的向往，以免费送礼、扫码领钱等方式，引诱他们上当受骗。近日，12岁的小陈如同往常一样刷QQ空间时，看到一则声称“扫码进群可以领钱”的广告，还附带着一个二维码。小陈想到可以借此拥有一些自己的零花钱，当即进行扫码，加入了这个“猫妹妹活动现场”群，并从群里,https://www.163.com/dy/article/H5NVORL60514RQNO.html
岔庙镇：扫除诈骗犯罪 保障群众财产安全,信息新报,"
2022-04-27 12:04:15",苍蝇专叮有缝蛋，骗子偏爱贪财人。近日，为进一步加强群众电信诈骗防范意识，提高村民识骗防骗能力，守护自身财产安全，岔庙镇网格员以核酸检测“双敲门”行动为抓手，积极开展反诈骗宣传活动，为群众营造一个良好的生活环境，切实提高群众的获得感、幸福感和安全感。线上，网格员充分利用在手资源，在网格微信群、抖音、广播等平台广泛宣传，分享电信诈骗典型案例，以形象生动、喜闻乐见的方式提醒群众“陌生电话勿接听、诱人短信,https://www.163.com/dy/article/H5V7E7BN0552ADWT.html
有人自称“山姆代购”诈骗：警方已介入,三言财经,"
2022-04-27 10:34:18",杨女士称，和自己有类似遭遇的人为数不少，其中有人涉及资金达到14万元。目前，杨女士已经报案，警方已介入调查。4月25日，山姆会员店工作人员称，山姆方面目前和上海市内众多负责团购的“团长”保持直接联系，由“团长”提出申请，山姆审核通过后直接提供货品，“不存在个人代购情况。”山姆方面称，发现有不法分子利用疫情期间广大市民求购物资的迫切心理，以各种形式冒用山姆名义，组织团购，骗取代购经费，据悉公安机关已,https://www.163.com/dy/article/H5V29HIE0519U3I5.html
这些都是养老诈骗常见套路，快转给父母,极目新闻,"
2022-04-25 18:32:25",通讯员 龚轩为切实维护老年人合法权益，由中央政法委等12个单位组成全国打击整治养老诈骗专项行动办公室，建立协调机制，在全国开展为期半年的打击整治养老诈骗专项行动。4月25日，极目新闻记者了解到，为广泛接收群众举报线索，严厉打击假借养老之名实施诈骗、骗取公私财物的违法犯罪行为，依法保护老年人合法权益，中央政法委在12337智能化举报平台开通了“养老诈骗”举报通道，可通过扫描下方二维码，登录12337,https://www.163.com/dy/article/H5QORHTF053469LG.html
速转，事关养老诈骗！安顺公布举报方式,法治安顺直通车,"
2022-04-27 17:07:30",随着我国社会经济发展面对巨大的养老需求涌现一批不法分子打着“服务老人” “关爱老人”的旗号招摇撞骗一部分老年人被骗子的热情体贴所打动沉浸于“以房养老”“投资养老”等美梦中养老诈骗花样太多了，快来看看，千万别上当！！！社保类——诈骗常见骗局1谎称代办社保的骗局不法分子谎称能以特殊条件帮助办理社保，在收到受害人巨额钱款后携款跑路。2发放社保补贴或办理“优惠”参保缴费的骗局不法分子冒充社保工作人员电话联,https://www.163.com/dy/article/H5VOP9QR0514WPHJ.html
严厉打击整治养老诈骗，举报方式来啦！,平安和平,"
2022-04-25 18:08:21",为深入贯彻落实党中央关于打击整治养老诈骗违法犯罪行为的决策部署，按照全市统一部署，自即日起至9月底，开展为期半年的打击整治养老诈骗专项行动，广泛发动群众提供违法犯罪线索，全力挤压“行骗空间”。 区打击整治养老诈骗专项行动办公室呼吁广大市民积极参与此次专项行动，让养老诈骗无可乘之机，共同为老年人筑起防骗坚固防线。如遇养老诈骗问题，您可以通过以下方式进行举报──编辑：蒋巧燕,https://www.163.com/dy/article/H5QNFG0U05340G58.html
看过来！发现养老诈骗线索这样举报,彭州市司法局,"
2022-04-27 04:13:12",4月24日，四川省打击整治养老诈骗专项行动办公室对外公布了打击整治养老诈骗专项行动线索举报方式。举报人请扫描下方二维码，或点击中国长安网、中央政法委长安剑微信公众号等链接，即可登录全国12337智能化举报平台反映问题。举报人应当如实反映情况，对所举报内容的真实性负责，接受询问、配合调查时，应如实提供情况和证据，对于捏造事实、诬告陷害的，将依照有关规定严肃处理；提倡实名举报，请提供真实姓名、身份信息,https://www.163.com/dy/article/H5UCFN110514LI6E.html
代购香烟实为诈骗？外卖员诈骗10余人9000余元被抓获,周到上海,"
2022-04-25 18:01:10",近日，青浦公安分局重固派出所接辖区居民李某报警称，其在网上代购物品遭遇了诈骗。经民警进一步了解得知，4月7日晚，李某在一短视频平台刷到一条售卖香烟的广告，便私信发布者，并添加了对方微信。一开始，李某也抱着半信半疑的态度向对方咨询，随即对方表示有送货渠道并展示了近期交易香烟的转账记录及各类香烟的价格明细。此时，李某信以为真，并通过支付宝向对方转账了700元，至次日6时许李某询问对方何时发货时，发现自,https://www.163.com/dy/article/H5QN2B160514A42S.html
四川公布打击整治养老诈骗线索举报方式！,锦江普法,"
2022-04-27 03:06:54",— 四川省打击整治养老诈骗专项行动办公室 —关于公布打击整治养老诈骗专项行动线索举报方式的公告根据党中央决策部署，在全国开展为期半年打击整治养老诈骗专项行动。为依法严惩养老诈骗违法犯罪，着力整治规范以“养老”为名的涉诈问题隐患，坚决铲除养老诈骗违法犯罪滋生土壤，确保全省打击整治养老诈骗工作取得实效，现向社会公布举报方式。一、举报须知举报受理内容为涉及养老诈骗方面的线索。如举报其他方面的问题，请直接,https://www.163.com/dy/article/H5U8M9TV0514N1SN.html
汕头陈女士遭遇诈骗！险损失16万元！,ilove汕头,"
2022-04-24 18:20:18",反诈民警随即电话联系陈女士，但对方电话一直无法接通，民警初步判断陈女士手机号码已被呼叫转移警方马上启动紧急预警机制，对陈女士手机号码申请取消呼转服务，同时保持不断呼叫，阻断陈女士与骗子联系，并发送提醒短信图文来源：汕头龙湖公安等,https://www.163.com/dy/article/H5O5OKHB05456UV8.html
生活与法｜防范养老诈骗亟须加强普法力度,齐鲁壹点,"
2022-04-26 10:07:33",全国打击整治养老诈骗专项行动部署会召开后，连日来，最高法、最高检、公安部等部门密集发布了相关实施方案或通知。一场旨在守护老年人钱袋子、切实维护老年人合法权益的专项行动，即将在全国范围内铺展开来。这对超过2.67亿人的我国老年群体而言，无疑是一个令人振奋且安心的好消息。近年来，频频有不法分子利用一些老年人文化水平不高、认知能力较差等特点，将罪恶的黑手伸向老年人：有的以提供“养老服务”、投资“养老项目,https://www.163.com/dy/article/H5SEBQ2R0530WJIN.html
剑指养老诈骗！家有老人的请注意！,建德公安,"
2022-04-27 01:25:59",但年轻人工作节奏快没法时时照顾老人而老人的记忆力相对较差遇到意外和突发情况往往难以应对下面一则“养老诈骗”案例让人心头一紧家有老人的都请注意九万养老钱险些被骗民警赶到后老人瞬间破防4月13日13时许杭州市公安局上城区分局接辖区银行报警称有一83岁老人准备给他人转账汇款疑似遭遇诈骗站前派出所民警马良良带领辅警火速赶到现场（点击播放视频）“我委屈死了你晓不晓得我委屈死了”“他们说我是一个诈骗团伙的负责,https://www.163.com/dy/article/H5U2THPQ0514RVDK.html
话术：一种巧舌如簧的诈骗“语言”,杨枝甘露,"
2022-04-26 12:10:47",“你好，这边是XX金融商贷中心，请问你是XX先生、XX女士吗？”“您在这边平台上申请了一笔借款，现在已审核通过。”今年3月初，浙江省台州市的李某，四川省凉山彝族自治州的刘某，接到了上述自称XX银行工作人员的电话。由于近期，两人的确在网上某平台申请了银行借款，正着急用钱时，没想到银行的工作人员主动联系上了自己，标准的工作用语，热情的服务态度让两人信以为真。按照“XX银行工作人员”的提示，两人逐渐掉入,https://www.163.com/dy/article/H5SLDEB705428T3D.html
夫妻档接力诈骗 老套骗术又奏效,将乐县人民检察院,"
2022-04-26 16:34:34",网络诈骗说起网络诈骗，各种微信、抖音的反诈宣传案例遍布网络，相信众多网友已经耳熟能详，但是套路再老，有效就好，下面检察君就为大家讲述一个老套却又意外的小故事。01案例回顾三年前，范先生在交友软件上认识了“王女士”，两人互加了微信，“王女士”在聊天中述说自己家境贫困，上有祖父母需要照顾，自己又身有疾病需长期服药，但是却乐观上进，自学会计，要参加会计资格考试，还要和朋友合开公司。就这样，两年多的时间，,https://www.163.com/dy/article/H5T4GF6N0514ELL3.html
App诈骗成为电信网络诈骗主要犯罪手段之一 约占整体案发量的六成,海外网,"
2022-04-25 05:09:03",来源:科技日报App诈骗成为 电信网络诈骗主要犯罪手段之一新华社讯 (记者王思北)记者日前从国家网信办获悉，近年来，利用App进行诈骗已成为电信网络诈骗案件的主要犯罪手段之一，约占整体案发量的六成。其中，网络兼职刷单、快速贷款等诈骗App较多，特别是有一些仿冒各大银行和金融平台的App具有较大迷惑性和欺骗性，广大人民群众需提高防范意识。为切实保障人民群众财产安全，国家网信办会同公安部等有关部门深入,https://www.163.com/dy/article/H5PASHVT0514R9L4.html
【普法先行】这些都是养老诈骗！本条速转父母,平安浠水,"
2022-04-25 19:08:28",由中央政法委等12个单位组成全国打击整治养老诈骗专项行动办公室建立协调机制在全国开展为期半年的打击整治养老诈骗专项行动养老诈骗常见套路都有哪些？一起来了解一下01提供虚假养老服务02投资虚假养老项目03销售虚假养老产品04虚假宣称以房养老05虚假代办养老保险06开展虚假养老帮扶再小也要当大事！在此也提醒大家常回家看看，讲讲防骗知识审 核：吴 俊蔡 俊编 辑：闫 方猜你喜欢的文章,https://www.163.com/dy/article/H5QQTI4M05349JIV.html
城关镇开展预防电信诈骗“扫楼行动”,大悟在线,"
2022-04-24 21:41:22",求职租售买卖4月21日晚7:30，城关镇组织党员干部、城关派出所民警、社区工作者和志愿者等80多人对陵园路社区和田湾村开展平安创建，预防和打击电信诈骗“扫楼行动”。此次行动旨在预防和打击电信诈骗，保护人民财产安全，切实提升辖区群众安全感和幸福指数，着力提高城关镇“一感一度一率二评价”。民警提醒：防范电信诈骗首先是做到“六不”，即不轻信、不汇款、不透露、不扫码、不点击链接、不接听转接电话。其次做到“,https://www.163.com/dy/article/H5OH8QLE0552O3KN.html
小信防诈骗 ▍这些关于疫情的诈骗套路，你不能不知道,十二师在线,"
2022-04-16 12:43:12",疫情形势严峻复杂全国人民勠力同心抗疫之时骗子们却以“疫”之名行骗这些关于疫情的诈骗套路你不能不知道快递“阳”了但让你贷款是怎么回事？诈骗分子伪冒“快递客服”给你打电话，谎称你的快递检测出了新冠阳性，已被销毁，但可以申请理赔。在你加了“客服”好友后，骗子向你发送虚假“官方网站”，并诱导你填写个人支付信息，盗走你的资金。防骗提醒：如接到快递丢失或损坏、商家自称产品有质量问题的理赔电话，请务必通过官方渠,https://www.163.com/dy/article/H52V9HG40534M306.html
禹州一女子被骗14万！这类诈骗称诈骗之王！请转发引以为戒！,北风几吹夏,"
2022-04-24 10:48:07",于是王某按照对方说的进行了操作，前几次确实和对方说的一样，但是王某继续进行操作的时候，发现自己无法提现了，询问对方，对方却先后以王某在操作过程中出现了错误、连环补单、保证单、取款单等理由让王某进行操作，王某没多想，按照对方说的一一进行了操作，结果王某操作完成后，发现还是无法提现，同时对方还是找各种理由让自己继续操作，王某感觉不对劲，怀疑自己被骗了，遂报警，共被14万元。那么刷单套路是什么诈骗步骤又,https://www.163.com/dy/article/H5NBSI7O0552IANJ.html
男子交友陷入裸聊诈骗陷阱 警方顺藤摸瓜揪出洗钱团伙,信息新报,"
2022-04-25 08:56:42",经过四个多月的努力，近期，南京六合警方成功捣毁了一个为境外诈骗集团非法洗钱的犯罪团伙。而这起案件的线索，还要从2021年12月中旬，南京市民李先生的一次报警说起。2021年12月17日一早，李先生报警称，自己被人威胁敲诈了一万元。事情的起因是李先生下载了某交友软件，随后有名女子添加他为好友，聊了不多久，就添加了李先生的QQ，随后就视频和李先生进行了裸聊。裸聊后，对方立马变了脸，以裸聊截图为由，让李,https://www.163.com/dy/article/H5PNTC6C0552ADWT.html
砀山：走村入户宣传预防养老诈骗违法犯罪,信息新报,"
2022-04-26 20:58:17",为扎实推进打击整治养老诈骗专项行动，预防或减少以养老为名侵害老年人合法权益的各类诈骗犯罪，切实守护好老百姓的“养老钱”。4月25日，砀山县公安局薛楼派出所民警进村入户开展预防养老诈骗宣传活动，揭露养老诈骗的常见手段，提醒农村留守老年人增强防骗意识。（张广星 记者 江新年）,https://www.163.com/dy/article/H5TJJC6H0552ADWT.html
诈骗又有新花样！看似购物平台 实则赌博网站,宾县公安,"
2022-04-26 13:48:22",“充值就可以参与竞猜，稳赚不赔！”“这局猜‘卧虎’，保证赢。”微信群里，此起彼伏的呼喊声下，“赌博大神”正在“指导”客户们定向下注，殊不知客户以为赢是凭运气，实则是更大的“陷阱”。2022年2月25日，江苏省江阴市人民检察院以诈骗罪对宋某兵、宋某阳等3名被告人提起公诉，其余8名犯罪嫌疑人目前仍在进一步审查起诉中。漫画：高岳检察官提醒，网络赌博是违法犯罪行为，相比传统赌博来说网络赌博隐蔽性更高、迷惑,https://www.163.com/dy/article/H5SR04S30534N6BQ.html
名为恋爱实为诈骗 网络交友需谨慎,正义网新闻,"
2022-04-26 17:11:22","正义网桂林4月26日电(通讯员林霞 全珮灵)男子玩游戏时邂逅“完美女友”,却掉入诈骗陷阱,网络交友需谨慎,避免冲动保持理智。4月21日,广西壮族自治区恭城县法院以诈骗罪一审判处梁某有期徒刑三年,并处罚金1万元.某天,何某在玩游戏时结识了同队的一名队友,两人相谈甚欢,游戏结束后便互相交换了联系方式。交流数日,何某得知对方名叫梁某,长相标致且事业有成,不仅经营着一家酒庄,名下还有一家地产公司,两人感情",https://www.163.com/dy/article/H5T6JS4U05346982.html
骗子无孔不入，你能识别出网络诈骗吗,四川本地,"
2022-04-26 11:42:16",近段时间以来，网络诈骗相关话题频频登上热搜，很多人都发现，这些受骗者往往都对骗子深信不疑，且并不是没有生活经验的未成年或者容易上当受骗的老人。前几日，有新闻报道称一女子把自己关在车里给骗子转账。而近日，据相关消息，陕西榆林，硕士小帅（化名）接到自称“京东客服”的电话，对方称其不及时注销京东金条会影响征信。小帅按照对方要求操作，下载App开启共享屏幕功能，随后对方以注销不良记录额度为由，引诱小帅贷款,https://www.163.com/dy/article/H5SJP7IV0552M4FF.html
在微信朋友圈发布虚假信息实施诈骗属电信网络诈骗,法律读库,"
2022-04-23 08:31:52",裁判要旨最高人民法院、最高人民检察院《关于办理诈骗刑事案件具体应用法律若干问题的解释》（以下简称《解释》）第2条关于“对不特定的多数人实施诈骗”的规定，不是对诈骗行为人虚假陈述时犯罪对象数量特定化与否的刚性限定。在微信朋友圈发布虚假信息实施诈骗，具备电信网络诈骗的行为特征，属于电信网络诈骗。案 情被告人吴某利用国家处在全力预防和控制新型冠状病毒感染月市炎疫情期间口罩等防控物资奇缺的特殊情境，在微信,https://www.163.com/dy/article/H5KHMFGP0521BN7Q.html
电诈骗局要当心 防骗要诀请牢记,江淮晨报,"
2022-04-25 06:48:27",混入幼儿园QQ群冒充老师，向家长“收取”服装费；PS虚假“不雅照”，以此要挟受害人支付钱财……近日，合肥市组织召开全市打击治理电信网络新型违法犯罪工作电视电话会议，通报了全市打击电信诈骗违法犯罪取得的成效以及几起典型案例。去年，全市破获电信网络诈骗现行案件1938起，较2020年同期上升了60.30%；打击处理电诈嫌疑人数较2020年同期上升18.56%，全市电诈警情同比下降5.4%。2022年一,https://www.163.com/dy/article/H5PGIH7I0550JTL4.html
这些都是诈骗！请速转父母,掌中孝感,"
2022-04-26 23:08:44",全国打击整治养老诈骗专项行动办公室在全国开展为期半年的打击整治养老诈骗专项行动养老诈骗常见套路都有哪些？一起来了解一下01提供虚假养老服务02投资虚假养老项目03销售虚假养老产品04虚假宣称以房养老05虚假代办养老保险06开展虚假养老帮扶再小也要当大事！提醒大家常回家看看讲讲防骗知识让不法分子“不敢骗、不能骗、骗不了”THE END,https://www.163.com/dy/article/H5TR284C0517RT6I.html
5名男子网上冒充美女诈骗！张店警方：抓！,大众日报,"
2022-04-26 17:01:25",4月20日，淄博张店一写字楼内，民警破门而入，只见十几平方米的空间内，摆放着十几套桌椅、电脑等办公设备，办公桌上杂乱无章地摆放着手机、无线网卡等物品，5名男子正坐在电脑面前忙碌地工作。谁能想到，这5名男子在网络上的身份竟是漂亮又温柔的“美女”。今年4月份，有群众报警称，在网上认识了一位“白富美”，加微信之后，这位“白富美”引诱其在“HSYK”投资平台进行投资后实施诈骗。接警后，淄博市公安局张店分局,https://www.163.com/dy/article/H5T61KLU0530WJTO.html
雅安公布打击整治养老诈骗线索举报方式！,雅安在线,"
2022-04-26 10:18:11",来源：雅安警方雅安市打击整治养老诈骗专项行动办公室关于公布打击整治养老诈骗专项行动线索举报方式的公告根据党中央决策部署，在全国开展为期半年打击整治养老诈骗专项行动。为依法严惩养老诈骗违法犯罪，着力整治规范以“养老”为名的涉诈问题隐患，坚决铲除养老诈骗违法犯罪滋生土壤，确保全市打击整治养老诈骗工作取得实效，现向社会公布举报方式。一、举报须知举报受理内容为涉及养老诈骗方面的线索。如举报其他方面的问题，,https://www.163.com/dy/article/H5SEVA6M0545GCF2.html
最高检部署推进打击整治养老诈骗专项行动,看西安,"
2022-04-26 20:07:19",近日，平安中国建设协调小组在全国部署开展打击整治养老诈骗专项行动后，最高人民检察院迅速作出部署，印发全国检察机关打击整治养老诈骗专项行动实施方案，要求各级检察机关全面贯彻习近平法治思想，以高度的政治自觉、法治自觉、检察自觉依法能动履职，积极推进打击整治养老诈骗专项行动。实施方案指出，要抓好宣传发动工作，畅通举报渠道，加强宣传教育。利用12309平台广泛接受群众举报线索，依法办理。发现应当立案而不立,https://www.163.com/dy/article/H5TGM1700525SRQD.html
【预警】谨防网上投资、赌博类诈骗！,娱乐防护栏,"
2022-04-26 09:44:10",如今大家生活好了手里都或多或少有点儿闲钱了就开始想着怎么能让钱生更多的钱这也使得各种投资市场都火爆异常毕竟谁也不想错过赚钱的机会也正因为如此最爱蹭热点的骗子们又暗戳戳上线了他们利用人们对赚钱的渴望打着网络投资的旗号实施诈骗不少人都着了他们的道儿不仅没赚到钱还被骗得倾家荡产来源：网络诈骗终结者,https://www.163.com/dy/article/H5SD0V5K0517NDRU.html
生活与法｜微信“亲属卡”成诈骗新工具,齐鲁壹点,"
2022-04-26 09:58:58",不少人将微信“亲属卡”赠送给父母、子女作消费使用。然而，这也让骗子有了可乘之机。近日，陕西西安的冯女士发现自己的微信登录异常，找同事帮忙验证重新登录进去后，却发现微信账号被人送出了4张“亲属卡”，导致微信钱包损失12000元。故事微信被盗后损失1.2万元“我很多朋友在延安，平时联系少，微信被盗后，有位朋友联系我说，他3月29日一大早就收到我发的微信，说是我家人生病住院了急需用钱，但我微信被限制提现,https://www.163.com/dy/article/H5SDS3JA0530WJIN.html
武宁县豫宁街道开展“防范电信诈骗”主题宣传,金台资讯,"
2022-04-26 18:04:32",编者按： 4月26日，武宁县豫宁街道白石岭社区组织居民开展“防范电信诈骗”主题宣传活动，进一步开展防范电信诈骗宣传活动，增强群众的防范意识。 活动现场，白石岭社区法律明白人、网格员通过派发反诈宣传单、咨询、答疑的方式，向居民介绍当前电信诈骗犯罪的常用手段和作案方式。新时代文明实践站志愿者认真为老年人普及防诈反诈常识，并教他们安装使用国家反诈中心APP，做到碰到诈骗时做到未知链接不点击、陌生来电不轻,https://www.163.com/dy/article/H5T9L6FR05346936.html
广西公布打击整治养老诈骗线索举报方式！,南宁警方,"
2022-04-26 13:24:15",为广泛接收群众举报线索，依法维护老年人合法权益，中央政法委在12337智能化举报平台开通“养老诈骗”举报通道，用户通过扫描二维码，即可登录12337智能化举报平台反映问题。举报人应本着实事求是的原则，如实反映问题。广西打击整治养老诈骗线索举报专用信箱：广西壮族自治区南宁市A058号邮政信箱自治区打击整治养老诈骗专项行动办公室2022年4月22日（来源：南天一剑）,https://www.163.com/dy/article/H5SPK05T05341C4X.html
沧州渤海新区：筑牢防范电信诈骗“防火墙”,举报,"
2022-04-26 17:28:03",近期，沧州渤海新区骅港海防派出所组织民警到社区、黄骅港码头，面对面向靠岸居民、船员宣传电信网络诈骗违法犯罪防范工作，引导帮助他们下载国家反诈中心App，详细讲解反诈防范措施。让群众认识到防范电信诈骗的重要性，筑牢防范电信诈骗的“防火墙”。(陈茵 傅新春)StartFragmentEndFragment,https://hebei.news.163.com/22/0426/17/H5T7ID4F0415987E.html
化州下郭、东山竟是网络诈骗高发地? 诈骗手段曝光！,化州社区,"
2022-04-18 10:53:30",茂名电信网络诈骗发案情况周报2021年4月4日至4月10日发案态势高发街镇高发手法本周，高发诈骗手法依次为：刷单返利类诈骗、冒充公检法类诈骗、冒充电商物流客服类诈骗、虚假贷款类诈骗、虚假购物服务类诈骗、虚假征信类诈骗、网络游戏装备类诈骗、杀猪盘类。典型案件案例一【冒充公检法类诈骗】2022年4月3日，滨海某事主报警，称其于2022年3月26日下午接到电话，对方自称是茂名市公安局民警，说事主的身份信,https://www.163.com/dy/article/H57TQ7FQ0537036W.html
杭州律师：区分一般诈骗与电信网络诈骗是重要辩护点, , , ,https://www.163.com/v/video/VI4TFKFHE.html
电信网络诈骗十大典型案例（10）︱“杀猪盘”诈骗案,常州市中级人民法院,"
2022-04-24 17:26:08",骗子自述我今年33岁，初中毕业，我在郑州找工作时，在网上看到一种利用虚假恋爱关系，以互赠、索要礼物为由，骗得对方财物的方法，我觉得这是个赚钱的路子，自己也动了这个念头。我在某广场用我老婆的身份开了家微店叫“鑫鑫优购”，招揽了部分员工，我对他们进行了培训。具体操作方法是员工自己申请多个微信号，在陌陌和微信上利用女性头像去搜索男性目标客户，地点没有限制，感觉聊到一块，形成了虚假恋爱关系，就开始互相发礼,https://www.163.com/dy/article/H5O2LEMJ0514C4R7.html
农贸集市上扫码送塑料凳？这是诈骗！济南警方抓获10余名“引流”诈骗嫌疑人,齐鲁网,"
2022-04-22 19:55:02",农村集市上扫码就送塑料凳2月27日恰逢济南市长清区孝里街道办事处农贸市集，蒋阿姨跟往常一样去赶集买菜，没被新鲜的蔬菜吸引，却为两个在集市上吆喝的青年停下了脚步，搭耳一听扫码入群有礼物、仔细一看礼品脸盆质量还不赖，蒋阿姨就主动将手机递给那个“嘴皮子溜圆”的小伙子，在他的一顿操作下，蒋阿姨就入了所谓的微信群，就在蒋阿姨兴高采烈地挑选自己中意的脸盆时，两个“推销的”青年竟将几条广告悄悄地转发到了蒋阿姨其,https://www.163.com/dy/article/H5J6CLP40514CFC7.html
工人派出所开展预防电信诈骗宣传活动,举报,"
2022-04-25 13:22:45",为切实做好防范电信诈骗工作，近日，平山公安分局工人派出所组织民警深入辖区广泛开展防范电信诈骗宣传活动，有效打击诈骗犯罪、维护群众利益、预防和减少电信诈骗案件的发生。活动中，工人派出所社区民警走上街头，通过发放防范电信诈骗宣传资料，现场面对面讲解的形式宣传电信诈骗惯用的手法、作案方式以及识别、防范的技巧。现场指导群众关注“国家反诈中心政务号”，下载“国家反诈APP”，提醒群众不要轻易透露个人信息、不,https://liaoning.news.163.com/22/0425/13/H5Q74HHU04229BRS.html
滁州琅琊警方破获一起诈骗案,信息新报,"
2022-04-25 13:29:35","2月10日,家住滁州琅琊区的居民左某某突然接到刚从监狱释放的朋友刘某电话，称和他一起在狱中服刑的左某某的男友梁某某在狱中情绪不佳，想要调换监区，希望家人能帮忙“活动活动”。左某某闻讯心急如焚，刘某随即声称自己与监狱里的狱警很熟,只要家属愿意花钱，就能帮忙办成此事。随后，刘某虚构请狱警吃饭、送礼等理由向左某某索款1万多元。左某某待到与狱中男友视频会见时才发现被骗，于是报警。3月中旬,经过缜密侦查，滁",https://www.163.com/dy/article/H5Q7H1SM0552ADWT.html
诈骗87万余元！警惕这个“黑盒子”……,天津滨海新区法院,"
2022-04-24 23:06:32",您好，我是XX工作人员，现需要您将学生账户升级为成人账户，否则将影响您的征信……你好，我是XX客服，你前期在某宝上购买的衣服，很多买家反映质量较差，我们可以给你做退款理赔……相信不少人曾经接到过这类诈骗电话让人奇怪的是接电话的时候明明显示是本地号码骗子却人在外地甚至境外那么问题来了Tips近日滨海新区法院案情简介 被告人曹某纠集被告人康某通过“蝙蝠”软件勾结实施电信网络诈骗的上线人员，二被告人为逃,https://www.163.com/dy/article/H5OM4OGU0514QH3C.html
刷单就是诈骗！,信息新报,"
2022-04-26 13:20:32", 近日，浦江县公安局白马派出所接到一位应届女大学生金女士的报警，称其在网上刷单，18个小时之内被骗了79100元。 原来，在此前，金女士受邀请进了一个红包群，群主在群内推荐了某款社交APP，称该软件是采用“公益助力”的模式帮明星投票，可以轻松得到高额的刷单返利。 紧接着，一位自称是“数据员”的群成员添加了金女士好友，并将其拉进了一个“GGG优质数据操作单”群，随后告知了金女士具体的刷单模式和刷单金,https://www.163.com/dy/article/H5SPD61T0552ADWT.html
大田又有人中招！刷单就是诈骗！,大田县人民检察院,"
2022-04-22 19:04:17",零成本、低门槛、高回报……想想真的是“一本万利”的买卖~本来只想兼职挣钱、轻松获利可结果自己失去了更多…… 视频来源：永安市委政法委、永安市公安局近期我市各地发生多起网络刷单诈骗案件请广大市民提高警惕不听 不信 不转帐大田县 2起三元区 1起沙县区 1起 泰宁县 1起宁化县 2起面对诈骗我们要练就一双慧眼识破诈骗套路护好自己的钱袋子下面这些反诈小知识请收藏！高发电信网络诈骗类型0102030405,https://www.163.com/dy/article/H5J3FNU90512E4U8.html
转让门店反被说诈骗？如何处理？, , , ,https://www.163.com/v/video/VU4SETGNR.html
【网警提醒】警惕! 涉疫诈骗新套路！,覃塘宣传,"
2022-04-23 20:48:42",疫情防控不松懈谨防涉疫诈骗新套路当前，疫情防控形势严峻，各省市都出台严防严控疫情的管理措施和规定，在大家积极响应政府”防疫“号召，支持和配合政府疫情防控工作时，一些不法诈骗分子也趁机利用广大市民疫情防控”心理“，套用一些所谓的“官方消息”实施各种套路的诈骗，各种电信网络诈骗层出不穷，让人防不胜防。近日，平南网警就收到了群众举报称遇到了新型的涉疫诈骗，希望发布出 来，让大家进一步提高警惕。小伙伴们快,https://www.163.com/dy/article/H5LRRKP30514W2B7.html
检察官@你，远离新型刷单返利类诈骗陷阱,锦江检察,"
2022-04-25 19:54:43",对你嘘寒问暖、甜言蜜语当你把Ta当“真爱”他又告诉你“刷单＋网络赌博”能轻松赚大钱你以为从此走向人生巅峰殊不知已掉进新型刷单返利类诈骗陷阱案情回顾2019年5月至9月，被告人王某某前往境外加入一家诈骗犯罪集团。该诈骗犯罪集团通过虚设的赌博网络平台，以公司化运营对国内不特定对象实施网络诈骗活动。来源：重庆市检察院微信公众号重庆市检察院第五分院微信公众号重庆市九龙坡区检察院微信公众号编辑：吴鹏瑶来源：,https://www.163.com/dy/article/H5QTI85E0514M975.html
如何防范这些诈骗行为？请转给身边的人，谨防被骗！,今点黄州,"
2022-04-25 17:53:00",近期有不法分子 冒充疫情防控人员身穿“大白”防护服以登门采集核酸为由实施诈骗。希望大家保持警惕谨防落入陷阱！疫情期间有不法分子冒充「权威部门机构」，将钓鱼短信包装成各类防疫提示。提醒：无论何种名义，最终皆为获利，守好银行卡密，可疑链接警惕！不法分子伪装成「疫苗接种普查调查员」或「回访员」，以社区工作人员的名义让市民添加微信好友，再将市民拉入微信群。然后，不法分子在群内发布刷单、赌博等违法违规信息，,https://www.163.com/dy/article/H5QMJBTQ0514TBAN.html
最早的电信诈骗, , , ,https://www.163.com/v/video/VM51BVKVS.html
借车抵押实为诈骗 双辽法院“云”法庭宣判一起诈骗案件,中国吉林网,"
2022-04-24 17:34:28",近日，双辽市人民法院通过远程提讯“云”庭审，公开宣判一起诈骗案件，以诈骗罪判处被告人辛某华有期徒刑三年六个月，并处罚金人民币四万元。公诉人、被告人律师现场就座，被告人在看守所通过远程视频系统开庭。经审理查明，2021年4月，被告人辛某华在欠有大量外债无法偿还的情况下，将自己在长春租赁公司租的一台2014款奥迪A6车抵押在刘某处，谎称该车系自己所有，向刘某抵押借款60000元，刘某实际交给辛某华57,https://www.163.com/dy/article/H5O34MUC05149AGP.html
反电信网络诈骗丨远离“刷单”诈骗,遵义交旅投,"
2022-04-14 17:39:19",遵义公安反诈防范宣传（2022）第2期电信诈骗之王——刷单诈骗刷单诈骗为什么被称为诈骗之王？因为它：发案最高！金额最大！形式多变！2022年1月1日以来，遵义市电信网络诈骗案件分布如下：那么，到底什么是刷单诈骗？刷单诈骗全称为刷单返利类诈骗，指犯罪嫌疑人通过QQ、微信、陌陌、短信、抖音、快手、网页、招聘平台等各类社交软件、移动互联网渠道发布刷单返利兼职广告，以“高佣金”回报为诱饵，诱导受害人下载或,https://www.163.com/dy/article/H4UBED96053873E7.html
【警惕】APP诈骗已成主要手段！国家网信办曝光6个电信网络诈骗典型案例！,汕头吃喝玩乐,"
2022-04-25 16:02:16",为贯彻落实习近平总书记关于打击治理电信网络诈骗犯罪工作的重要指示精神，切实保障人民群众财产安全，国家网信办会同公安部等有关部门，深入整治电信网络新型违法犯罪，建设国家涉诈黑样本库，建立互联网预警劝阻平台，精准提示潜在受害人，维护人民群众切身利益。今年以来，国家网信办反诈中心排查打击涉诈网址87.8万个、APP7.3万个、跨境电话7.5万个，并纳入国家涉诈黑样本库。目前，国家涉诈黑样本库已涵盖并处置,https://www.163.com/dy/article/H5QG8K1M0538B61U.html
警惕！诈骗黑手盯上网课小学生, , , ,https://www.163.com/v/video/VP4QE4GJA.html
四名男子伪装“援交女”诈骗, , , ,https://www.163.com/v/video/VS524B0T5.html
公安部部署开展打击整治养老诈骗专项行动,平安长寿,"
2022-04-23 01:22:05",全国公安机关打击整治养老诈骗专项行动部署会19日召开，部署各级公安机关依法严厉打击整治养老诈骗违法犯罪，切实维护老年人合法权益，以实际行动迎接党的二十大胜利召开。公安部要求，要以打开路、多措并举，迅速掀起打击整治工作高潮。要强化线索摸排，广泛发动群众，强化部门协同，及时发现核查处置养老诈骗违法犯罪线索。要以提供“养老服务”、投资“养老项目”、销售“养老产品”、宣称“以房养老”、代办“养老保险”、开,https://www.163.com/dy/article/H5JP3H280514RQN3.html
还被骗？ 真实案例！反诈骗中心教你如何防范网络诈骗！,微甘孜,"
2022-04-16 09:12:40",会议充分肯定了2021年全州打击治理电信网络诈骗新型违法犯罪工作取得的成效。●三是宣传防范全面延伸。联席办各成员单位积极开展防范电信网络诈骗宣传工作，全力营造“全民反诈”氛围，防范触角向全州域延伸，切实提升了群众防骗意识。会议强调，打击治理电信网络诈骗犯罪事关人民切身利益，事关社会大局稳定，事关经济金融安全，各县（市）、各部门要准确把握当前电信网络诈骗违法犯罪新形势、新变化，牢固树立以人民为中心的,https://www.163.com/dy/article/H52J84VD0514CC6P.html
女警察卧底电信诈骗窝点 ，身份险些遭到暴露, , , ,https://www.163.com/v/video/VO5180U5C.html
伪造存折吓坏市民 警方慧眼识破电诈骗局,襄阳汉江网,"
2022-04-25 15:23:36",不法分子为了成功实施电信诈骗犯罪能够做到什么程度？4月24日，记者在民警搜集的证据中，看到了以假乱真的伪造存折。这张存折中，除了开户时存入的100元外，其他进出流水最小金额都是10万元，最大金额单笔高达百万元，而且盖有红色印章，乍一看，完全分不出真假。也就是这样一张大额流水频繁的存折，差点骗了市民宋女士。4月21日下午，宋女士接到一名自称广州市人民检察院“检察官”的电话，对方说宋女士名下银行账户涉,https://www.163.com/dy/article/H5QE1P8G0514D58E.html
悬！女子被诈骗将自己锁在车里转账, , , ,https://www.163.com/v/video/VZ4UQB9QB.html
破除电信诈骗，得从清除“内鬼”开始,红网,"
2022-04-23 16:20:23",□沈宏胜公民个人信息是犯罪分子实施电信网络诈骗犯罪的“基础物料”，被泄露并被不法分子获取，后果不堪设想。一旦有行业“内鬼”非法获取个人信息并将其用于电诈，危害尤为严重。最高人民检察院21日公布的一起典型案例，揭露了“内鬼”的行为。（4月21日新华社）俗话说得好，“一粒老鼠屎打坏一锅汤”。本来是网络诈骗，却让电信背上了“电信诈骗”的包袱，不过，如果不是“内鬼”作祟，公民个人信息怎么能上了网，继而被骗,https://www.163.com/dy/article/H5LCGBNN0514EV7Q.html
反电诈 · 打击整治养老诈骗专项行动 | @所有老年人 这一份防诈骗指南请收好！,岢岚县妇联,"
2022-04-24 16:38:18",诈骗套路层出不穷而老年人的防范意识薄弱常常成为诈骗分子的“下手对象”作为老年人应当如何防诈骗呢？这一份防诈骗指南请收好！保健品诈骗老年人十分注重养生，诈骗分子借此诱惑老年人高价购买毫无用处的保健品，某些受疾病困扰的老年人会相信诈骗分子所说的各种“神奇”的偏方疗法。诈骗分子打着免费送鸡蛋、水果、小家电的幌子，租用专门场地向老年人宣传“保健产品”、“治疗药品”，夸大产品功效诱惑老年人，从而实施诈骗。防,https://www.163.com/dy/article/H5NVTS4J05346TWM.html
冒充“公检法”诈骗，损失3.18万元。,三江生活,"
2022-04-24 17:37:03",邮箱：3187130382@qq.com。三江县公安局每日电诈警情预警来源：办公室、刑侦大队、三江警方编辑：三江生活 天线宝宝邮箱：3187130382@qq.com三江生活是致力于打造精致、有特色、有内涵、充满正能量的侗乡新生活圈，三江旅游攻略、侗族文化传播、生活资讯、美图、美文、视频、多方位全天陪伴您的生活。,https://www.163.com/dy/article/H5O39F9N054533Q1.html
远离新型刷单返利类诈骗陷阱,法治安顺直通车,"
2022-04-25 16:37:52",有没有人突然在网络上对你嘘寒问暖、甜言蜜语当你把Ta当“真爱”他又告诉你“刷单＋网络赌博”能轻松赚大钱你以为从此走向人生巅峰殊不知已掉进新型刷单返利类诈骗陷阱案情回顾2019年5月至9月，被告人王某某前往境外加入一家诈骗犯罪集团。该诈骗犯罪集团通过虚设的赌博网络平台，以公司化运营对国内不特定对象实施网络诈骗活动。此期间，王某某通过虚假身份在网络上不断地寻找国内的“猎物”，最终获取了被害人叶某信任并,https://www.163.com/dy/article/H5QI9KR90514WPHJ.html
当反诈民警接完诈骗电话，骗子：求你删了我, , , ,https://www.163.com/v/video/VK518LNPG.html
高智商诈骗团伙，王上都是他们的诈骗对象, , , ,https://www.163.com/v/video/VD4NSVVMV.html
哈市南岗警方打掉一电信诈骗团伙,食品安全与法律网,"
2022-04-22 16:05:14",食品安全与法律网讯（通讯员 朱善永 李嘉男）“不好意思，我是警察！”4月5日中午，正在实施电信诈骗的段某等人还没来得及听到这句经典台词，就被乔装刷单人员的民警按到在地，带上了冰凉的手铐，他们万万没有想到，自己费了万千心机，本以为百密无疏，到底还是逃不过法律的制裁。日前，哈尔滨市南岗公安分局哈南派出所接到上级推送线索，旋即顺藤摸瓜，抓获了涉嫌帮助网络信息犯罪的嫌疑人金某，在对金某的审讯中，主办案件的,https://www.163.com/dy/article/H5IP7RST0534B74O.html
【半佛】掏钱洗白征信？反被诈骗蹂躏！, , , ,https://www.163.com/v/video/VY4VPCJ4S.html
全国重拳打击养老非法集资诈骗,中国消费者报,"
2022-04-25 14:28:07",记者了解到，在处置非法集资部际联席会议召开之前，我国成立了全国打击整治养老诈骗专项行动办公室，并召开了全国打击整治养老诈骗专项行动部署会。据悉，本次专项行动将坚持宣传教育、依法打击、整治规范“三箭齐发”，依法严惩养老诈骗违法犯罪，延伸治理侵害老年人合法权益的涉诈乱象问题，为广大老年人安享幸福晚年营造良好社会环境。专项行动要求，尽快打掉一批养老诈骗犯罪团伙，严惩一批违法犯罪分子，集中解决一批群众反映,https://www.163.com/dy/article/H5QAS6NQ0512AKQV.html
剑指养老诈骗！两高一部又有大动作,天津津南法院,"
2022-04-25 21:40:05",来源：中央政法委长安剑 转自：中国法院网 特别提示：凡本号注明“来源”或“转自”的作品均转载自媒体，版权归原作者及原出处所有。所分享内容为作者个人观点，仅供读者学习参考，不代表本号观点。如有异议，请联系删除。针对中老年人遭遇养老诈骗违法犯罪问题，为切实维护老年人合法权益，由中央政法委等12个单位组成全国打击整治养老诈骗专项行动办公室，建立协调机制，在全国开展为期半年的打击整治养老诈骗专项行动。日前,https://www.163.com/dy/article/H5R3J5NF0514QH2U.html
陇西安排部署打击整治养老诈骗专项行动,信息新报,"
2022-04-25 12:02:25",4月21日，陇西县召开专题会议，安排部署陇西县打击整治养老诈骗专项行动。县委常委、政法委书记张军平主持会议并讲话。副县长王荣出席会议并解读了《陇西县打击整治养老诈骗专项行动实施方案》。张军平要求，各级各部门要切实靠实工作责任，把握时间节点，加强督导推动，聚焦宣传发动，坚持线上线下组合发力，增强群众识骗防骗意识，引导群众合理合法维权，打造共防共治格局。要聚焦依法从严，加快线索办理进度，提高线索核查质,https://www.163.com/dy/article/H5Q2HEIV0552ADWT.html
老年人注意：谨防养老诈骗, , , ,https://www.163.com/v/video/VC4TAR2NF.html
广州疾控：这种短信，真不是诈骗短信,南方Plus,"
2022-04-21 23:24:35",近期，部分广州的市民朋友收到了这样的短信：据记者了解，为了让大家更清楚地了解情况，下一次疾控部门在发放该类调查问卷时，将在广州疾控的微信公众号“广州疾控i健康”进行同步公告。【记者】陈伊纯【通讯员】穗疾控【作者】 陈伊纯广东健康头条,https://www.163.com/dy/article/H5GVVKLE055004XG.html
河池公布打击整治养老诈骗线索举报方式！,河池警事,"
2022-04-25 18:42:29",为广泛接收群众举报线索，依法维护老年人合法权益，中央政法委在12337智能化举报平台开通“养老诈骗”举报通道，用户通过扫描二维码，即可登录12337智能化举报平台反映问题。举报人应本着实事求是的原则，如实反映问题。01广西打击整治养老诈骗线索举报专用信箱：广西壮族自治区南宁市A058号邮政信箱02河池市打击整治养老诈骗线索举报专用电话：077896110河池市打击整治养老诈骗专项行动办公室2022,https://www.163.com/dy/article/H5QPE07E0514T107.html
诈骗犯罪辩护律师刘高锋：诈骗犯罪中的涉案财物的处理,北京刑事律师刘高锋,"
2022-04-23 16:03:41",诈骗犯罪辩护律师刘高锋：诈骗犯罪中的涉案财物的处理一、电信诈骗与普通诈骗之别随着电信网络技术的发展，电信诈骗的数量较之以往陡增，具有犯罪手段隐蔽、涉案地域广（含跨境）、犯罪人员数量庞大以及涉案金额特别巨大等特点。所以，两高一部就办理电信网络诈骗刑事案件做了详尽的规定。电信诈骗指的是利用通讯工具、互联网等技术手段实施的诈骗行为。其与普通诈骗的区别在于是否利用了通讯工具和互联网等技术。当今社会，目之所,https://www.163.com/dy/article/H5LBHM0R0539MSD3.html
“爱国”居然被骗子用来诈骗，北京警方紧急拦截70万元诈骗案, , , ,https://www.163.com/v/video/VZ51ENOIQ.html
当反诈警察接到诈骗电话，不料骗子直接跪地求饶，网友：诈骗团怎么敢跟警察通话, , , ,https://www.163.com/v/video/VQ4VVF2BH.html
你还不知道这种短信是诈骗短信？, , , ,https://www.163.com/v/video/VZ4PIN3QT.html
宝鸡丨全市打击整治养老诈骗专项行动全面启动,宝鸡生活向导,"
2022-04-25 20:41:49",来源/广播宝鸡，记者/方菁，编辑/吴佳霓4月25日上午，全市打击整治养老诈骗专项行动动员部署会召开。会议认真贯彻落实全国、全省专项行动部署会精神，对全市开展打击整治养老诈骗专项行动进行动员部署。市委常委、政法委书记赵甲宏参加并讲话，副市长、市公安局局长贺东主持。会议强调，各县区各有关部门要充分认清开展专项行动的重大意义，切实增强政治自觉，坚持宣传教育、依法打击、整治规范“三箭齐发”，依法严惩养老诈,https://www.163.com/dy/article/H5R08FT30545FXFV.html
一诈骗团伙利用小米换新政策诈骗：骗取全新手机300余部，涉案金额超百万元,三言财经,"
2022-04-25 15:30:05",经查，犯罪嫌疑人雷某超（男，27 岁）通过大量购进二手小米品牌手机，由折某飞（男，34 岁）人为破坏后，再利用该公司换新政策，通过售后工作人员梁某光（男，29 岁）、马某（男，26 岁）、赵某（男，37 岁）从该公司正定仓储骗取全新手机 300 余部，涉案金额 100 余万元。目前，该 5 名犯罪嫌疑人因涉嫌诈骗罪被公安机关依法刑事拘留，案件正进一步办理中。,https://www.163.com/dy/article/H5QEDLPA0519U3I5.html
收钱拉黑多次诈骗 两名“跑腿小哥”落网, , , ,https://www.163.com/v/video/VY4TE11A7.html
虚假投资理财诈骗揭秘, , , ,https://www.163.com/v/video/VV4T96BU0.html
苏州警方破获“冒充女友”实施诈骗的犯罪团伙, , , ,https://www.163.com/v/video/VS50JB9B7.html
女子险遭诈骗，警员及时赶到夺下手机, , , ,https://www.163.com/v/video/VP51PFIG7.html
法治天下：诈骗案件：已婚父亲满口谎言，诈骗3名女子钱财, , , ,https://www.163.com/v/video/VG4CLQSAT.html
陈根：诈骗升级，电话那头是AI,陈述根本,"
2022-04-23 09:50:16",文/陈根当前，以AI、大数据、云计算等系列能力驱动智能客服系统，已广泛应用在多个领域，懂人们心意的AI智能客服正在快速成为客服行业的主角。近日，央视就曝光了一起为境外诈骗组织引流的团伙犯罪，犯罪分子一共利用机器人自动打出1700万通骚扰电话，最终筛选出80多万有效“客户”，共获得近1.8亿元的“拉人头”佣金。受害人通过加“工作人员”的企业微信再进群之后发现，推荐的股票确实都涨得很好，她称“还专门去,https://www.163.com/dy/article/H5KM60KA05118AK0.html
重庆沙坪坝，#诈骗电话打到民警手机上，民警一番关怀让骗子破防#电话诈骗, , , ,https://www.163.com/v/video/VQ51JSF1J.html
虚假购物诈骗手法揭秘, , , ,https://www.163.com/v/video/VV4VROCKT.html
超级金矿诈骗案，成功诈骗30亿美元，骗了全世界3年竟没人发现,体育快报,"
2022-04-27 02:59:36",说起诈骗，可以说各路骗子尽显才华，各种诈骗手段层出不穷，颠覆人们的想象。今天要介绍的这起诈骗案，其手段相比各类诈骗大师可谓有过之而无不及，因为它不仅骗过了无数普通人，还骗过了某国政府。它就是发生在1990年代的世界最大金矿诈骗案——Bre-X超级金矿诈骗案。这起世界最大金矿诈骗案是由三个人发起的，他们分别是加拿大老板沃什、地质学家菲尔德霍夫以及菲律宾地质学家古兹曼。这三人是如何策划出这起惊天金矿诈,https://www.163.com/dy/article/H5U88S6H0517B4MF.html
每年诈骗上百亿，印度诈骗团伙为何专骗美国人？, , , ,https://www.163.com/v/video/VQ4BDA2F7.html
武汉同济医院诈骗国家医保，该当何罪？,队长手记,"
2022-04-21 14:51:28",学历越高，能力越大，心肠坏了，危害越重！这可是同济医院啊，中国一流的学术医院啊。在舆论界一直流传着，北协和、南湘雅、东齐鲁、西华西、中同济，并列中国五大医院。对医学生而言，进入这五大医院工作，堪比祖坟冒青烟。同济医院隶属于华中科技大学同济医学院，是中部地区最牛逼的医院，位列中部第一。同济医院技术高超，盛名在外。同济医院不仅承担着看病救人的基本医疗服务责任，还是医学硕士、医学博士的集中培养训练基地，,https://www.163.com/dy/article/H5G2K1OE0552RMWA.html
剑指诈骗  公安部开展打击整治“养老诈骗”专项行动, , , ,https://www.163.com/v/video/VU4NMDFCV.html
贷款诈骗罪与非罪的界定,苏建友律师,"
2022-04-25 17:11:11",《刑法》第一百九十三条规定，有下列情形之一，以非法占有为目的，诈骗银行或者其他金融机构的贷款，数额较大的，处五年以下有期徒刑或者拘役，并处二万元以上二十万元以下罚金；数额巨大或者有其他严重情节的，处五年以上十年以下有期徒刑，并处五万元以上五十万元以下罚金；数额特别巨大或者有其他特别严重情节的，处十年以上有期徒刑或者无期徒刑，并处五万元以上五十万元以下罚金或者没收财产：（一）编造引进资金、项目等虚假,https://www.163.com/dy/article/H5QK5Q0K05535IUH.html
「打击整治养老诈骗」怀化市打击整治养老诈骗专项行动办公室第一次主任会议召开,又耳人青,"
2022-04-26 00:56:37",为推动打击整治养老诈骗专项行动有序开展，4月25日上午，怀化市打击整治养老诈骗专项行动办公室第一次主任会议召开，市委政法委常务副书记、市专项办主任李金海主持会议。会议宣读了《怀化市打击整治养老诈骗专项行动办公室各工作组组长、副组长名单》，研究讨论了《怀化市打击整治养老诈骗专项行动领导小组工作规则》。会上，各工作组、成员单位汇报了工作开展情况，并对下阶段工作进行了安排部署。会议指出，打击整治养老诈骗,https://www.163.com/dy/article/H5REQVKF0552E6JA.html
民警接到诈骗电话，一番关怀让骗子破防…, , , ,https://www.163.com/v/video/VK4V3OTPU.html
一女子遭遇冒充“公检法”诈骗，幸好......,西充公安,"
2022-04-24 16:56:54",“我是XX公安局民警”“你涉嫌违法犯罪，现在要求你配合调查”“请你不要挂电话，不要告诉任何人……”当你接到这种开场白电话时因为你已被诈骗分子盯上了西充县的邢女士就遭遇了冒充“公检法”电信诈骗好在民警及时出现好在她临危不乱事情经过4月22日下午，县局多扶派出所民警接到省厅下达的电诈预警指令，称辖区邢女士正在遭遇电信网络诈骗，要求派出所立即开展劝阻工作。随即，民警用电话紧急联系邢女士，在得知其具体位置,https://www.163.com/dy/article/H5O0VTVB0514CQ7M.html
爆笑电信诈骗，炸雷把自己炸没了, , , ,https://www.163.com/v/video/VY4N672UE.html
17岁帅哥靠诈骗拥有“钞能力”，坐拥豪车美女，世纪最强诈骗犯！, , , ,https://www.163.com/v/video/VS4D35AKO.html
举报方式公布！事关养老诈骗！,淮北发布,"
2022-04-26 10:28:13",举报须知：一、举报受理内容为涉及养老诈骗方面的线索。如举报其他方面的问题，请直接向有关部门反映；二、举报人应当如实反映情况，对所举报内容的真实性负责。接受询问、配合调查时，应如实提供情况和证据。对于捏造事实、诬告陷害行为的，将依照有关规定严肃处理；三、提倡实名举报，请提供真实姓名、身份信息以及准确联系方式等内容，受理机关将严格依法为举报人保密；四、为保障举报人的合法权益，限制恶意重复举报和垃圾信息,https://www.163.com/dy/article/H5SFHLCF0514B91H.html
诈骗团伙上演购车贷款“大戏”,成都市温江区人民检察院,"
2022-04-24 11:32:48",一诈骗团伙为获取高额利益，设下“首付购车”骗局，利用他人身份以购买高档汽车办理分期贷款，在三个月内骗取三家4S店6辆豪车，随后将车辆开至异地，低价转卖给二手车行从中牟利，涉案金额200余万元。近日，经江苏省淮安市淮阴区检察院提起公诉，法院分别以贷款诈骗罪判处吴鹏、朱志强、鲁有才、李小武4名被告人有期徒刑五年十个月至一年六个月不等的刑罚，并处2万至8万元不等的罚金；明知车辆系骗取仍予以收购的洪建刚、,https://www.163.com/dy/article/H5NEEFBM05342JU3.html
当心：任天堂警告买家关于 Switch 诈骗者在线,名人科技说,"
2022-04-27 16:05:36",任天堂已就假冒网站向游戏玩家发出警告，这些网站据称以极低的折扣价销售Switch游戏机。该公司通过其日本网站（感谢Siliconera）发表了一份声明，称其中一个恶意网站尤其声称是官方零售商，使用该公司的名称和徽标，以转移“大幅打折”的热门商品，如Nintendo Switch OLED机型。“如果您在虚假网站上购买产品，您可能会因欺诈性获取个人信息而被骗，”声明中写道（自动翻译自日文原文。）“请,https://www.163.com/dy/article/H5VL84F50552EQQB.html
近期，不少市民收到这样的短信，注意了，诈骗！！！,宾县公安,"
2022-04-22 16:37:18",近日，有不少群众收到下面这样的短信：“【社会医疗】您的医疗卡封禁，请登录***（不明网址）补录资料后恢复正常”“【12333卫健委】您的医用保障服务被暂停，请某日前打开***（不明网址）补充信息后启用”“您的医保卡未完善信息，请打开***（不明网址）进行更新完善”“因升级电子版，您的医保卡信息尚未完善，请打开***（不明网址）指定网址办理”或其它类似短信。宾县公安局在此提醒市民，这是典型的假冒医疗,https://www.163.com/dy/article/H5IR2KQF0534N6BQ.html
电信网络诈骗套路多！这四个防诈骗小妙招请收好！,保山日报,"
2022-04-24 13:30:41",电信网络诈骗犯罪具有手段多样、组织性强涉案区域广泛等特点严重危害群众财产安全让我们一起看看这四个经典小案例学习防诈骗知识吧！1、保健养生需谨慎诈骗陷阱套路多看病和养生，是很多老年人关心的话题。许多不法分子打着看病诊治、保健养生的旗号，将目光对准了老年人的养老钱。近日，上海市的谢女士报警称，自己花24000元买的六盒保健药是过期的。据了解，谢女士看到一张广告卡片，称可以为70岁以上的老年人免费送多功,https://www.163.com/dy/article/H5NL67250514T96E.html
女子遇假公安电信诈骗，真民警火速寻人拦截, , , ,https://www.163.com/v/video/VP4PI28II.html
诈骗又有新花样！看似购物平台 实则赌博网站,环球Tech,"
2022-04-24 09:20:15",漫画：高岳2020年8月，江阴市民陈先生添加了名为“开心乐园”的微信账号，对方邀请其加入一投资项目，并天天发送投资收益图。心想对方是骗子，陈先生便不予理睬。2021年7月，“开心乐园”将陈先生拉进了一个投资微信群，看着群中时常出现的“赚钱成功”的聊天记录，陈先生渐渐心动。在私聊几个群友后，均被告知收益颇丰，打消心中疑虑的陈先生很快在群主的指导下，下载了某App并完成了注册。打开界面后，陈先生发现，,https://www.163.com/dy/article/H5N6RKSR0511DP7O.html
犯罪团伙收购廉价画品，专坑老人诈骗，一年诈骗七百多万丨庭审, , , ,https://www.163.com/v/video/VF489ANDP.html
民警抓捕诈骗嫌疑人, , , ,https://www.163.com/v/video/VR4NDHQQ9.html
守好“钱袋子”这类电信诈骗套路需留意,金融界,"
2022-04-23 14:33:21",来源：金融投资报近年来，全国电信网络诈骗案发率增长，不法分子利用各种诈骗伎俩侵害人民群众的财产权益。其中，冒充监管机构名义，以资金冻结等为由实施电信诈骗等手法值得警惕。2022年4月13日，平安银行成都双楠支行全员协作，帮助客户识别骗局，成功堵截一起电信诈骗案件，为客户避免经济损失人民币1万元。当日16时30分左右，李先生到平安银行双楠支行办理汇款业务，平安银行成都双楠支行大堂经理发现李先生神情紧,https://www.163.com/dy/article/H5L6CC560519QIKK.html
预警提示：疫情防控期间，谨防电信网络诈骗,合肥时刻,"
2022-04-24 17:23:42",冒充流调电话类：“流调”电话不会索要银行卡号、密码或验证码，不会以任何理由要求转账和资金核查。如无法分辨，可通过电话回拨方式核验真伪。冒充卫健委短信类：收到“您的医疗电子账户被封停”的虚假短信，请勿点击短信链接，防止进入诈骗网站。冒充快递客服类：接到“包裹经过疫情高风险地区沾染新冠病毒需要销毁，并予以赔偿”的电话，要通过正规平台咨询。网络贷款类：网络贷款放款前不会要求缴纳任何费用。网络兼职类：先垫,https://www.163.com/dy/article/H5O2H08H0517SUH1.html
小伙潜入诈骗组织内部，只因长的太帅，诈骗老大爱上了他，韩剧, , , ,https://www.163.com/v/video/VM403PUVQ.html
涉嫌电信诈骗！万宁警方抓获一名14岁的电信诈骗未成年人,国际旅游岛商报,"
2022-04-21 10:26:03",万宁市公安局反诈大队（筹备组）在接到上级有关指令后，围绕涉案手机线索开展缜密经营，在技网大队的大力配合下，反诈大队（筹备组）和技网大队民警择机收网，于2022年4月19日在万城镇南星村一民宅中将涉嫌电信诈骗“两卡”人员唐某成功抓获，当场收缴用于实施电信诈骗的手机等作案工具，成功追缴5000余元诈骗款。据悉，唐某今年14岁，因从小缺乏父母管教、经济拮据走上违法犯罪不归路。因唐某是未成年人，民警联系其,https://www.163.com/dy/article/H5FJE32Q0514TTOA.html
诈骗手法多，休想骗到我。, , , ,https://www.163.com/v/video/VF4GJ5GCF.html
淮安市部署打击整治养老诈骗专项行动,信息新报,"
2022-04-24 19:54:22",22日，全省打击整治养老诈骗专项行动部署会召开，市委常委、市委政法委书记周青，副市长、市公安局局长赵立宏等在淮安分会场收听收看。会后，淮安市召开续会，贯彻落实省会议精神，动员淮安市各级各有关部门迅速掀起打击整治养老诈骗的热潮，确保专项行动取得实效。周青指出，要认清重大意义，切实增强打击整治的政治自觉。淮安市上下要充分认识此次专项行动的重大意义，从提高政治站位、紧扣关键环节、加强组织保障三个方面充分,https://www.163.com/dy/article/H5OB4SHU0552ADWT.html
5名男子冒充美女诈骗！张店警方：抓！,淄博综合广播,"
2022-04-24 19:27:00",4月20日，淄博张店一写字楼内，民警破门而入，只见：十几平方米的空间内，摆放着十几套桌椅、电脑等办公设备，办公桌上杂乱无章地摆放着手机、无线网卡等物品，5名男子正坐在电脑面前忙碌地工作。谁能想到网络上这5名男子竟是漂亮又温柔的美女今年4月份，有群众报警称，在网上认识了一位“白富美”，加微信之后，这位“白富美”引诱其在“HSYK”投资平台进行投资后实施诈骗。接警后，淄博市公安局张店分局公园派出所会同,https://www.163.com/dy/article/H5O9IPCA05504H4I.html
公安部开展打击整治“养老诈骗”专项行动, , , ,https://www.163.com/v/video/VS4ONMBN7.html
提醒！借防疫之名 黄女士被诈骗十万多元！,邯郸之窗,"
2022-04-27 22:08:00",,https://www.163.com/dy/article/H609VO380534CIHJ.html
诈骗又有新花样：看似购物平台实则赌博网站,央广网,"
2022-04-24 18:17:56",“充值就可以参与竞猜，稳赚不赔！”“这局猜‘卧虎’，保证赢。”微信群里，此起彼伏的呼喊声下，“赌博大神”正在“指导”客户们定向下注，殊不知客户以为赢是凭运气，实则是更大的“陷阱”。2022年2月25日，江苏省江阴市人民检察院以诈骗罪对宋某兵、宋某阳等3名被告人提起公诉，其余8名犯罪嫌疑人目前仍在进一步审查起诉中。2020年8月，江阴市民陈先生添加了名为“开心乐园”的微信账号，对方邀请其加入一投资项,https://www.163.com/dy/article/H5O5K9A40514R9NP.html
打击整治养老诈骗！内蒙古开展专项行动,兴安女性,"
2022-04-24 17:40:06",为深入贯彻落实全国和全区打击整治养老诈骗专项行动部署会议精神，切实依法维护老年人合法权益，从4月中旬起到10月中旬，在全区范围内开展为期半年的打击整治养老诈骗专项行动，治理侵害老年人合法权益的涉诈乱象。为广泛接受群众举报线索，严厉打击假借养老之名实施诈骗的违法犯罪行为，自治区打击整治养老诈骗专项行动办公室现向社会公布举报方式。举报人应本着实事求是的原则，如实反映问题，对利用举报捏造事实、诬告陷害的,https://www.163.com/dy/article/H5O3F2DM0514S562.html
永州新田县开展打击整治养老诈骗专项行动,永州新闻网,"
2022-04-27 22:32:25",退款现场。钟伟锋摄“小便宜贪不得，差点吃了大亏。”4月26日，在湖南省永州市新田县打击整治养老诈骗专项行动退款现场，73岁老人张秋生庆幸损失挽回。6天前，家住新田县龙泉街道双胜社区的张秋生，听闻滨河路附近有家名为“沉香炙”的养生馆，可以免费做理疗，还送鸡蛋、牙刷之类的，他持半信半疑的态度前往光顾。“头天，听了堂养生课，他们免费发给我20个鸡蛋。”张秋生回忆，当天返回家后，“我将这等好事告诉了老婆，,https://www.163.com/dy/article/H60BCE0V0514D7B7.html
依法报送年报谨防电信诈骗, , , ,https://www.163.com/v/video/VH4B5LRTJ.html
防范养老诈骗，警惕这些骗局正在洗劫老年人！,河池警事,"
2022-04-22 19:02:02",保健品骗局诈骗分子打着免费赠送鸡蛋、水果、小家电的幌子，专门租用场地向老年人宣传公司的“保健产品”和“治疗药品”，夸大产品的功效诱惑老年人从而实施诈骗。警方提醒老年人十分注重健康养生，于是骗子借此诱导老年人花天价购买毫无作用的保健品或药品。同时，也有一些因疾病困扰的老年人会特别“迷信”各种“神奇”的疗法，以求保长寿体健。殊不知，这样正好进入了不法分子设计的圈套。因此，面对保健品诈骗时，我们不要相信,https://www.163.com/dy/article/H5J3BKHA0514T107.html
骗子冒充单亲妈妈诈骗千万, , , ,https://www.163.com/v/video/VL4F8AAOL.html
单身蜘蛛真网恋，奔现发现是诈骗, , , ,https://www.163.com/v/video/VM4AOSLO9.html
养老诈骗知多少？防骗指南请收好,永安市人民检察院,"
2022-04-22 16:16:46",“保健品”诈骗、“投资理财”诈骗，“低价旅游”诈骗、“杀猪盘”诈骗……这些主要针对老年人群体的诈骗手段，看似各不相同，套路却有迹可寻，跟随小编一起揭秘诈骗套路，做个智慧老人。“保健品”骗局“保键品”诈骗往往瞄准老年人渴望健康的心理，前期通过各种手段了解老人的需求和身体健康状况，通过赠送米、面、鸡蛋等小礼品，陪伴聊天解闷等方式取得老年人的信任后，开始推荐产品，打着祛病强身、偏方有奇效等幌子夸大“保健,https://www.163.com/dy/article/H5IPT0QL0514E2SO.html
疫情年，警惕国外社交平台诈骗，莫随意翻墙,大油条先生,"
2022-04-23 03:44:38",前两期，我们重点给大家分享了年轻人在各类新型社交平台下的工作和情感状态。今天为最后一期，我们结合技术小组实际跟踪情况，来给大家讲解国外的社交平台上的诈骗套路。希望能给大家一个警惕。疫情年，很多区域都有过封控时段，很多人员群体也有被室内居家隔离的经历，再加上国外俄乌战争火热，很多人按奈不住好奇之心，尝试通过翻墙的形式了解国外的资讯。于是，诈骗风险也跟着开始。近年来，随着各级监管机构对电信诈骗的重视和,https://www.163.com/dy/article/H5K18FMN05421P5K.html
盘点那些智商感人的诈骗犯，诈骗电话全程录音，骗人不成反被坑惨, , , ,https://www.163.com/v/video/VP4K919GM.html
欠钱不还可能构成诈骗 什么情况下欠钱属于诈骗, , , ,https://www.163.com/v/video/VB4CQM918.html
着急的声音，只为人民群众不被诈骗, , , ,https://www.163.com/v/video/VB4KL2I5G.html
新型诈骗侵犯你？广东已成立“专业打猫队”！,南方Plus,"
2022-04-27 19:10:46",当前，电信网络诈骗案件日益呈现出团伙化、专业化、高科技化的特点，诈骗分子采用了人机分离、机卡分离、网络改号、移动作案、跨境作案等新型作案手段，南方+记者从广东省通信管理局获悉，针对此新变化，省通信管理局指导基础电信企业成立“专业打猫队”（“打猫”行动是指针对利用GOIP“一种虚拟拨号设备”、多卡宝等猫池设备进行电信网络违法犯罪的一系列专项治理工作和打击行动，以保障人民财产安全。），深入研究部署监测,https://www.163.com/dy/article/H5VVR6U7055004XG.html
安徽和县：揭露养老诈骗“套路”,信息新报,"
2022-04-22 10:45:14",4月21日，安徽省马鞍山市和县公安局民警正在向老年群众宣讲养老诈骗“套路”，帮助老年人提高法治意识和识骗防骗能力。近日，安徽省公安机关部署打击整治养老诈骗专项行动，重点惩处以养老为名侵害老年人合法权益的各类诈骗犯罪，切实维护好老年人合法权益。（秦祖泉）,https://www.163.com/dy/article/H5I6TV9K0552ADWT.html
【法关注】@金山人，这份《防范电信网络诈骗宣传手册》请查收......这48种常见电信网络诈骗方法，你信了吗？,上海市金山区司法局,"
2022-04-21 14:49:05",《防范电信网络诈骗宣传手册》“三不一多”原则电信网络诈骗手法千变万化，但万变不离其宗，记住“三不一多”原则：未知链接不点击陌生来电不轻信个人信息不透露转账汇款多核实宣传千万次，从不认真看。骗后急报警，天天催破案。骗子在境外，警察侦办难。破案要条件，防范是关键。源头被阻断，哪里有发案？信息多转发，人人来宣传。伎俩多知晓，防患于未然！最后，小编再次提醒大家接到陌生电话或短信要求转款一定谨慎对待，多方核,https://www.163.com/dy/article/H5G2FOE10534128P.html
民警抓捕诈骗嫌疑人, , , ,https://www.163.com/v/video/VY4HR1KQM.html
预警！冒充快递类诈骗卷土重来,汉新闻,"
2022-04-21 11:36:58",之前有冒充快递客服实施诈骗，如今又有冒充快递员实施诈骗。骗子们的诈骗手段可谓是花样百出，丝毫不给我们喘息的机会。最近这种新型快递类诈骗，来势凶猛。面对日益嚣张的诈骗分子，我们为大家送上一份防骗指南，及时帮助大家应对此类新型诈骗手段，提高警惕、加强防范，维护好广大群众的财产安全。1、诈骗分子谎称“快递检出新冠阳性需销毁赔付”实施诈骗某地，吴先生接到自称某快递公司的电话，说他的快递在运输过程中被检出新,https://www.163.com/dy/article/H5FNFTS90530Q6HV.html
冒充公检法诈骗手法揭秘, , , ,https://www.163.com/v/video/VV4QM73C8.html
7人被抓！榆林严打诈骗犯罪,榆林最新信息,"
2022-04-23 13:22:34", 免费 公众号『榆林最新信息』发布查询近年来，公安榆阳分局针对传统诈骗犯罪，以对人民群众高度负责的使命担当，集中力量展开破案攻坚和追赃挽损，刑警大队按照“雷霆2022”专项行动的部署要求，以创建“藏蓝服务、情暖刑警”一流品牌为目标，以打击整治的实际成效不断提升人民群众的幸福感、获得感和安全感。典型案例01案例1月11日，刑警大队抓获涉嫌诈骗犯罪嫌疑人王某。经查，2019年以来，王某谎称本人及亲戚有,https://www.163.com/dy/article/H5L2AONM0538N2MQ.html
这真不是诈骗短信！广州疾控最新提醒,番禺台,"
2022-04-22 22:41:37",广州疾控提醒：这种短信还真不是诈骗短信之前一些市民朋友收到这样的短信相信有相当一部分的市民心里会咯噔一下这又来诈骗短信？！据广州疾控部门消息这并非诈骗短信据了解，这是为了尽快在短时间内告知相关重点人群并进行调查，尽快对相关人群进行健康管理。这也是流调人员为尽快获取流调信息采用的方法之一。之后，流调人员会根据工作的需要，安排继续使用这种方式提速流调工作。所以如果您收到这样的短信请点开链接进行填写大家,https://www.163.com/dy/article/H5JFTMQK0530RJ4L.html
严厉打击整治“养老诈骗”，请扫码举报！,掌中鞍山,"
2022-04-20 19:44:12",为广泛接收群众举报线索，严厉打击假借养老之名实施诈骗、骗取公私财物的违法犯罪行为，依法维护老年人合法权益，中央政法委在12337智能化举报平台开通“养老诈骗”举报通道，用户通过扫描二维码即可登录12337智能化举报平台反映问题。举报人应本着实事求是的原则，如实反映问题。利用举报捏造事实、诬告陷害的，将承担相应的法律责任。（来源：鞍山全媒）图文编辑：高 超 张文一 兰 多交流邮箱：astdkb@16,https://www.163.com/dy/article/H5E0VCNP0524RTOS.html
警花小姐姐“硬核”喊话 带你远离电信诈骗, , , ,https://www.163.com/v/video/VV50J82ME.html
注意！电信诈骗类型已超50种 这种诈骗方式占六成,环球网资讯,"
2022-04-14 13:19:42",中新财经4月14日电 (吴涛 邵婉云)“电信诈骗类型现在已经超过50种”“一年破获电信网络诈骗案件39.4万起，抓获犯罪嫌疑人63.4万名”“清理高危电话卡7769万张”。14日，在国新办举行的新闻发布会上，公安部等部门公布了打击治理电信网络诈骗犯罪工作进展情况。电信网络诈骗立案数连续9个月同比下降电信网络诈骗犯罪近年来持续上升的势头得到有效遏制，去年6月至今实现立案数连续9个月同比下降。公安部会,https://www.163.com/dy/article/H4TSJ1HS0514R9OJ.html
净网2022诈骗达到多少金额可以定罪？, , , ,https://www.163.com/v/video/VW4IKHGOL.html
巨额来电：电话诈骗，假装是警察，让你转账, , , ,https://www.163.com/v/video/VN4K8S9MI.html
盘点搞笑诈骗电话冥场面：三岁宝宝接到诈骗电话，骗子内心崩溃了, , , ,https://www.163.com/v/video/VS438AODO.html
转扩！养老诈骗常见套路都有哪些？快让父母看看,绝对现场,"
2022-04-27 20:14:47",或许因为工作忙、疫情等原因我们少有时间陪伴在老人身边想一想你有多久没有好好与他们沟通了？他们也需要关怀就像你小时候一样因为缺乏陪伴关爱许多老年人很容易上当受骗下图是涉及养老诈骗的常用套路快快转发父母看看！许多老年人过着“出门一把锁，进门一盏灯”的寂寞生活他们充满了对亲情的渴望然而“雪中送炭”的不是子女却是诈骗分子这让他们的防线被轻易攻破请多关爱他们常回家看看哪怕是说说家常讲讲防骗知识来源：大庆政法,https://www.163.com/dy/article/H603GEMH0530J7VL.html
以为警察上门抓自己受诈骗女子当场崩溃, , , ,https://www.163.com/v/video/VY4IC0EAK.html
【防范电信诈骗】“关爱老人，预防诈骗” 一组漫画送给你！,黑河文旅,"
2022-04-27 21:35:53",经典案例分享来源：黑河市打击整治养老诈骗专项行动综合组一审：沈莹莹二审：白 云,https://www.163.com/dy/article/H6084U4O0514OPGR.html
冒充“军人”订餐诈骗 云南民警及时劝阻止损,云南网,"
2022-04-22 22:32:13",民警帮助黄女士安装“国家反诈中心App”。供图云南网讯（记者 谢进 通讯员 牛毓菁 严自高）如果有人自称“军人”找你订餐，你会不会觉得天降“大生意”？千万当心！有可能你已经落入骗子的圈套。近日，勐海县勐满镇的黄女士遭遇冒充“军人”订餐，勐满边境派出所民警及时劝阻止损，成功阻止一起电信诈骗案，保障了人民群众的财产安全。据了解，自营餐馆生意的黄女士于近日接到一个自称是“部队领导”的陌生电话，称其部队进,https://www.163.com/dy/article/H5JFCG200514R9NO.html
防范养老诈骗，守护老年人钱袋子,信息新报,"
2022-04-27 16:54:36", 近日，西固区临洮街街道清水街社区在做好疫情防控的同时，积极开展“防疫+养老反诈”宣传活动，实现了疫情防控与反养老诈骗宣传齐步走、同推进，推动养老反诈工作向纵深落实，增强辖区居民防范养老诈骗“免疫力”。 社区利用悬挂横幅、线上问卷调查、短视频等宣传方式，通过线上短视频方式讲解非法集资的特征、表现形式和常见手段，使老年人及其家人有效识别养老服务领域非法集资诈骗行为，增强老年人防范意识。 今后社区将建,https://www.163.com/dy/article/H5VO255T0552ADWT.html
 太可恶！这些诈骗，专挑老年人下手,举报,"
2022-04-22 21:49:07",编者按StartFragment来源：最高人民检察院编辑：姚春燕EndFragment,https://shanxi.news.163.com/22/0422/21/H5JCTI12041999R7.html
公安部 开展打击整治“养老诈骗”专项行动, , , ,https://www.163.com/v/video/VY4KJGK5B.html
反诈警官老陈辟谣“后悔辞职”！晒聊天记录，自言要到中宣部举报,裕丰娱间说,"
2022-04-24 01:53:25",反诈警官老陈爆红之后，就引来了很多网友的质疑，有人认为老陈作为警官不应该出现在网络中，这会损害名声，也有人认为老陈紧跟时代潮流，运用网络宣传诈骗，不仅可以起到事半功倍的效果，也能在线震慑那些诈骗犯。如果按照这条路走下去，那么老陈必然会在反诈的历史留下浓重的一笔。可惜的是，他先后遭到网友质疑，声称伴随时间的推移，以及打赏金额的增加，他的眼里没有了光，这句话深深戳中了老陈的内心，为了自己的公益梦想，为,https://www.163.com/dy/article/H5MD9I320537B1I5.html
被打赏100万后辞职，反诈警官老陈后悔了？,雷科技,"
2022-04-24 22:10:02",如今提到“反诈骗”，小伙伴们脑海里会想到什么东西？是那些在线下奔波一整天，给我们宣传反诈知识的民警，还是新闻上经常播报“富婆被骗上百万元”的典型案例呢？如果你问小雷，我一定会说出那个让无数诈骗分子直冒冷汗的【国家反诈中心】。当时它以迅雷不及掩耳之势冲上App Store下载榜第一。也许钉钉和微信怎么都想不到，一个冷门的反诈App，会崛起得如此之快。至于国家反诈中心App怎么火起来的，相信各位冲浪高,https://www.163.com/dy/article/H5O8B7GP051100B9.html
反诈老陈失算了！论坚守比不上谭警官，论聪明比不上大衣哥,娱乐八卦大大,"
2022-04-27 03:14:52",最近有消息称，因在短视频平台上做反诈宣传，而一夜爆火的陈警官，在辞去警察工作后，直播热度迅速凉凉。脱下穿了16年的警服，重新变成普通人的老陈，开始表示自己有些后悔了！一夜成名“您好，我是反诈主播，请问你是什么主播？”可想而知，当那些靠着性别反串、各种搞怪、低俗擦边的娱乐主播们，突然连麦上一位身穿制服的在职警察，并看他一脸严肃地做完这样的自我介绍后，会是一种什么样的心情。一恍惚直播间好像突然就变成了,https://www.163.com/dy/article/H5U94PI30529LJQL.html
仿冒平台、借疫诈骗……诈骗高发态势下，金科反诈有哪些硬核举措？,北京商报,"
2022-04-25 21:30:05","假网贷诈骗、""杀猪盘""""以房养老""、注销校园贷……这些诈骗手法你都听过吗？近期，各类电信诈骗高发，也引起金融科技公司的警惕。4月25日，北京商报记者多方采访了解到，包括蚂蚁集团、美团、度小满、360数科、同盾科技、乐信、信也科技、萨摩耶云、百融云创、融360等在内的十余家金融科技公司都在升级反诈手段，通过诈骗识别及拦截、联动警方、反诈宣传等多样举措，全面围堵。仿冒平台、蹭热点花样不断翻新各类五花八",https://www.163.com/dy/article/H5R30S980519DFFO.html
“反诈警官老陈”辞职：我做了一个错误的决定,中国新闻周刊,"
2022-04-23 09:19:54",本刊记者/倪伟发于2022.4.25总第1041期《中国新闻周刊》直播间里，蹦出一个金色奖杯状的礼物，在主播老陈面前旋转，伴随着闪烁的光晕。接着是第二个、第三个……一口气刷了333个。老陈语无伦次了，结结巴巴地说：“这是全国、今天最大的、一个那啥吧。”这个礼物叫“嘉年华”，抖音直播间里最贵的礼物，每个得用3000元人民币购买。当晚收到的“嘉年华”共计100万元。他照例分文未取，尽数捐给了慈善机构，,https://www.163.com/dy/article/H5KKECHC0514BE2Q.html
后悔了？“反诈老陈”辞职15天后，称自己做了错误的决定,娱乐星使,"
2022-04-23 11:05:09",前段时间，“反诈老陈”辞职一事，持续引发网友关注。“反诈老陈”本名陈国平，是秦皇岛市公安局海港分局的一名警察。因为跟网络主播连麦宣传国家反诈中心APP，闹出许多笑话而走红。老陈辞职跟他收到百万打赏一事有关，他自称不想连累自己的单位，所以才辞职的。从“反诈老陈”宣布辞职到到现在，才过去15天时间。在这15天里，“反诈老陈”原来的账号名改回“海港反诈中心”，这也意味着老陈和这个账号再无瓜葛。老陈自己的,https://www.163.com/dy/article/H5KQF39V0552C39B.html
反诈老陈后悔辞职：网暴有错，但你也不无辜，名利面前见人性！,虎牙妹,"
2022-04-25 00:10:24",老陈被网暴了吗？是的，老陈火了之后飘了吗？有点，走到今天这个地步，老陈算不算“活该”呢？答案是肯定的。说实话，老陈的临场反应和说话节奏并不适合直播，既没有谭sir的幽默，也没有明确的个人特色，那么，老陈为什么就火起来了呢？老陈在网络上的异军突起，是因为网友关心反诈吗？当然不是，诈骗这种事情，绝大部分人都会认为离自己很远很远。这就是反诈的娱乐化，只要接了地气，就能吸引一大票粉丝，这正是他成功，或者说,https://www.163.com/dy/article/H5OPPKAU05527RTZ.html
“反诈老陈”辞职了，诈骗分子高兴了，老百姓要绷紧弦了,重剑藏锋,"
2022-04-26 20:42:22",其实老陈他作为一个警察，一开始没想到会走到这一步。他一开始的直播，肯定也是受到大家的支持和欢迎的，但是随这一笔将近100万的这样的一个赞赏，把他放在了舆论的顶尖上。不知道为什么会出现这样一个情况，是不是被人整进了一个坑，还是其他的一些什么原因。总之，这一笔巨额的赞赏，让他没办法，只有辞去警察这份工作，因为他说，作为国家公职人员，如果是因为这样影响到单位声誉，不好。反诈宣传，现在是各级公安机关工作的,https://www.163.com/dy/article/H5TIM3FS05535CG2.html
反诈警官老陈辞职：我做了一个错误的决定！他哪里错了？,小城故事君哥,"
2022-04-23 23:44:17",“反诈警官老陈”辞去了公职，换上了便装，个人直播账号也改名为“老陈生活号”。“其实这个决定是错误的！”陈国平说，“但我想，终究有人要来做一些错误的决定，给后人做个警示教育或者提供经验。”至于是哪方面的警示和经验，他没有解释。老陈真名叫陈国平，据他自己介绍，他从警已经十多年了，从2018年开始，他利用业余时间从事反电信网络诈骗宣传工作，一开始是在直播平台介绍电信诈骗的案例和讲解一些新型诈骗手法，因为,https://www.163.com/dy/article/H5M5T39Q0552Q5OT.html
别再上当啦！！！国家反诈中心APP装起来,信息新报,"
2022-04-26 13:30:30",为提升群众的识骗防骗能力与意识，预防和减少诈骗案件的发生，保障人民群众的财产安全，构建全民反诈新格局，近日，大滩社区开展了“防诈骗、反诈骗”宣传活动。活动现场，从“什么是电信诈骗”、“电信诈骗的常见形式”、“如何识别防范电信诈骗”等方面为居民科普了有关网络诈骗的知识，提醒群众在日常生活中要注意保护好个人信息，不要随意泄露身份信息、银行账户等个人信息，不要贪图小便宜，不要被虚假广告迷惑，做到不轻信、,https://www.163.com/dy/article/H5SPVDPD0552ADWT.html
“海南村霸”大漠叔叔，剧本演绎还是本色出演，为何反诈老陈不行, , , ,https://www.163.com/v/video/VQ51BCJHD.html
哈尔滨：一场反诈“赛跑”紧急止付400万元,新华社,"
2022-04-27 14:56:15",“止付成功！”消息传来，哈尔滨市公安局反诈中心一片欢呼。经过一场反诈民警与诈骗分子的“赛跑”，为群众挽回经济损失400万元。4月18日，哈尔滨市民常某接到了一个“00”开头的陌生电话，对方称自己是警察，查明常某涉嫌洗黑钱。常某为了自证清白，积极配合“办案”。与此同时，哈尔滨市公安局反诈中心预警员发现常某正在遭遇境外诈骗，立即拨打其电话，但电话一直处于“正在通话中”。哈尔滨市公安局反诈中心立即启动市,https://www.163.com/dy/article/H5VH962C05346RC6.html
“反诈民警”老陈辞去公职，以反诈主播身份继续“公益反诈”, , , ,https://www.163.com/v/video/VK3GQ6FUA.html
天上不会掉馅饼，大家一定要擦亮眼 反诈, , , ,https://www.163.com/v/video/VN4Q7A0M2.html
好家伙，狗子还会反诈呢, , , ,https://www.163.com/v/video/VE4QMRE5K.html
反诈民警老陈曝辞职决定的背后 , , , ,https://www.163.com/v/video/VH4VNNPCJ.html
“杀猪盘”电影要火 电影中的趣味反诈有多少？, , , ,https://www.163.com/v/video/VR5162UTG.html
反诈老陈质疑记者标题党 否认辞职决定是错误的, , , ,https://www.163.com/v/video/VG4Q37N35.html
曹操:真后悔没有下载反诈APP, , , ,https://www.163.com/v/video/VW4KN4263.html
反诈警官老陈称辞职是错误的决定,北青网-北京青年报,"
2022-04-23 11:59:05",【#反诈警官老陈称辞职是错误的决定#】4月8日，以“反诈警官老陈”账号风靡短视频平台的陈国平，在一条短视频中宣布辞职，他将辞职的原因归结为3月里的两次网暴事件。在这两次网暴里，他觉得看到了继续直播会牵连单位的苗头，毕竟他穿着警服，于是向单位提出了辞职。直播与单位以及本职工作之间的关系异常微妙，把控尺度非常困难，甚至是不可能的。“其实这个决定是错误的，”陈国平对@中国新闻周刊 说，“但我想终究有人要,https://www.163.com/dy/article/H5KTHSME0514R9KQ.html
【全民反诈】解封不解防，防疫更用心，反诈更精心！,环京津新闻网,"
2022-04-26 10:43:36",近期，我市因本轮疫情划定的中风险区域正逐步解封，但“解封”不等于“解防”，全市疫情防控形势仍然十分严峻。为了做好个人防护，共同捍卫来之不易的疫情防控成果，廊坊疾控建议市民从以下几个方面出发，继续做好个人防护：01科学戴口罩。戴口罩时要确保口罩紧密贴合并完全覆盖住口鼻和下巴。02勤洗手。在上厕所、触摸门把手或电梯按钮等公共设施之后，加工制作食品或饮食之前要洗手。03少聚集。做到保持距离不扎堆，人多场,https://www.163.com/dy/article/H5SGDR500550HLD8.html
“国家反诈中心”App你安装了吗？,金昌小城大事,"
2022-04-25 18:27:15",安装方法第一步：下载安装，在应用商城搜索“国家反诈中心”或扫描二维码安装第二步，注册认证第三步，开启预警防护功能请大家提醒身边的亲人赶快下载安装APP一起做反诈行动派！-END-编辑：金昌市公安局融媒体中心本土爆笑娱乐 八卦吐槽同城美食攻略 二手信息金昌新闻资讯 大事小情金 昌 最 具 人 气 的 公 众 号金昌小城大事在金昌 你可以不关注小城大事但你会跟你的小伙伴没得聊！合作电话：1539355,https://www.163.com/dy/article/H5QOI3J80545G8OW.html
反诈老陈后悔辞职？本人回应新一轮网暴：不后悔！, , , ,https://www.163.com/v/video/VS4QNMBJE.html
反诈民警接到诈骗电话，却被反问跟你有啥关系？骗子：把我删了吧, , , ,https://www.163.com/v/video/VI4V48LGC.html
神级反诈“话疗”！重庆小姐姐把骗子聊到要自首, , , ,https://www.163.com/v/video/VK51O47NU.html
6000万天价买域名？青岛反诈中心民警：99%是骗局,信网,"
2022-04-26 15:03:11",“国际大鳄”主动提出6000万收购域名近年来，域名这一新兴投资领域逐渐走进公众视野，一些短小精悍、简单易记的网络域名，具有一定的商业交易价值，高价收购域名的消息屡上头条，2011年，新浪微博的域名weibo.com的成交价达到800万元，2014年4月小米科技有限责任公司域名“mi.com”更是达到2243万元的交易额。这样的情况下，如果有人提出愿天价收购你持有的域名，相信很多人都会迅速沉浸于喜悦,https://www.163.com/dy/article/H5SV959S051482LC.html
《反诈民警图鉴》全民反诈 守护大家钱袋子, , , ,https://www.163.com/v/video/VY4VEGUF3.html
聊城市冠县全民反诈推进暨打击整治养老诈骗专项行动部署会议召开,大众网,"
2022-04-25 16:29:33",大众网·海报新闻记者 郑玉冰 聊城报道4月24日下午，冠县召开全民反诈推进暨打击整治养老诈骗专项行动部署会议，县委副书记张庆辉主持会议并讲话，县委常委、政法委书记张怀恒，副县长、县公安局局长李长峰，县法院院长王永前、县检察院检察长柴青云出席会议。会议采取视频形式召开，县直相关部门（单位）主要负责同志、分管负责同志，县公安局相关警种负责同志在主会场参加会议；各乡镇（街道）党政主要负责同志、分管副书记,https://www.163.com/dy/article/H5QHQI6Q0514R9KU.html
“新成员”报到，娄底市反诈专线96110上线！,新娄底,"
2022-04-25 09:39:14",全国反诈专线“96110”已正式启用远离网络诈骗：当您接到“96110”打来的电话，那就证明您正在遭遇电信网络诈骗，或者您属于易受骗高危人群，请务必要及时接听，耐心听取民警的劝阻，避免上当受骗。反诈同行：“您好，这里是娄底市反诈中心，您刚才接到的电话，疑似诈骗电话，千万不要转账，请提高警惕，谨防上当受骗。”相信在未来的日子里这将会是一股最强劲的“蓝色风”反诈力量娄底市反诈中心提醒：1、110是报警,https://www.163.com/dy/article/H5PQB8K30550FHCF.html
兰州警方发布反诈预警 快来看“杀猪盘”里的套路,每日甘肃网新闻,"
2022-04-27 10:14:06",兰州警方发布反诈预警快来看“杀猪盘”里的套路兰州警方提示，在“杀猪盘”套路中，犯罪团伙成员会建立自己的虚拟身份，也就是“人设”。一般来说，男性都是“高富帅”，不仅阳光帅气，还爱健身、有豪车；女性则是经营商铺失败的个体户，年轻貌美但命运多舛，容易获取他人的同情心。“人设”的建立需要大量的视频和照片素材，犯罪团伙为此做了搜集、积累等工作，这些素材通常来源于各种网站上的个人生活照和视频。犯罪团伙成员包装,https://www.163.com/dy/article/H5V14HB40534697A.html
网暴太可怕了，把反诈民警逼成这样……, , , ,https://www.163.com/v/video/VY4OSSTBU.html
当反诈民警接完诈骗电话，骗子：求你删了我, , , ,https://www.163.com/v/video/VK518LNPG.html
原反诈警官老陈辟谣“标题党”，称自己从未说过辞职是错误决定, , , ,https://www.163.com/v/video/VR4PFB7EU.html
新疆克拉玛依一群众心记反诈宣传免受骗,哈密伊州区微生活,"
2022-04-26 09:05:02",“算了，我要报警。”叶先生被要求先付款时对网贷客服说到。4月22日下午，克拉玛依市公安局白碱滩区分局接到叶先生报案称怀疑自己被诈骗。经了解，叶先生在网上找贷款公司进行贷款申请，但一直申领不成功，咨询贷款公司客服后，客服表示因为输入信息错误触发了信贷中心的安全预警，系统判定别人冒用自己的信息进行骗贷，导致贷款金额被冻结，因此需要先向其缴纳六千元置卡验证金，解冻后才能一起放贷两万六千元。叶先生担心自己,https://www.163.com/dy/article/H5R576KS0534B5YI.html
分析下“反诈警官老陈”辞职做公益的利弊以及其内心,雪朴谈生活,"
2022-04-26 22:15:36",>4月8日，前段时间网上很火的秦皇岛网络民警陈国平辞职了，网络上很多人都感觉比较意外，有人认为不值得辞职 有人认为干得不错，本君帮助大家分析下老陈的内心想法。网络上认为老陈不值得辞职的理由，主要是老陈网络上的成功，主要是利用了平台优势，即利用了自己是警察的身份，如果没有警察身份的加持，老陈不会成功，即使老陈现在有了一定知名度，但是离开警察这个职业，以后从事网络吃不开。反之，支持老陈辞掉公职的网友，,https://www.163.com/dy/article/H5TO0TLA0552ZJUZ.html
反诈老陈称是被网爆逼着辞职，还称自己离开公职是错误决定, , , ,https://www.163.com/v/video/VX4O97Q88.html
左小林在2022年乐山市市中区禁毒、反诈人民战争动员工作部署会议上强调：强化打击持之以恒 全力以赴打好禁毒和反诈人民战争,市场新观察,"
2022-04-25 11:34:23",4月21日下午，2022年乐山市市中区禁毒、反诈人民战争动员工作部署会议召开。区委书记左小林出席会议并讲话，他强调，要全面动员、压实责任、持之以恒，全力以赴打好禁毒和反诈人民战争，不断推进禁毒和反诈人民战争取得新成果、实现新突破。副区长、区公安分局局长郑凯主持会议，对2022年市中区禁毒、反诈人民战争第一季度工作开展情况进行总结，就近期重点工作作动员部署。禁毒人民战争、反诈人民战争总指挥部成员单位,https://www.163.com/dy/article/H5Q0U3IK0512BOIV.html
当反诈警察接到电话，骗子求求您把我删了吧, , , ,https://www.163.com/v/video/VO4VG2NGM.html
倾家荡产+一身负债！南宁反诈中心紧急预警,南宁警方,"
2022-04-27 19:05:45",据反诈中心统计，投资理财诈骗发案占比15%左右，但涉案金额占比高达近35%，名副其实的财富收割机！一旦遭遇投资理财诈骗，将遭受重大财产损失！当骗子利用新的投资理财概念（虚拟货币交易、外币投资、期货投资、贵重金属投资、P2P投资等），结合“高回报”“高收益”，还有专业的导师带着你投资理财，你心动么？以为天上掉馅饼，最后却血本无归。紧 急 预 警近期，我市发生多起涉案金额巨大的虚假投资理财诈骗案件，受,https://www.163.com/dy/article/H5VVI13H05341C4X.html
反诈警官老陈称辞职是错误决定, , , ,https://www.163.com/v/video/VX4OAMMTL.html
反诈警官老陈: 辞职挺后悔的 我做了一个错误的决定,换换回收,"
2022-04-24 15:29:42","陈国平又一次上热搜了，这次是因为辞职后他说了一句话:我做了一个错误的决定。提到陈国平,大家可能比较陌生，但提到反诈警官老陈,大家一定会恍然大悟。老陈的“火爆”有两个标志性事件:一、与“西厂公公”连线去年9月，他在直播间连麦，与一位名叫“西厂雨化田”的主播对上了话。那位主播穿着古装，模仿电影里的西厂公公，见到穿着警服的老陈，笑容突然间凝固：“我是搞笑的，哥，我啥事儿也没犯，绝对是良民。”陈国平向“西",https://www.163.com/dy/article/H5NS07L80538F7CB.html
反诈“新秀” | 泽翁桑珠：眼前一亮！自编自唱反诈freestyle,平安甘孜,"
2022-04-26 19:29:14",作者介绍“你好，我是公安局出入境民警有个非法出境记录被系统提醒需要登陆手机网页核实你的信息等会有个链接需要你接受邀请不是吧，我记得我没有办过护照麻烦可否提供一下你的警号你知道得现在骗子多的是套路我遵纪守法可不想被陷阱套住”......参加公安工作以来，连续7年拿到优秀个人等荣誉称号。十八般才艺，愿天下无诈。下一步，在前期反诈宣传获好评的基础上，他还将陆续推出护林防火、疫情防控等朗朗上口的frees,https://www.163.com/dy/article/H5TEG9US0514H88G.html
宾阳e反诈小程序上线啦！为了宾阳人的血汗钱……,宾阳五,"
2022-04-26 00:03:25","宾阳五配图快来参与，宾阳e反诈小程序上线啦！宾阳县公安局宾阳e反诈小程序上线啦！为提升人民群众的反诈防骗意识，守护好人民群众的“钱袋子”,由宾阳县公安局推出的宾阳e反诈小程序上线啦！！！这是一款能有效防范诈骗的小程序，具有丰富的防诈骗知识以及能识别诈骗分子惯用的伎俩，通过学习里面的知识，可以有效避免各类网络诈骗的发生，减少不必要的财产损失。现在搜索宾阳e反诈小程序，既可参与反诈知识答题，还可以赢取",https://www.163.com/dy/article/H5RBPK4R05528HRP.html
反诈进行时丨招聘网站留信息 兼职诈骗找上门！,苏州交警,"
2022-04-26 19:30:56",“只需一两分钟，手机操作即可。”“薪酬三元至三十元！”这样的兼职广告经常看到，极有可能是精心设计的诈骗陷阱。近日，观前派出所就接报了这样一起诈骗警情。“ 警情回顾4月12日，市民小邓向观前派出所报警求助，称遭遇刷单兼职诈骗，损失13000余元。小邓告诉民警，去年10月份左右曾在某招聘网站上登记过信息，之后时不时会接到用工招工电话，他从中选了一份餐饮相关的工作，所以觉得来电都是真实的。4月11日，小,https://www.163.com/dy/article/H5TEJDB7051492GE.html
红安普法知识大讲堂 反诈民警传高招,平安黄冈,"
2022-04-27 22:33:56",4月22日上午，红安县2022年全民阅读暨“护苗·绿书签”活动启动式在天舒广场举行，红安县公安局刑侦大队、反诈专班等部分民警参加了此次活动。为了创新形式、提升活动效果，局刑侦大队反诈专班联合新华书店、城关镇北门岗社区在此次活动中开展“普法知识”大讲堂活动，以反诈知识讲座的形式，面向中老年人群体，宣传“反诈”知识。活动开始前，刑侦大队反诈中心民警在天舒广场利用群众晨练的时间，向群众发放反诈宣传资料、,https://www.163.com/dy/article/H60BF7CO0514K4QG.html
攻坚铸盾！秦皇岛公安全力构建全警反诈、全社会反诈新格局,秦皇岛播报,"
2022-04-26 17:50:45",全警反诈 全社会反诈专门机构精准防基层力量参与防2021年4月6日，习近平总书记对打击治理电信诈骗犯罪工作作出重要指示，深刻阐述打击治理工作的指导思想、原则目标和总体思路，全市各部门坚决贯彻习近平总书记的重要指示精神，切实增强“四个意识”、坚定“四个自信”、做到“两个维护”，全面强化“打、防、管、治、宣”各项措施，全面构建了“全警反诈、全社会反诈”新格局。2021年，特别是全市公安机关“八大攻坚战,https://www.163.com/dy/article/H5T8RVS80517HGKR.html
便民、救助、反诈......雅安公安用心用情把好事办实 把实事办好,雅安新闻资讯,"
2022-04-23 19:11:17",雅安市公安局警车开道 救助晕倒老人4月13日，交通警察直属一大队执勤交警在雨城区北外环跨线桥下接到群众求助，发现一名老人晕倒并有轻微抽搐，情况十分危急。执勤交警闻讯立即驾驶警车拉响警报为老人家属驾驶的车辆开道，仅用4分钟便将老人送到市医院得到妥善救治。雨城区公安分局暖心帮助群众 找回老人遗失物品4月11日，一名年迈老人随身携带的银行卡和身份证丢失。西城派出所民警立即调取周边监控，并对小区进行走访，,https://www.163.com/dy/article/H5LM97B90514BKS1.html
鱼看了都得下载反诈app, , , ,https://www.163.com/v/video/VR4L0S6RA.html
五华公安巡特警大队下沉警力开展反诈宣传,8099999街头巷尾,"
2022-04-26 19:30:04",2月21日，巡特警大队下沉警力在海源、红云所警情高发区域开展网络电信诈骗及“国家反诈中心”APP宣传活动。此次宣传活动，巡特警队员们现场发放预防电诈宣传手册，帮助群众下载注册“国家反诈中心”APP，对各项功能进行疑惑解答，并向群众揭露诈骗犯罪分子惯用手段、作案方式。让广大群众了解到更多诈骗套路，从根源上减少诈骗案件的发生，全力营造更加和谐、更加安全的辖区环境。来源：五华公安,https://www.163.com/dy/article/H5TEHQKU0552SO56.html
“反诈主播”老陈痛批媒体：我什么时候说后悔辞职了？,互联网那些事,"
2022-04-25 17:50:32",01.“错误的决定，但不后悔！”“我是搞笑主播，没有违法，这些礼物都是粉丝自愿的！”西厂厂长雨化田在看到正襟危坐的老陈时，“主动交代”、“语无伦次”的样子令人爆笑不已。这种状态一直持续到与西厂厂长雨化田连线前，然而爆火后的老陈也没那么顺利。曾经想把直播反诈骗当做“情怀”去干的老陈，为了直播每天只能睡上三四个小时，压力巨大。“我昨天去吃饭，一帮人来拍照。你不跟他拍照，他说你飘了，你跟他拍照，饭没吃呢,https://www.163.com/dy/article/H5QMEQDF0531RB59.html
仿冒App、冒用信息等诈骗泛滥！消金反诈怎么做？,北京商报,"
2022-04-27 21:46:12","全民反诈下，消金机构也成为了不可忽视的一股重要力量。近期，各类电信诈骗频现，包括冲销量诈骗、仿冒App、冒用身份信息等诈骗花样不断翻新。4月27日，北京商报记者多方采访了解到，包括中银消金、招联消金、马上消金、中邮消金、中信消金、中原消金、北银消金、小米消金、尚诚消金、苏宁消金、盛银消金等十余家消费金融机构均在推进反诈工作，尤其聚焦""一老一少""人群，加强反诈宣传，多层防堵。切入""一老一少""重点反诈",https://www.163.com/dy/article/H608NQGJ0519DFFO.html
反诈老陈决定辞去警察职务成为反诈公益主播, , , ,https://www.163.com/v/video/VF3JEFCQS.html
反诈骗 | 致西夏区人民的反诈公开信,西夏发布,"
2022-04-26 17:50:33",西夏区广大市民朋友们：近年来，电信网络诈骗案件高发多发、骗子无孔不入，诈骗手法层出不穷，严重侵害人民群众的财产安全。为坚决遏制电信网络诈骗犯罪蔓延势头，守护好人民群众的“钱袋子”，我区组织机关单位、街道社区干部、公安民警开展入户反诈宣传，与大家一同筑起反诈防线。在此，特提醒广大居民：►一、积极配合干部民警开展入户宣传工作，不抗拒、不厌烦，认真学习反诈知识，切实提高自己的识骗防骗能力。► 二、管好自,https://www.163.com/dy/article/H5T8RJB90514NJGM.html
反诈老陈：直播宣传反诈爆火，百万打赏引质疑，辞去公职变网红？, , , ,https://www.163.com/v/video/VI3VPNQUN.html
警企联动共建反诈宣传教育基地，首批84家营业厅成为“反诈宣传教育基地”, , , ,https://www.163.com/v/video/VQ43BAG48.html
反诈进行时！@南安人 打击电信网络诈骗！举报有奖！,南安融媒,"
2022-04-27 22:15:23",关于奖励举报电信网络诈骗违法犯罪线索的通告为深入推进我市打击治理电信网络诈骗犯罪专项工作，依法严厉打击幕后“金主”、组织偷私渡“蛇头”以及为诈骗团伙提供转账洗钱、技术开发等“黑灰产”团伙，切实保障人民群众生命财产安全，维护群众合法权益，特向社会征集有关线索，有关事项通告如下：一、举报内容及奖励标准（一）举报幕后“金主”举报电信网络诈骗犯罪团伙幕后“金主”，如老板、股东、代理、主管、组长等人员，提供,https://www.163.com/dy/article/H60AD8JD0550BON8.html
肇东市公安局反诈系列视频（“冒充电商物流客服”类诈骗）, , , ,https://www.163.com/v/video/VT4V5FSAA.html
建设美好雁塔｜威风又帅气！反诈“汪汪队”C位出道,雁塔融媒,"
2022-04-24 21:40:32",近日，公安雁塔分局巡特警大队在大雁塔北广场开展了别开生面的反电诈宣传活动。活动中，警犬作为特邀嘉宾闪亮登场，民警们向现场观众进行了警犬服从性演示。群众扫码下载“国家反诈中心”APP就可以与警犬近距离现场互动。 据悉，此次派出的警犬名叫小米与帅虎，分别为搜爆犬和搜毒犬，主要负责参与辖区日常巡逻防范和大型活动安保搜爆及毒品案件侦破任务。它们多次参加国家级安保任务，是公安部授予的功勋犬。平时威风帅气的警,https://www.163.com/dy/article/H5OH78IG055235GP.html
【砺剑行动】上海反诈中心提示：游戏交易套路深，暗藏风险骗你钱！,警民直通车上海,"
2022-04-26 17:10:50",疫情防控期间不法分子却没有停歇近期他们又盯上了游戏玩家苦心练级打游戏好不容易“养肥”的账号被人“看中”本以为能高价卖出赚点生活费结果却事与愿违高价回收游戏账号套路深近日，周先生通过某正规游戏交易平台发布售卖游戏账号信息，不法分子通过平台私聊周先生表示，希望能录视频查看账号价值。▲不法分子私聊被害人周先生遂即添加对方聊天方式沟通购买事宜。在聊天过程中，不法分子虚构交易流水，诱导被害人扫描其提供的二维,https://www.163.com/dy/article/H5T6IT2805341J45.html
长春“反诈”中心，居家谨防3种套路, , , ,https://www.163.com/v/video/VG3U1UV65.html
居民遇电诈 民警建议：多看看新闻反诈宣传！,信息新报,"
2022-04-27 20:22:47",今天（4月27日）上午，南京秦淮警方通报了一起反诈警情，警方在最后提醒当事人：多看看新闻报道，提高反诈意识。反诈中心黄色预警，辖区居民小陈遭遇冒充客服误操作诈骗。南京秦淮警方在接到预警后，立即和小陈联系，但她电话一直占线，民警王友江上门劝阻的同时，辅警金晓春试着联系上了小陈的父亲。小陈的父亲说，女儿正在自己房间里接电话，听到民警说女儿可能正在遭遇诈骗后，他立即敲开了女儿的房间。见父亲让自己接电话，,https://www.163.com/dy/article/H603V7NK0552ADWT.html
反诈玩出新花样 警花摆摊送“反诈蛋”,信息新报,"
2022-04-27 20:22:46",“各位父老乡亲，走过路过不要错过”，4月24日，在南京六合区横梁体育公园附近，一群警花竟在路边摆摊，“卖”上了鸡蛋，这究竟是怎么一回事？为了进一步提高辖区广大群众的防范意识和最大限度保护人民群众财产安全，当天下午，南京市公安局六合分局横梁派出所组织警花们在辖区体育公园以发放“反诈蛋”的形式开展反诈宣传活动。活动前，民警们先将“男生不裸聊”“女生不网贷”“刷单=诈骗”......这些反诈宣传语印在鸡,https://www.163.com/dy/article/H603V1AJ0552ADWT.html
发案同比下降52.17%，来看梅州大埔警方的“反诈秘笈”,南方Plus,"
2022-04-26 23:08:34",今年以来，梅州大埔公安在打击治理电信网络诈骗犯罪工作中，坚持以打开路、预警劝阻和宣传防范相结合，全力压降发案，减少群众损失。数据显示，1至3月，全县共发电信网络诈骗案件46宗，同比下降52.17%。在精准打击、以打促防方面，大埔警方积极构建“情报主导、警种合成、部门协同”的一体化打击犯罪新机制，打破警种壁垒，整合力量资源，同时紧盯电诈犯罪全链条、全环节，对上深溯源、对下广扩线，确保打深打透打彻底，,https://www.163.com/dy/article/H5TR1SVP055004XG.html
桃江县召开缉枪治爆、反拐、反诈及打击治理跨境突出犯罪工作会议,红网,"
2022-04-27 22:58:03",会议现场。与会人员首先通过视频实时收看了全市缉枪治爆、反拐、反诈及打击治理跨境突出犯罪工作会议。会议通报了全县缉枪治爆、反拐、反诈及打击治理跨境突出犯罪工作开展情况。缉枪治爆确保了“不打响、不炸响、不流失”，反电诈工作成效显著，打拐及打击治理跨境突出犯罪工作稳步推进，会议还指出了各项工作存在的问题。会议强调，要全力以赴打好缉枪治爆、反拐、反诈及打击治理跨境突出犯罪攻坚战，要提高认识强责任，确保各项,https://www.163.com/dy/article/H60CRBT00514EV7Q.html
盘点主播PK遇到反诈老陈名场面, , , ,https://www.163.com/v/video/VX43M35GJ.html
【全民反诈】反诈宣传不停歇 筑牢防诈“防火墙”,兴安女性,"
2022-04-27 22:50:30",针对当前电信网络诈骗的态势，兴安盟公安机关始终坚持“以人民为中心”，切实履行公安机关职责使命，积极发动民辅警深入辖区开展“反诈”宣传，不断扩大宣传的广度和深度，进一步扩大反诈宣传覆盖面，全力遏制电线网络诈骗犯罪的多发势头，坚实筑牢防诈反诈“防火墙”。强化辖区反诈宣传为进一步确保人民群众生命财产安全和社会稳定，积极引导群众养成学法、懂法、守法的良好观念，近日，乌兰浩特市公安局和平派出所组织民警深入社,https://www.163.com/dy/article/H60CDHI70514S562.html
同义汇山东兰姐爱心团队（反诈宣传活动）, , , ,https://www.163.com/v/video/VJ4SBQDEA.html
反诈宣传进万家打通最后“一百米” 昆明五华警方推动“全民反诈”,云南网,"
2022-04-26 21:16:11",民警开展反诈宣传 供图云南网讯（记者 赵岗）为推动“问计于民大走访”活动走深走实，昆明市公安局五华分局结合大走访收集到的意见建议，坚持问题导向，针对群众反映最为强烈的电信网络诈骗问题，组织开展“反诈宣传进万家”主题活动，打通反诈宣传最后“一百米”，向电信网络诈骗发起“全民反诈”的凌厉攻势。“问计于民大走访”活动开展以来，五华警方各部门多措施、多渠道开展反诈知识宣传工作，深入打造安全防范的反诈“驿站,https://www.163.com/dy/article/H5TKK4B00514R9NO.html
美团平台百余商户上架正能量反诈剧本杀,新京报,"
2022-04-27 20:28:04",新京报讯（记者秦胜南）由北京市反诈中心指导，海淀区反诈中心、海淀派出所、中国人民大学、天火同人公司联合制作的反诈剧本杀《王炸》，4月27日在美团平台北京地区百余家商户上架，并同步在北京97所高校发放超过700本。《王诈》故事本身结合真实案例，辅以相匹配的标志物、卡牌等道具。玩家斗智斗勇的同时，了解如何快速识破常见的电信网络诈骗手段，从而加强自身的防范意识。2021年年底到2022年4月，《王诈》剧,https://www.163.com/dy/article/H6048NS00512D3VJ.html
马庄街道：反诈宣传进社区 织牢防骗“安全网”,各界咸阳,"
2022-04-25 09:36:38",为进一步做好反电信网络诈骗宣传工作，普及防范网络诈骗犯罪常识，全面提升辖区安全居民防范意识，4月24日，马庄街道在福景社区开展“防电信诈骗”普法宣传活动。在活动现场，街道司法干部、社区网格员和志愿者通过张贴电信诈骗宣传海报、发放防范电信诈骗宣传手册等方式多方位宣传，让反诈宣传深入人心。同时向居民详细讲解防诈骗内容，尤其向社区老年人耐心讲解电信诈骗的各类手段、方法和近期发生的一些电信诈骗案例，提醒居,https://www.163.com/dy/article/H5PQ6EKB0550GGRZ.html
韶山市反诈中心：冒充“公检法”诈骗又出现，假警察千万别信,红网,"
2022-04-25 09:17:04","""您好，我这里是XX公安局胡警官，您涉嫌刑事犯罪……""“您好，我是XX检察院。您的案件被转到XX检察院，请配合调查！”4月19日，韶山市银田镇李女士，被电话另一头告知“涉嫌犯罪”。一头雾水的李女士在神不知鬼不觉的情况下，一步步走向诈骗分子设下的圈套中。而这就是我们今天所介绍的一种诈骗手段，冒充“公检法”诈骗。案情经过4月19日，李女士接到一个陌生电话，对方自称是湘潭市公安局的民警，说李女士涉嫌诈骗",https://www.163.com/dy/article/H5PP2LLP0514EV7Q.html
“网格化+大数据+铁脚板”反诈，荆州移动全方位守护网络安全,极目新闻,"
2022-04-27 17:31:18",极目新闻记者 黄志刚通讯员 李婷“出售、出借、出租电话卡，涉嫌电信诈骗的，将追究刑事责任。”4月26日，在湖北省荆州市沙市跃进路社区，中国移动荆州分公司（下称“荆州移动”）的工作人员利用下班休息时间，深入社区给居民宣传反诈知识。今年以来，荆州移动持续发挥“网格化+大数据+铁脚板”市、县联动优势，组织网格员进社区、进村组开展反诈专题宣传活动20余次。通过现场攻防演示、网络安全知识讲解，宣传单发放等，,https://www.163.com/dy/article/H5VQ535O053469LG.html
反诈民警老陈辞去警察职务，专注反诈与公益, , , ,https://www.163.com/v/video/VG3J8LPH1.html
从红遍全网到被网暴辞职，反诈老陈做错了什么？,默默有闻,"
2022-04-27 18:08:47",一、人红是非多反诈老陈辞职了，即使他一再保证，日后将以反诈主播的身份，从事公益事业。但网友们依旧普遍不相信，认为是那333个嘉年华，迷住了他的双眼。这个故事关于巨款，关于欲望，关于名利。17年，为应对层出不穷的网络诈骗，秦皇岛海港分局成立了三人的反诈小队。骨干老陈觉得“小队”的名称太弱了，很难唬住对手，于是建议改成中队，诈一诈诈骗犯。前两年由于信息渠道受限，宣传工作进展得尤为缓慢，眼看着诈骗案在全,https://www.163.com/dy/article/H5VS9KVB05521WA6.html
全民反诈，地铁无诈！地铁警方掀起宣传攻势 持续守护群众“钱袋子”,南宁警方,"
2022-04-24 22:02:41",为深入贯彻落实国务院打击治理电信网络新型违法犯罪联席会议精神，南宁市公安局地铁分局持续推进打击治理电信网络诈骗犯罪工作，全力遏制电信网络诈骗违法犯罪多发态势，提升社会治理水平，为建设更高水平的平安地铁作出贡献。2022年以来，地铁分局开展“全民反诈 地铁无诈”系列防范宣传活动，紧密依托社会力量，积极构建系统性防范宣传体系。推广“国家反诈中心”APP为了牢牢守护辖区群众的钱袋子，地铁分局组织大量警力,https://www.163.com/dy/article/H5OIFRC805341C4X.html
“法护银龄”涉老反诈在线宣讲预告！,泉州中院,"
2022-04-26 23:56:21",更多法院资讯、立案查案小程序敬请关注！涉老反诈“养老”变“坑老”注意！教你识别“涉老”诈骗几大套路！打击整治养老诈骗专项行动以来全省法院首次专题在线宣讲泉州法院“巾帼宣讲团”首次宣讲活动泉州市中级人民法院联合泉州市民政局共同守护好老年人的“钱袋子”4月27日15:00 在线宣讲揭露涉老诈骗行业乱象与套路手法宣讲专项行动打击重点与法律规制让生活更好看，戳戳戳↓↓↓,https://www.163.com/dy/article/H5TTPDCM0514KE93.html
失去职业光环，曾经的反诈老陈还剩下什么,临风唱晚秋,"
2022-04-25 09:41:31",近日，在接受记者采访时，陈国平说到，“其实这个决定是错误的，但我想终究有人要来做一些错误的决定，给后人做个警示教育或者提供经验。”至于是哪方面的警示和经验，他没有解释。事件概括去年一位叫做陈国平的人因为在短视频中宣传反诈而迅速走红出圈收货了近750万粉丝，此前其是河北省秦皇岛公安局海港分局反诈中心的一位民警。4.8日，以“反诈警官老陈”账号风靡短视频平台的陈国平，在一条短视频中宣布辞职，而对于辞职,https://www.163.com/dy/article/H5PQFCO80552IAHP.html
反诈老陈称被网暴逼着辞职,小尾说事,"
2022-04-23 19:19:40",近年来，网络暴力事件层出不穷，有人因为网暴的压力结束了自己的生命，但还是有人认为，自己的几句嘲讽和辱骂不会给人带来负面影响。小编希望，网络暴力不要再伤害任何一个人。也希望我们每一个人在发表言论时，能对自己的话负责，不要盲目跟风，不要听信谣言，当雪崩时，没有一片雪花是无辜的。（图源网络 侵删）,https://www.163.com/dy/article/H5LMOIAB05532GE3.html
这狗子一定下载了反诈app, , , ,https://www.163.com/v/video/VE4GAFLFL.html
网友：狗子需要下个反诈App！, , , ,https://www.163.com/v/video/VW4017JH5.html
宁夏“触发式”反诈教育 守好百姓“钱袋子”,中国日报网,"
2022-04-25 13:18:06",家住宁夏兴庆区的旬女士听到敲门声，“你们怎么来了？”看到民警的出现，荀女士感到疑惑，对自己手机里的操作毫无警觉，民警反复解释后才知道当天联系的是诈骗分子。据了解，荀女士接到一境外陌生号码打来的电话，对方称自己是某投资理财平台的客服经理，听到充满诱惑性的投资收益，荀女士向对方分三次转账共计20万元。民警将冻结挽损的消息告知旬女士，并继续耐心地对荀女士进行了贷款类反诈知识教育。知道自己20万存款差点被,https://www.163.com/dy/article/H5Q6S0EE0514R9KE.html
蓬安县公安局“公安夜校”开展“反诈大讲堂”,市场新观察,"
2022-04-27 20:22:34",4月24日晚，县公安局立足“练为战”，开展“公安夜校·反诈大讲堂”培训会。各办案部门分管案侦领导及办案民警40余人参加培训。培训会上，“小教官”刑侦大队民警欧睿、张恒瑞分别就“两卡类犯罪”、“涉诈回流人员犯罪”案件办理相关知识进行了授课。欧睿同志对“两卡类犯罪”涉及案件的形势进行分析，再对该类案件适用的法律条文、打击方法及思路进行了分享；张恒瑞同志就“涉诈回流人员”案件中嫌疑人口供的突破及此类案件,https://www.163.com/dy/article/H603ULHV0512BOIV.html
当反诈民警接完诈骗电话, , , ,https://www.163.com/v/video/VA5295E6S.html
和谐网络，你我共享。全民参与，齐心反诈。天上不会掉“馅饼”, , , ,https://www.163.com/v/video/VZ4FND39S.html
【 不同警种的反诈选手  所有网络刷单都是诈骗！】, , , ,https://www.163.com/v/video/VY4HVUAGS.html
“反诈老陈”辞职：反诈若非职责，“无诈”公益又将何存？,知著网,"
2022-04-14 22:39:26",「穿不穿警服，都无法在舆论场中构成那张绝对的安全网。」反诈警官老陈，本名陈国平，是秦皇岛市公安局海港分局的一位正式在职民警，主要负责反诈宣传工作。因为传统的发传单式方法宣传效果有限，老陈捕捉到短视频平台的雄厚群众基础，开始了业余时间直播宣传的尝试。（老陈和“西厂公公”连麦）然而，民警老陈在网络直播中收获的流量与热度也伴随着质疑与谩骂，在职民警身份带来的关注度衍生出了权威性消解的反对之声。他也曾一度,https://www.163.com/dy/article/H4USJUUA05148FPG.html
反诈知识竞答邀你参与,大江网,"
2022-04-27 08:50:18",本报讯 记者王白如报道：近日，南昌县委政法委、南昌县人民法院、南昌县莲塘镇人民政府组织开展“全民反诈从我做起”反诈知识竞答活动。据了解，本次活动时间为2022年4月24日至4月30日，参赛者关注“南昌县人民法院”微信公众号，即可从后台参与在线答题。答题成绩不低于60分者，将有资格参与抽奖。具体奖项设置为，特等奖120名，奖励现金红包50元；一等奖200名，奖励现金红包20元；二等奖600名，奖励现,https://www.163.com/dy/article/H5USB3Q205508T1R.html
牢记反诈号码→12381、96110，远离诈骗！,潮TV,"
2022-04-27 21:42:25",今年我市电诈警情降47.7%今年来，我市反诈骗中心以群众满意为标准、以群众需要为导向，将守护群众的“钱袋子”时刻放在首位，主动探索疫情防控下反诈防诈技战法和工作思路，严格落实7x24小时值班制度，不断提高发现潜在受骗群众的能力，进一步提升预警劝阻工作效能，全力守护群众的财产安全。1案例一3月份下旬，市反诈骗中心接到一起群众在网上投资被诈骗的警情后，民警凭借专业敏锐性，通过与犯罪分子周旋及反渗透，对,https://www.163.com/dy/article/H608GSQ80530QLUU.html
反诈民警帮助八旬老太紧急止付4万养老钱, , , ,https://www.163.com/v/video/VK4SQ0TD7.html
“魔性”反诈宣传，无人机飞进杭州多个景区, , , ,https://www.163.com/v/video/VK462HR6G.html
之前我朋友叫我下载反诈app，我不听，这下完了～, , , ,https://www.163.com/v/video/VB4FSAPUC.html
反诈警察老陈宣布将辞去警察职务，专职反诈公益事业, , , ,https://www.163.com/v/video/VF3LSS6CL.html
曾经火遍全网的“反诈老陈”，如今却被网络暴力而辞职,思源谈生活,"
2022-04-24 00:22:55",陈国平大家应该都不陌生。他原本是个警察，却在业余时间进行直播宣传反诈时意外爆红，摇身一变，成了网红“反诈老陈”。然而，随着老陈的热度越来越高，批评声与质疑声也接踵而至，甚至发展为网络暴力，老陈也曾对此反抗过、忍让过，但最终忍无可忍、退无可退。2022年4月8日，老陈辞去自己的警察职务，回到老家过着“普通人的生活”，并将以一个普通人的身份继续从事反诈公益与宣传。2018年，老陈开始从事反电信网络诈骗,https://www.163.com/dy/article/H5M83R6H0552ZD78.html
移民管理警察 反诈宣传搬进菜市场, , , ,https://www.163.com/v/video/VG40QIAT3.html
反诈进行时丨想占这些便宜？可能是给骗子“送红包”！,苏州交警,"
2022-04-25 19:53:09",网络购物带来很多方便但购物务必通过正规渠道否则很可能中了骗子的圈套先看几个案例一直播间399元随机购机？近日，运西派出所接到群众报警，称其在某平台直播间购买手机被骗，损失399元。日前，刘先生在家中刷短视频，看到一个卖手机的直播，主播介绍这些手机原价都是8000多，现在做活动，399元低价出售，名额有限。刘先生便照主播说的，和直播间的小黄车客服联系购买。客服称由于官方不允许低于市场价出售，所以不能,https://www.163.com/dy/article/H5QTFE4Q051492GE.html
三亚1362个“视频反诈宣传员”将上岗,南海网,"
2022-04-24 17:33:24",新海南客户端、南海网、南国都市报4月24日消息（记者 利声富）“网络诈骗不难防，不贪不给不上当……”一走进三亚市吉阳区商品街社区监控区域，便会听到从头顶方视频监控器的反诈语音提示。近日，三亚市公安局吉阳分局河东派出所创新反诈宣传模式，充分发挥辖区治安监控优势，搭载反诈语音播报，实现“治安防控+反诈宣传”两不误。三亚警方充分发挥辖区治安监控优势，搭载反诈语音播报，实现“治安防控+反诈宣传”两不误。据,https://www.163.com/dy/article/H5O32OO20514B5VB.html
“反诈警官老陈”辞职后表示：辞职是我错误的决定，家人未反对, , , ,https://www.163.com/v/video/VC4N3TRBQ.html
检察能动履职促“全链条”反诈,大江网,"
2022-04-26 09:26:12",本报讯 郑燕飞 首席记者刘宇琦报道：坚持对重大疑难复杂案件原则上每案介入侦查引导取证、全面审查上下游关联犯罪、注重“四大检察”协同发力等方式……近年来，江西检察机关坚持从严打击电信网络新型犯罪，注重源头治理。今年2月，省人民检察院出台办理网络犯罪案件工作机制，要求全省检察机关全链条深度打击电信网络诈骗等犯罪及上下游关联犯罪，促进形成“全链条”反电诈格局。全省检察机关坚持对重大疑难复杂案件介入侦查引,https://www.163.com/dy/article/H5SC04F305508T1R.html
反诈追赃打击黄赌毒：慈利公安“春雷”专项行动卓有成效,玩慈利网,"
2022-04-19 22:48:25",警方捣毁电信网络诈骗窝点后扣押的部分涉案物品民警在辖区公共娱乐场所集中清查,https://www.163.com/dy/article/H5BP3VLK0534BARL.html
杭州一公司给员工投保反诈保险, , , ,https://www.163.com/v/video/VW4PSDDU9.html
山东一社区要求居民注册反诈APP，否则不给发出门证, , , ,https://www.163.com/v/video/VL4NK8ADQ.html
【全民反诈】她交了17万学费，还是没弄明白什么是“挖矿”,无线昆明,"
2022-04-25 13:40:13",听说过“挖矿”骗局吗?对此有人给出不同的答案“挖矿”骗局，都这年头了，不会还有人骗我去矿山挖矿吧!我知道啊，我现在正在手机上挖着矿呢!前不久还赚了点小钱，现在正准备加大投资。可别提了，我刚被骗走了好几万，所谓的”投资导师“早已消失得无影无踪，我现在是追悔莫及。正确答案到底是什么话不多说直接上真实案例1月4日，寻甸县唐女士在朋友圈看到一条“免费玩，签到还能赚钱”的广告，出于好奇心，她扫描了内容下方的,https://www.163.com/dy/article/H5Q84H2B0530WETF.html
反诈老陈后悔了吗？被忽视的平台效应,翻了身的咸鱼,"
2022-04-25 13:58:19",,https://www.163.com/dy/article/H5Q95KDI055270TR.html
钦州警方开展“国家反诈中心”APP推广宣传活动，掀起反诈宣传新高潮,钦州警方传真,"
2022-04-21 20:34:16",精心组织 扎实推进“国家反诈中心”APP推广安装全市反诈工作开展再掀高潮钦州公安在行动为切实增强广大群众的防范意识，有效遏制电信网络诈骗高发势头，2022年以来，钦州市公安局在前期工作基础上，进一步加大电信网络新型违法犯罪治理力度，把防范宣传工作置于突出位置，措施再升级，不断加强全民安装“国家反诈中心”APP工作力度，全力以赴守好群众“钱袋子”。钦州公安以“全警反诈”带动“全民反诈”，切实提升防范,https://www.163.com/dy/article/H5GM7PH80514UA6C.html
@儋州市民 快关注“国家反诈中心”官方政务号！和骗子说再见！,这里是儋州,"
2022-04-24 18:33:01",你在网上刷过单吗？你听说过杀猪盘吗？你接到过自称“公检法”的电话吗？你遇到过自称导师带你投资赚钱吗？生活中遇到的诈骗形式、手段层出不穷让人防不胜防！让我们来观看下方短视频了解一下这些骗局的真实面目对诈骗分子这类群体，我们要严防打击提高防骗意识和能力！如何防？看国家“重拳出击”为切实提高人民群众 防骗意识和能力，营造全民反诈的浓厚氛围，呼吁全民下载“国家反诈中心”APP、“国家反诈中心”APP是一款,https://www.163.com/dy/article/H5O6FTTE0550I46A.html
筑牢反诈“防火墙” 守好群众“钱袋子”,爱常丰,"
2022-04-25 10:40:15",        为切实做好人民群众安全防范教育，预防和减少电信诈骗案件的发生，近日，常丰镇持续开展防范和打击电信诈骗宣传工作。        活动中，镇村干部深入村组群众家中，对辖区内所有拥有智能手机的农户地毯式排查，全覆盖宣传安装国家反诈APP和宝鸡反诈卫士软件。通过发放宣传单、面对面的方式向群众宣传防范电信诈骗知识，揭露电信诈骗犯罪伎俩，提醒群众防范犯罪分子可能利用电话、网络等媒介编造种种理由,https://www.163.com/dy/article/H5PTQUQ5055302RK.html
以“读”防“毒”，禁毒反诈紧相随,安拓社工,"
2022-04-27 09:40:50",山河春暖四月天，正是读书好时节。4月23日是第27个世界读书日，为了进一步推动全民阅读工作的开展，营造爱读书，读好书的良好氛围，同时为了筑牢识毒防毒拒毒和反诈思想防线，增强自觉抵制不良诱惑的决心和信念，营造全民御毒访诈的良好氛围。湘桥区禁毒办，湘桥反诈联合太平街道综治办，以湘桥区文化馆，图书馆开展“品味书香，享阅读之乐”为主题的“粤读越精彩”全民阅读推广系列活动为契机，于4月23日至31日在湘桥区,https://www.163.com/dy/article/H5UV7IL50536O6S8.html
反诈进行时 | 网友“垫资”帮你赚钱？你可别再天真了……,吴中公安,"
2022-04-25 20:28:06",当今社会理财观念深入人心“高回报”、“高收益”还有专业的导师带着你投资理财心动吗？跃跃欲试吗？诈骗分子趁虚而入设计重重骗局一不小心你可能就落入了他们的圈套！近日，吴中横泾辖区的许女士在网上认识了一名网友，在网友的“热情”帮助下进行了投资理财，怎料捡了芝麻丢了西瓜，被骗近5万元。事件回顾前不久，许女士在网络平台上认识一名网友，通过简单的聊天，对方透露给许女士有个投资平台，包赚钱，可以推荐给许女士，并,https://www.163.com/dy/article/H5QVFCK505149GK4.html
潜江公安：用好反诈宣传“三件套” 打造多维反诈新格局,网易潜江,"
2022-04-21 17:02:42",近来，潜江公安坚持“以防为主、以防为先、以防为要”的原则，结合重点工作用好“反诈警示榜、反诈大广播、反诈‘村村通’”等反诈宣传“三件套”，确保识诈反诈知识入户到人，打造多维度反诈宣传新格局，降低电诈案件发案率，切实守护好人民群众“钱袋子”。幕幕惊心，“反诈警示榜”贴进企业门口4月18日，潜江市公安局民警为企业送来一张“反诈警示榜”，引来员工围观。前一天，该公司员工袁某遭遇电信网络诈骗，损失1000,https://www.163.com/dy/article/H5GA4C5M05349U5J.html
反诈我们是认真的 全民反诈, , , ,https://www.163.com/v/video/VZ4A5BRC8.html
“反诈警官老陈”辞职，他并不冤枉,常江说娱乐,"
2022-04-24 14:50:24","“反诈警官老陈”是最近两年爆火的一个网络UP主，以一介普通民警的身份，向大家普及着网络诈骗的一些常识，使很多人避免了上当受骗的悲剧,大家都很喜欢他的视频。他在网络上拥有750万粉丝，每期视频都在百万以上，同时收到大量点赞和投币。但是在4月8日的视频中，他突然宣布辞去警察身份，将以普通老百姓的身份做专职UP主，继续向大家普及防诈骗小技巧。一时间舆论哗然，有人说他是被人下套了，有人说他是被人栽赃了，据",https://www.163.com/dy/article/H5NPO59R053722KX.html
媒体聚焦丨南宁警方:打好反诈“组合拳” 守好群众“钱袋子”,南宁警方,"
2022-04-18 19:04:10", 南宁市公安局今年以来进一步加大打击治理电信网络诈骗犯罪的工作力度，全面落实“打防管控”措施，取得阶段性显著成效，有力遏制电信网络诈骗犯罪多发态势。今年截至4月13日，南宁市电信网络诈骗犯罪案件数同比下降32.23%，破案率提高了32.61个百分点。南宁市公安局良庆分局民警在小区开展推广下载“国家反诈中心”App反诈志愿活动。01中新网02人民网03央广网04南宁广播电视台05南宁电台06南国早报,https://www.163.com/dy/article/H58PSM0C05341C4X.html
辞去警察职务的“反诈老陈”，有了新计划！,人民政协网,"
2022-04-19 15:12:03",“您好，我是反诈主播，您下载了国家反诈中心App了吗？”去年9月以来，一位账号名为“反诈警官老陈”的真警察，因为在网络上和其他主播“连麦”反诈，产生的戏剧效果吸引了大量观众，甚至一度登上微博热搜。“反诈老陈”真名叫陈国平，当过兵、缉过毒。2017年，河北省秦皇岛市公安局海港分局刑警大队成立“反诈中队”，他服从组织安排成为其中一员，专门打击电信网络诈骗。“一年365天，有200多天都在外面跑。”老陈,https://www.163.com/dy/article/H5AV0BG105530KS1.html
真抓实干显成效！新沂农商银行协助反诈工作获表扬！,江苏财经之声,"
2022-04-27 10:03:38",4月24日，新沂农商银行收到新沂市公安局窑湾派出所发来的表扬信，信中对新沂农商银行主动移送可疑线索、积极参与反诈工作给予了高度认可，并对相关人员提出表扬。2022年4月7日，新沂农商银行运营管理部在工作中监测到一户可疑账户，经过初步甄别，发现该账户存在疑似电信网络诈骗的情况，并及时发送网点进行核实管控。于4月8日将此情况推送给新沂市公安局反诈中心及窑湾派出所，窑湾派出所根据这一线索，成功抓获犯罪嫌,https://www.163.com/dy/article/H5V0HC2I0518DHBR.html
【我为廊坊点赞】王猛：不惧“逆行”，“防疫”“反诈”两手抓！,廊坊发布,"
2022-04-23 10:56:56",疫情就是命令，疫情就是警情。自疫情防控工作开展以来，全市公安机关广大民辅警闻令而动、坚定信心，挺身而出、冲锋在前，始终把保护人民群众生命安全和身体健康放在第一位，义无反顾战斗在疫情防控第一线，全力以赴做好防风险、护安全、战疫情、保稳定各项工作。在这场没有硝烟的战“疫”中，每个冲锋一线的人都是值得尊敬的英雄，每个无私奉献的瞬间都值得铭记。今天让我们一起看看香河县公安局新开街道派出所副所长王猛的故事。,https://www.163.com/dy/article/H5KQ03NS0514DQAC.html
反诈宣传进社区活动,8099999街头巷尾,"
2022-04-27 11:18:05",为扩大反诈宣传覆盖面，筑牢反诈防线，4月20日，东陆桥派出所组织开展了预防电信诈骗宣传活动。活动针对社区老年人反诈意识较为薄弱的问题，结合近期辖区内发生的诈骗案件，发放了“诈骗案件实例”宣传册、宣传单，同时扫码安装“金钟罩”APP等多形式、多角度、多层次开展宣传活动。例举了辖区居民上当受骗的真实案例，参与其中的居民听得聚精会神，有的甚至主动分享起自己曾经遇到过或者听闻过的被骗经历，纷纷表示对民警分,https://www.163.com/dy/article/H5V4PMJF0552SO56.html
沽源开展“扫黄打非”反诈宣传 提高群众防范意识,河北新闻网,"
2022-04-27 19:26:05",图为沽源县公安局工作人员向群众发放反诈宣传资料。祝天胜摄河北新闻网讯（通讯员张倩倩）为贯彻落实省、市、县“扫黄打非”工作要求，深入开展“净网”专项行动，加大对电信网络诈骗违法犯罪的打击力度、宣传密度、防范强度，增强广大网民识骗、防骗的意识和能力，进一步推动网络综合治理，营造良好网络生态，切实维护居民的切身利益，近日，沽源县“扫黄打非”办公室联合县委网信办、县公安局、县法院等成员单位开展防范电信诈骗,https://www.163.com/dy/article/H600N86R0514TTN3.html
关于全民下载国家反诈中心APP的倡议书,钦北卫士,"
2022-04-18 21:54:04",钦北区广大人民群众：当前，电信网络诈骗态势愈加猖獗，手段越来越隐蔽、越发具有欺骗性，受害人数不断增加，群众财产安全受到严重威胁。为保护群众财产安全，国家反诈中心和国家互联网应急中心联合开发“国家反诈中心”APP，以国家权威推动反诈工作，确保个人信息绝对安全。它的四大核心功能：一是“诈骗预警”，对诈骗来电、短信、APP进行无感阻断；二是“我要举报”，遇到有疑似电信诈骗可以快速举报；三是“身份验证”，,https://www.163.com/dy/article/H593JO480514UA6A.html
这就是没有下载反诈APP的下场，哈哈哈哈, , , ,https://www.163.com/v/video/VW4JFIVA7.html
【反诈宣传】@所有人 警惕！！！P2P回款诈骗卷土重来！,法治海东,"
2022-04-21 18:50:18",自前些年P2P平台现“爆雷潮”后一贯擅长讹言惑众的诈骗分子瞅准投资者迫切想要追回钱款的心理时不时出来作个妖“撩拨”一下投资者那颗敏感又脆弱的心这不近期他们又双叒叕携“新手段”出来东诓西骗了注意啦！诈骗还是那个诈骗没有一丝丝改变！套路解析1与受害者取得“密切”联系（注：以下出现的公司名称、人员姓名均为骗子冒充）23经过以上一系列操作深陷其中无法自拔的受害者很容易就不小心着了骗子的道1、凡是让先交钱再,https://www.163.com/dy/article/H5GG9E4D0534KOBI.html
常德女子无视“国家反诈中心”APP预警拦截，被骗7万元,常德全媒,"
2022-04-19 23:20:07",2022年4月14日下午，家住常德市鼎城区的石女士手机频繁接到一个陌生来电，按捺不住好奇心的石女士不顾“国家反诈中心”的预警提示，接通了电话。“我是常德市公安局的民警，你现在涉嫌非法为他人代办银行卡，请配合调查……”对方在通话过程中准确说出了石女士的姓名和身份证号等个人隐私，并要求石女士添加他的私人微信进一步沟通。由于对方能准确说出自己名字、身份证号等个人信息，石女士一时信以为真。视频通话里，所谓,https://www.163.com/dy/article/H5BQU11K05504B7H.html
从爆红到辞职，被网暴的“反诈主播”老陈：我只愿，天下无诈,娱乐趣事呀,"
2022-04-19 16:57:20",,https://www.163.com/dy/article/H5B512LL055309O9.html
反诈“秀峰”-襄阳市反诈中心民警、刑侦支队副大队长王秀峰事迹,叶叶说襄阳,"
2022-04-21 10:33:10",（通讯员：侯 军 曾长羽）俊秀的容貌，警官的风采，他似一座风景旖旎的“秀峰”：先后荣立个人三等功2次、嘉奖4次，入选全国打击电信网络诈骗犯罪专家人才库，荣获全省净网行动先进个人、全省侦查岗位成绩突出个人、省级教官等荣誉称号，他就是襄阳市公安局反诈中心民警、刑侦支队二大队副大队长王秀峰。磨砺“金刚钻”电信网络诈骗具有案件高发、手段多变、涉及面广、损失巨大的特点，成为危害社会治安稳定的毒瘤。为了遏制案,https://www.163.com/dy/article/H5FJR3MG0534V4TI.html
反诈民警老陈辞去公职，反诈不能只靠个人宣传，更离不开这些装备,三宝美食,"
2022-04-12 09:20:32",“你好，我是反诈公益主播老陈，请问您是什么主播？”4月8日，因反诈宣传直播连麦而火极一时的反诈民警老陈突然在社交媒体上宣布辞去公职，他表示，已经办完离职手续，将继续以个人身份参与公益。图源网络，如有侵权，请告知删除2021年9月，河北省秦皇岛市反诈民警陈国平PK主播走红网络，掀起一波全民反诈的热潮。随着关注的人越来越多，争议也逐渐变大，包括此前热门的柬埔寨事件与巨额打赏事件。老陈坦言，曾因打赏问题,https://www.163.com/dy/article/H4OA3L7H0552BPKE.html
开州政协共商共筑反诈防骗防火墙,开州微传播,"
2022-04-19 21:00:09",通讯员：李波  重庆政协报讯 当前网络犯罪有哪些显著特点和趋势？如何有效防范和打击新型网络犯罪？近日，开州区政协组织开展专题协商活动，努力寻找这些问题的答案，共同筑牢反诈防骗“防火墙”。为提升协商的精准度和有效性，开州区政协社法民宗委在会前组织相关领域委员代表进行了走访调研。委员们深入公安、司法、金融管理等部门和街道社区及部分受害者家里，了解防范和打击新型网络犯罪现状，倾听群众诉求和建议。“202,https://www.163.com/dy/article/H5BIT5PO054128W4.html
高额利息是场梦 勿让钱财变成空#全民反诈#投资理财#反诈宣传, , , ,https://www.163.com/v/video/VE52249AC.html
邵阳县用好宣传武器织密防控期反诈“网”,红网,"
2022-04-23 22:19:09",邵阳县劳务输出遍布全国。因近期国际国内疫情形势严峻，为配合流调，一些村民或接到不同部门的流调电话应予积极配合，给不法分子借流调、信息核查名义实施电信诈骗带来可乘之机。为预防疫情防控期间，两个帮扶村群众遭受电信诈骗，邵阳县审计局乡村振兴工作队与村两委紧密配合，防控反诈两手抓。宣传疫情防控、组织核酸检测时，一并开展反电诈宣传，提醒大家务必提高警惕；在防控宣传资料上，明确告知流调不会让大家做五件事：索要,https://www.163.com/dy/article/H5M118QS0514EV7Q.html
“反诈疫苗”进社区 邑州青年在行动,四川之声,"
2022-04-27 10:11:27",,https://www.163.com/dy/article/H5V0VCQK05507RFF.html
今年我市电诈警情降47.7%、破案数升57.1%——市反诈中心全力守护群众“钱袋子”,举报,"
2022-04-27 14:54:09",今年来，我市反诈骗中心以群众满意为标准、以群众需要为导向，将守护群众的“钱袋子”时刻放在首位，主动探索疫情防控下反诈防诈技战法和工作思路，严格落实7x24小时值班制度，不断提高发现潜在受骗群众的能力，进一步提升预警劝阻工作效能，全力守护群众的财产安全。案情速递3月份下旬，市反诈骗中心接到一起群众在网上投资被诈骗的警情后，民警凭借专业敏锐性，通过与犯罪分子周旋及反渗透，对涉案账户进行拓展追踪，成功排,https://bendi.news.163.com/guangdong/22/0427/14/H5VH5AC604179HUV.html
建设美好雁塔｜“红雁”反诈宣讲团走进西影厂,雁塔融媒,"
2022-04-27 18:08:02",“刚刚接到一个自称是官方客服打来的电话，说是要对我的‘花呗’进行升级。”、“诈骗犯罪手段花样百出，你要小心谨慎，千万不能掉进诈骗犯罪分子的‘陷阱’”。近日，公安雁塔分局“红雁”反诈宣讲团在西安电影制片厂组织开展防范电信网络诈骗主题宣讲活动。活动中，宣讲员详细介绍了电信网络诈骗分子的惯用伎俩、作案方式、诈骗的种类和危害。“如果在日常生活中，遇到电信网络诈骗一定不要慌张，最好能留下对方的信息，并及时报,https://www.163.com/dy/article/H5VS896L055235GP.html
永兴镇三举措筑牢“反诈”防线,市场新观察,"
2022-04-27 12:10:22",织密“防诈网”。成立永兴镇反诈工作领导小组，召开专题会议，明确工作职责，细化任务分工，积极动员党员干部和辖区志愿群众充当反诈卫士，形成防诈网络，实现反诈骗工作全民参与、共同防范的目标。筑牢“防火墙”。针对辖区内不同的受众群体，利用微信QQ、公众号、二级广播、入户走访等形式加大宣传力度，发放反诈手册，讲解防骗技巧，及时宣传防范电信网络诈骗方式方法及典型案例，提高群众防诈骗意识，了解主要诈骗手法及特点,https://www.163.com/dy/article/H5V7PEA50512BOIV.html
东陆桥派出所组织开展企业反诈宣传活动,8099999街头巷尾,"
2022-04-27 11:38:10",为进一步提升东陆桥派出所附近辖区群众防诈骗意识，有效遏制诈骗案件发生，切实保障人民群众财产安全，加深警企联系。东陆桥派出所邀请辖区企业负责人来所上，根据近期辖区内电诈案件发案特点，开展“反诈”宣传活动，现场以讲解形式对我所辖区高发案件进行预警宣传。民警结合近期实际发案，以实际案例进行分析讲解，传授防诈骗知识，提醒我所辖区管理人员较多单位高层负责人展开反诈宣传，提醒附近辖区居民、商户提高防诈意识。现,https://www.163.com/dy/article/H5V5UETN0552SO56.html
反诈老陈辞职后，称自己做了一个错误决定, , , ,https://www.163.com/v/video/VK4PPSABB.html
紧急止付400万元 冰城警方与诈骗分子上演反诈“赛跑”,食品安全与法律网,"
2022-04-27 14:51:15",食品安全与法律网讯（通讯员 朱善永）“止付成功！”当消息传来的瞬间哈尔滨市公安局反诈中心集体欢呼，大家犹如放下千斤重担，这是一场反诈民警与诈骗分子的“赛跑”，民警争分夺秒、紧急止付成功，为群众挽回经济损失400万元。事情要从4月18日常女士接到了一则00开头的陌生电话说起......套路一陌生来电称你涉嫌犯罪“你好，是常**女士吗，我是市公安局民警，现查明你涉嫌洗黑钱。”接到自称公安局的来电，常女,https://www.163.com/dy/article/H5VGVV600534B74O.html
【反诈课堂】关于买卖“两卡”的陷阱，你了解吗？, , , ,https://www.163.com/v/video/VU4767L7Q.html
铜川虹桥分局：反诈宣传进企业，警企共筑“防骗墙”,陕西科技传媒,"
2022-04-27 16:22:01",活动中，宣传民警一方面通过向企业职工群众讲解防范电信网络诈骗知识和“国家反诈中心”App的功能、特色及优势，现场指导职工群众安装及注册，并动员他们积极向家人和朋友宣传防诈知识，一起加入“国家反诈中心”App。另一方面通过发放打击医保欺诈骗保宣传资料，讲解《陕西省欺诈骗取医疗保障基金行为举报奖励实施办法》，鼓励职工群众积极向有关部门举报欺诈骗保行为。通过此次活动，使职工群众充分认识到了防范电信网络诈,https://www.163.com/dy/article/H5VM66FA0530WT0L.html
武陵区启明街道：反诈宣传进校园 共筑安全防骗墙,红网常德站,"
2022-04-27 16:43:20",活动现场给学生发放反诈宣传资料。活动中，许警官以面对面的形式向师生们普及了如何预防电信网络诈骗。通过真实典型的案例，运用通俗易懂的讲解方式，向师生们详细介绍了电信网络诈骗犯罪分子的惯用手法、作案方式、电信网络诈骗的种类和危害，确保同学们能听懂、能接受、能学会。并号召同学们向自己的父母、亲戚朋友宣传反电诈知识、安装国家反诈App，实现以学生带动家长，让防范电信诈骗知识走进每一个家庭、渗透到社会的每一,https://www.163.com/dy/article/H5VND8B60534AANQ.html
武陵区启明街道：反诈宣传进校园 共筑安全防骗墙,红网,"
2022-04-27 17:18:05",活动现场给学生发放反诈宣传资料。活动中，许警官以面对面的形式向师生们普及了如何预防电信网络诈骗。通过真实典型的案例，运用通俗易懂的讲解方式，向师生们详细介绍了电信网络诈骗犯罪分子的惯用手法、作案方式、电信网络诈骗的种类和危害，确保同学们能听懂、能接受、能学会。并号召同学们向自己的父母、亲戚朋友宣传反电诈知识、安装国家反诈App，实现以学生带动家长，让防范电信诈骗知识走进每一个家庭、渗透到社会的每一,https://www.163.com/dy/article/H5VPCSHK0514EV7Q.html
反诈警官老陈称辞职是错误决定,黄女士论教育,"
2022-04-23 10:30:09",反诈警官老陈离职后直播，被网友质疑是为了带货，哽咽谈离职原因导读：反诈警官老陈称辞职是错误决定 背后真相实在让人惊愕！但陈国平很清楚，脱下警服后，“打回原形”这种连麦效果将基本消失，个人反诈的热度能维持多久，他也不敢肯定。“不是警察了，个人做反诈更难，以后只是一部分(内容)吧，还是以正能量的东西内容为主。”他说目前平台也没有主动来讨论合作方向，“也在观望。”直播间里，蹦出一个金色奖杯状的礼物，在主,https://www.163.com/dy/article/H5KOF0BG05528YU5.html
成都武侯公安推出原创反诈歌曲《反诈阵线联盟》 带你认识“帮信”犯罪,金台资讯,"
2022-04-24 15:28:14", 今年以来，成都武侯公安分局反诈中心持续重拳出击，严打电信网络诈骗犯罪，成功打掉多个涉诈犯罪团伙，抓获一批犯罪嫌疑人，查获大量银行卡、电话卡、刷卡机。在打击破案过程中，反诈民警们发现部分群众经常因为一时贪婪，相信“天上掉馅饼”，加之法律意识薄弱，于是将银行卡、身份证、电话卡等重要证件租卖给电诈团伙，帮助诈骗分子实施犯罪，也就是“帮信”犯罪。 对此，为进一步加大反诈宣传力度，成都市公安局武侯公安分局,https://www.163.com/dy/article/H5NRTIR505346936.html
广东反诈五年避免经济损失近2123亿元,南方都市报,"
2022-04-22 22:06:22",广东省委政法委、省公安厅、省司法厅、省应急管理厅、省法院、省检察院的负责同志介绍了有关情况，并回答记者提问。查封冻结扣押涉案资产700多亿元黑恶犯罪得到根本遏制广东省委政法委副书记张庆宏在答记者问中介绍，广东深入推进扫黑除恶斗争，从2018年到2020年三年专项斗争总体成效来看，连续三年都是排在全国第一。广东省委政法委副书记张庆宏介绍近年来广东开展扫黑除恶工作基本情况。南都记者 冯宙锋 摄2021,https://www.163.com/dy/article/H5JDT4T505129QAF.html
兰州警方发布反诈预警 快来看“杀猪盘”里的套路,信息新报,"
2022-04-27 14:57:12",兰州警方发布反诈预警快来看“杀猪盘”里的套路兰州警方提示，在“杀猪盘”套路中，犯罪团伙成员会建立自己的虚拟身份，也就是“人设”。一般来说，男性都是“高富帅”，不仅阳光帅气，还爱健身、有豪车；女性则是经营商铺失败的个体户，年轻貌美但命运多舛，容易获取他人的同情心。“人设”的建立需要大量的视频和照片素材，犯罪团伙为此做了搜集、积累等工作，这些素材通常来源于各种网站上的个人生活照和视频。犯罪团伙成员包装,https://www.163.com/dy/article/H5VHAT3P0552ADWT.html
全民反诈丨聊城反诈科普视频——冒充“熟人”, , , ,https://www.163.com/v/video/VH3J0109S.html
防疫反诈两不误 筑牢安全双防线,信息新报,"
2022-04-24 10:57:41",“请大家戴好口罩，有序排队。”“现场还有谁没有下载过国家反诈APP的，我来帮助大家下载安装。”近日，华埠派出所民警利用核酸检测全民参与、宣传面广的优势，在遵守疫情防控各项规定的同时，在华埠镇彩虹公园核酸检测点积极开展反诈宣传，为群众送上“反诈宝典”，牢牢守住群众钱袋子。“您好，这是我们的‘反诈宝典’，里面有很多诈骗的典型案例以及反诈技巧，请您看一下。”民警在发放宣传册的同时，现场为群众讲解电信诈骗,https://www.163.com/dy/article/H5NCE67K0552ADWT.html
【全民反诈】“赚钱”App提现套路多 构成“人员链”“金钱链”难逃传销之嫌,环京津新闻网,"
2022-04-27 19:28:16",看新闻赚现金、刷视频拿红包，甚至走路、睡觉都有人给你“发福利”……人们不禁感叹，在互联网时代，赚钱竟已变得如此容易？近年来，各类“赚钱”App层出不穷，吸引无数民众下载。北京德恒律师事务所合伙人、网络与数据研究中心主任张韬接受记者采访时表示，这类App大多采用“拉人头”的营销手段，平台要严格明晰营销与传销的界限，避免越界。“赚钱”App“拉人头”成固定套路年轻的宝妈韩迪在空闲时喜欢刷刷短视频，一次,https://www.163.com/dy/article/H600R82U0550HLD8.html
55岁焦恩俊发文反诈，提醒网友不要上当，正能量满满,猫眼娱乐官方号,"
2022-04-23 18:42:41",4月23日，焦恩俊通过社交平台发布了一则消息，声称骗子集团通过配音的方式，篡改了自己的视频，表示视频中所说的内容并不是自己的原声，提醒大家一定要注意不要受骗，并且呼吁大家一起打击诈骗。焦恩俊是非常著名的演员，他的颜值也演技都无可挑剔，在过去扮演的杨戬和李寻欢，是一代人心中经典的记忆，很多人甚至只要一听到杨戬这个人物，想到的就是焦恩俊的形象，是最经典的杨戬之一。除了古装剧之外，焦恩俊的现代装扮也非常,https://www.163.com/dy/article/H5LKKSQC0517EMLH.html
「全民反诈」“多亏了东阿民警，多亏了东阿反诈‘金钟罩’”,大众网,"
2022-04-11 17:31:04",大众网·海报新闻记者 廖伟 通讯员 耿淑芹 聊城报道4月8日，东阿县公安局铜城派出所民警根据东阿反诈“金钟罩”警民联防平台预警信息成功阻断一起冒充公检法电信网络诈骗案件，为市民守住了钱袋子。大众网·海报新闻记者了解到，当日，铜城派出所民警接到了东阿反诈“金钟罩”程序民警端推送的预警信息，辖区居民刘女士(化名)存在被仿冒公检法诈骗的风险，要求及时劝阻。接到预警信息后，民警立即联系当事人，第一时间打电,https://www.163.com/dy/article/H4MJP5J70514R9KU.html
“嘉阳蒸汽小火车”之反诈专列，发车啦！,崇州市人民检察院,"
2022-04-19 11:36:49",火车，坐过吧绿皮火车，坐过吧“嘉阳蒸汽小火车”，坐过吗？几十年来，嘉阳蒸汽小火车担任着运送当地村民以及煤矿的光荣使命保留至今，成为了世界上唯一正常运营的客运窄轨蒸汽火车作为“工业革命的活化石”它，声名鹊起、名扬四方无数中外游客慕名纷至沓来，就为打卡营造全民反诈的浓厚氛围强化人民群众防范意识近期，乐山犍为警方联合犍为嘉阳煤矿开通了“反诈专列”“反诈专列”通过宣传海报、桌面反诈口诀提示让游客玩耍的同时,https://www.163.com/dy/article/H5AIM54I05342I98.html
“反诈警官老陈”辞职,环球时报新闻,"
2022-04-11 09:53:02",近日，河北秦皇岛“反诈警官老陈”陈国平辞去警察职务一事引发关注。4月9日，其原工作单位秦皇岛市公安局海港分局方面向南都记者证实陈国平已辞职。“老陈”原是一名打击电信诈骗的民警，因与主播PK连麦宣传反诈，意外走红网络，也招来质疑。在“老陈”辞职前不久，他用其个人短视频账号进行直播，被网友打赏约百万元，有人因此怀疑其有商业目的。对此，“老陈”宣布当日直播收入已全部捐出。今年44岁的陈国平原为秦皇岛市公,https://www.163.com/dy/article/H4LPIE8Q05504DPG.html
反诈骗 | 西夏区“警格+网格”联合“敲门”“扫楼”全力打好反诈人民战争,西夏发布,"
2022-04-24 17:57:03",西夏区通过整合资源力量，探索建立“警格+网格”双网融合联动机制，统筹推行反诈“警格+网格”分包制度，采取治安巡逻+入户走访+反诈宣传等各类双联动工作模式，全力打好反诈人民战争。来源：西夏区公安分局监制：岳荣审核：刘莲编辑：冯芳点一下“在看”你会更好看耶,https://www.163.com/dy/article/H5O4E2SU0514NJGM.html
反诈骗 | 西夏区“警格+网格”联合“敲门”“扫楼”全力打好反诈人民战争,西夏发布,"
2022-04-24 17:57:03",西夏区通过整合资源力量，探索建立“警格+网格”双网融合联动机制，统筹推行反诈“警格+网格”分包制度，采取治安巡逻+入户走访+反诈宣传等各类双联动工作模式，全力打好反诈人民战争。来源：西夏区公安分局监制：岳荣审核：刘莲编辑：冯芳点一下“在看”你会更好看耶,https://www.163.com/dy/article/H5O4E2SU0514NJGM.html
关于安装“国家反诈中心”APP的倡议书,南宁警方,"
2022-04-15 11:40:25",倡议书尊敬的市民朋友：南宁反虚假信息诈骗中心2022年1月24日今天还有一款反诈神器必须推荐大家“国家反诈中心”App因为它真的能及时预警最大程度上挽回群众的财产安装方法第一步：下载安装，在应用商城搜索“国家反诈中心”（苹果、安卓手机皆可在商店搜索）或扫描二维码安装第二步，注册认证第三步，开启预警防护功能“国家反诈中心”APP是一款帮助用户预警诈骗信息，快速举报诈骗内容，提升防骗能力的反电信网络诈,https://www.163.com/dy/article/H5099VBC05341C4X.html
反诈老陈称被网暴逼着辞职,南昌晚报,"
2022-04-24 00:47:55",44岁的陈国平此前是河北省秦皇岛公安局海港分局反诈中心的民警去年9月以来因为在短视频平台迅速出圈收获了近750万粉丝但如今，他决定辞去警察职务▲图源：中国新闻周刊。对于辞职的原因，他归结为两次网暴。短视频平台评论区质疑陈国平的声音在两次网暴里，他觉得看到了继续直播会牵连单位的苗头，毕竟他穿着警服，于是向单位提出了辞职。现“反诈警官老陈”抖音账号已被更名“海港反诈中心”——这是陈国平前单位的官方号名,https://www.163.com/dy/article/H5M9HMBT0530RK8J.html
36.84%背后的梅州反诈攻坚,南方Plus,"
2022-04-20 13:04:09",今年一季度，梅州共立电信网络诈骗案件576宗，同比下降36.84%，涉案金额同比下降28.22%，诈骗刑事案件立案数同比下降37.63%。从公安机关独当一面到党政主管、全民参与，从“铺天盖地”宣防到“大水漫灌”“精准滴灌”相结合，一组数据映射出梅州日渐深入的防骗反诈人民战争。逆水行舟用力撑，一篙松劲退千寻。当前，电诈犯罪主体呈现集团化、跨国化、精准化、系统化等特点，已成为发案率最高、危害最大的侵财,https://www.163.com/dy/article/H5DA2SP0055004XG.html
“反诈志愿者”上线，井研公安再掀反诈宣传新高潮！,四川法制网,"
2022-04-20 11:53:41",为全力遏制电信网络诈骗案件高发多发态势，进一步加大“国家反诈中心”APP的推广力度，切实增强群众反诈意识，提升广大群众识诈拒骗能力，保障人民群众财产安全。近日，井研县公安局携手井研职业中学50余名反诈志愿者，走街串巷、登门入户持续开展“国家反诈中心”APP推广下载工作，再次掀起反诈宣传新高潮！行动成果集中宣传行动共出动警力40人，发动志愿者50余人，散发宣传资料3000余份，发动注册“国家反诈中心,https://www.163.com/dy/article/H5D61PPH0530INM1.html
 把关被骗，保险理赔！  太原市反诈中心打造“你转款，我把关”的反诈新模式,举报,"
2022-04-21 11:03:44",4月20日上午，“你转款，我把关”咨询服务新闻发布会在太原市人民政府新闻办公厅举行。太原市反诈骗中心联合中国人寿财产保险公司举行“警保联动”签约仪式，打造“你转款、我把关”咨询服务活动的反诈新模式，为广大市民群众提供免费咨询服务，鼓励群众汇款转账前咨询，最大限度地减少损失、不受损失。发布会由市委宣传部副部长、市政府新闻办主任边素庭主持，太原市打击治理电信网络新型违法犯罪领导小组副组长、太原市公安局,https://sx.news.163.com/22/0421/11/H5FLJ3M904149A58.html
反诈进行时 |快递遗失主动赔偿？收款不成反被骗钱,苏州交警,"
2022-04-24 18:05:47",理应根据约定退赔损失，不法分子却利用消费者求偿心理设下陷阱。近日，友新派出所就接报了这样一起诈骗警情，市民陈先生不仅没拿到赔款，反而损失了4.5万余元。警情回顾：近日，陈先生向友新派出所报警求助，称遭遇快递退赔诈骗。经了解，陈先生接到了一个“00”开头的陌生来电，当时还觉得号码很奇怪，但因为忙着手头工作顺手点了接听。电话中对方自称是某快递的工作人员，因为不慎弄丢了陈先生的包裹，特意来电主动赔偿。陈,https://www.163.com/dy/article/H5O4U34P051492GE.html
《致家长的一封信》反诈宣传进校园,8099999街头巷尾,"
2022-04-27 07:03:06",自问计于民活动开展以来，为进一步提高辖区群众防范各类电信诈骗安全意识，有效打击诈骗，维护群众利益，预防和减少电信诈骗案件的发生，西山公安分局滇池路派出所坚持党建引领，紧密结合问计于民大走访活动，持续到辖区校园开展反诈宣传进万家活动。2022年4月25日，滇池路所社区民警到辖区书林一小福海小区开展“问计于民大走访”暨反诈宣传进校园活动。活动伊始，民警从“什么是电信诈骗”、“电信诈骗的起源”、“常见的,https://www.163.com/dy/article/H5UM6QL10552SO56.html
五华分局组织开展“反诈宣传进万家”之”校园反诈游园会”活动,8099999街头巷尾,"
2022-04-26 19:50:18",12月17日下午，分局在云南财经大学龙泉路校区新阳广场组织开展”反诈宣传进万家”之”校园反诈游园会”活动。云南财经大学党委副书记桂正华，云南财经大学副校长彭强，市局党委委员、政治部主任郑山，市局党委委员、副局长伏思良，市局妇女联合会主席、出入境管理局党总支副书记、政委王颖雅，副区长、分局党委书记、局长王嘉懿，市局政治部副主任母演昌，区政府办副主任杨祖曜，区委宣传部副部长、区文明办主任叶俊麟，区委政,https://www.163.com/dy/article/H5TFMSKI0552SO56.html
王猛：不惧“逆行” “防疫”“反诈”两手抓,举报,"
2022-04-24 09:02:31","
                        （原标题：【我为廊坊点赞】王猛：不惧“逆行”，“防疫”“反诈”两手抓！）
                    疫情就是命令，疫情就是警情。自疫情防控工作开展以来，全市公安机关广大民辅警闻令而动、坚定信心，挺身而出、冲锋在前，始终把保护人民群众生命安全和身体健康放在第一位，义无反顾战斗在疫情防控第一线，全力以赴做好防风险、护安全、战疫情、保稳定各",https://hebei.news.163.com/22/0424/09/H5N5RAJO04159BTH.html
南山区高校反诈主题设计大赛来了！共建无诈校园 赢取创意大奖,孕期胎教,"
2022-04-27 03:51:42",读创/深圳商报记者 罗凯燕兼职刷单轻松日入千元？结果被层层套路骗走数十万元积蓄。贴心恋人熟谙生财之道，掌握博彩网站、投资APP漏洞，邀你一起为未来挣“储备金”，保证稳赚不赔。结果却是万恶“杀猪盘”，让入套者情感和经济遭受双重重创。冒充银行工作人员，联系企业财务称要年检核账。组建QQ对接群，却是一人分饰多角，群内除事主外全部是骗子“马甲”，再精明的财务人员也难免中招。…… 以上这些电信诈骗案例 您是,https://www.163.com/dy/article/H5UB88RP0526PCH5.html
江苏盐城东台：反诈“绿马甲”上线啦,举报,"
2022-04-21 09:16:15",“婆婆，把这几份反诈、交通、消防宣传单收好，要认真了解上面的相关知识哟！”近日，四名身穿印有“江苏茉织华反电诈、交通、消防宣传小组”马甲的工作人员，穿梭于五烈茉织华庄园小区，逐栋逐层逐户宣传反诈、交通、防疫、消防知识，力争将防诈、交通、防疫、消防知识传递给每一位住户。反电诈、交通、防疫、消防小组成员一边发放防范宣传单，一边结合典型案例向群众讲解防范知识，他们专业的宣传能力及认真的宣传态度得到了小区,https://js.news.163.com/22/0421/09/H5FFEA3N04248EAR.html
【安防宝典】儿童反诈特辑丨爱和教训要兼得,警苑心语,"
2022-04-26 16:50:28",—反诈从儿童入手儿童反诈特辑孩子是世界上最可爱的像小天使、小精灵他们总是无忧无虑的玩耍着但是娃们就变成了“小神兽”如果你发现家里的“小神兽”经常抱着手机深深不能自拔那你可就要警惕了有这么一群人专盯无戒备心理的孩子以各种理由实施电信诈骗套路1：赠送免费皮肤— 真实案例 —11岁小福（化名）玩游戏时发现有人发布 免费领游戏皮肤的广告，便添加了对方的QQ。对方要求小福登录父母“钉钉”软件并选择共享屏幕，,https://www.163.com/dy/article/H5T5DKHE05149HIL.html
“六进活动”构筑“全民反诈”铜墙铁壁,8099999街头巷尾,"
2022-04-26 18:24:22",为切实织密全民反诈防骗“防护网”，西山公安分局碧鸡派出所利用“警格+网格”管理模式，联合街道、社区工作人员、红袖标队伍协同配合开展“问计于民大走访”暨“反诈宣传进万家”活动，全力构筑广覆盖、多维度、全方位、立体化的“全民反诈”铜墙铁壁。一、加强组织领导，建立反诈新格局。碧鸡所联合街道办、8个居委会、20家中小学职高学校校长组建反诈联盟工作组，明确由派出所牵头，组织街道部门、社区、学校单位，定期会商,https://www.163.com/dy/article/H5TAPH5R0552SO56.html
兰州反诈中心发布典型电诈案件预警 警惕陌生人添加微信好友,每日甘肃网新闻,"
2022-04-24 09:43:08",兰州反诈中心发布典型电诈案件预警警惕陌生人添加微信好友冒充客服诈骗4月21日，城关区居民贺某报警称：收到一条“某银行客服”发来的陌生短信，称ETC处于禁用状态，需要点击链接重新签办进行解禁。贺某担心自己的ETC被禁用，便点击了短信中的链接，按照提示输入了自己的身份证号、信用卡号、密码等个人信息。收到银行发来的本人操作确认验证码提示后，贺某没有多想便在网站上提交了验证码。于是，贺某信用卡内的8000,https://www.163.com/dy/article/H5N85LOO0534697A.html
"全民反诈防骗季  防诈反诈丨汤阴：反诈攻略狂浪版
  平安汤阴", , , ,https://www.163.com/v/video/VG46VQ6VV.html
砚峡乡：反诈宣传在行动 筑牢防诈 “防火墙”,信息新报,"
2022-04-14 12:56:12",为推动反诈骗宣传工作深入民心，进一步提高辖区群众防范电信网络诈骗意识及能力，坚决遏制电信网络诈骗犯罪态势，近日，砚峡乡开展反电信网络诈骗宣传活动。各村网格员配合宣传组先后深入土桥、曹家沟、韩河等村，通过设立咨询台“以案释法”现场讲解，发放反诈宣传折页、致群众的一封信等方式，大力宣传普及反诈骗知识，并现场指导群众用手机安装国家反诈中心APP。同时组织各村利用村村响、电子显示屏反复宣传反诈知识，引导群,https://www.163.com/dy/article/H4TR80BE0552ADWT.html
东陆桥派出所积极开展反诈宣传进校园活动,8099999街头巷尾,"
2022-04-26 18:24:20",为进一步加强辖区反诈防骗宣传力度，引导学生带动家长关注、参与到反诈工作当中，日前，东陆桥派出所组织民警深入辖区学校开展反诈宣传活动。活动中，民警将日常生活中常见的诈骗手段、发生在身边的典型案例，以及如何预防诈骗等进行细致的讲解，指导学校师生及家长安装“国家反诈中心”软件。详细介绍反诈平台的推广意义，围绕该软件的基本功能、使用方法、预警原理等进行细致讲解。参加此次宣传活动的师生们都纷纷表示受益匪浅，,https://www.163.com/dy/article/H5TAPFHC0552SO56.html
方言说反诈 发生在您身边的真实案例（二）,天津津南法院,"
2022-04-27 15:31:31",转自：平安津南 特别提示：凡本号注明“来源”或“转自”的作品均转载自媒体，版权归原作者及原出处所有。所分享内容为作者个人观点，仅供读者学习参考，不代表本号观点。如有异议，请联系删除。,https://www.163.com/dy/article/H5VJ9OG20514QH2U.html
成都双流公安精准反诈进隔离酒店，挽损8万元,封面新闻,"
2022-04-22 07:50:42",来源：封面新闻4月20日，记者从成都市公安局双流公安分局获悉一起案件。一女子在隔离酒店内险遭电信诈骗，幸得民警和疫情防控人员及时阻止，挽损8万元。“110房间客人小惠的家属不停的给前台打电话，说正在隔离的小惠有危险。” 4月18日20时12分，成都市双流区一隔离酒店疫情防控工作点负责人周茜接到酒店前台工作人员反映。恰好驻店执勤的双流区公安分局怡心派出所民警胡利波正与其一同工作。根据工作经验，胡利波,https://www.163.com/dy/article/H5HSUCCQ0514D3UH.html
邓州公安：打响反诈“全民战”守好群众“钱袋子”,南阳之窗,"
2022-04-22 10:40:11",2022年4月21日下午，邓州市召开全市电信网络诈骗犯罪打击治理推进会议，深入贯彻落实中央办公厅、国务院办公厅印发的《关于加强打击治理电信网络诈骗违法犯罪工作的意见》精神，对进一步做好全市打击治理工作进行安排部署。邓州市委常委、政法委书记绳应勇出席会议并讲话，市政府党组成员、市公安局党委书记、督察长崔保国对打击电信网络诈骗专项行动进行再安排再部署，市委政法委常务副书记张华献、市委政法委副书记刘雪峰,https://www.163.com/dy/article/H5I6KMT40514A77N.html
高新区：采用多种方式开展反诈宣传,淮安城事,"
2022-04-14 16:45:18",4月12日上午，高新区派出所民、辅警深入辖区企业、住户开展疫情常态化监督检查的同时，积极开展反诈宣传，筑牢辖区“全民反诈防火墙”。工作中，民警结合近期发生的真实案例，向群众生动讲解了当前电信网络诈骗的主要伪装手段及防范对策，并通过向群众发放宣传单，在企业、工地等入口处张贴海报等多种方式，向群众近距离展示了“淮安防骗宝”和“防骗金钟罩”的操作步骤，引导群众注册各类反诈APP，进一步强化群众的反诈意识,https://www.163.com/dy/article/H4U8BFJU0545ADT9.html
微聚焦 | 反诈宣传警犬“汪汪队” 守护市民“钱袋子”,网易陕西,"
2022-04-26 10:13:59",为了守好群众的“钱袋子”，雁塔公安巡特警频出新招，反诈科普宣传“硬核”上阵，反诈宣传警犬“汪汪队”C位出道！四月的西安，春意盎然，芳草茵茵。在大雁塔北广场上，一场别开生面的反电诈宣传活动正在进行，警犬作为特邀嘉宾闪亮登场了。 活动中，雁塔分局巡特警大队警犬中队的队员们携犬进行警犬服从性演示，向群众讲解常见电信诈骗套路，发放图文并茂的宣传材料，并采用扫码下载国家反诈骗中心APP就可以与警犬近距离接触,https://www.163.com/dy/article/H5SENIEB051495SS.html
【在知爱建·全民反诈】反诈口罩戴出“双保险”——杜店街道创新反诈宣传方式 防疫反诈两不误,鲁中晨报滨州新闻,"
2022-04-11 19:11:47",为进一步延伸反诈宣传触角，切实提高群众的防骗意识和识骗能力，杜店街道在前期点对点宣传的基础上，积极扩展思路，创新方法，持续开展形式多样的防范电信网络诈骗宣传，结合疫情防控常态化，在口罩上做起文章，推出印有“00开头的电话，十有八九都是诈骗”反诈提示标语及国家反诈中心APP二维码的“专属定制”口罩，分发给辖区21个社区进行反诈宣传，让小小口罩“罩”着防疫与反诈，让辖区群众戴出“双保险”。“大爷，小区,https://www.163.com/dy/article/H4MPHFU705506U8T.html
防疫反诈不放松 桂城警察有妙招,举报,"
2022-04-19 16:01:08","面对新一轮疫情，桂城街道在抗疫期间不忘严抓反诈工作，桂城、平洲派出所的民警闻令而动，见缝插针开展无接触式反诈宣传，以实际行动守护辖区群众财产安全。醒目横幅现身核酸检测点
结合疫情形势和街道防控办工作安排，桂城、平洲派出所迅速反应，制作了一批最新反诈宣传横幅，并安排警辅人员在辖区内各核酸检测点悬挂。4月13日，在三山森林公园检测点，市民发现在排队等候区、检测区入口等都挂上了反诈横幅。“验证码=财产生",https://gd.news.163.com/foshan/22/0419/16/H5B1Q7TE04179HUN.html
【杜阮禁毒】杜阮开展“禁毒反诈齐出动守护平安赢民心”禁毒宣传,朝阳社工,"
2022-04-26 15:25:35",        为了切实增强全民识毒拒毒防毒意识，提高防诈、反诈能力，4月25日，杜阮镇禁毒办、司法所、派出所、邑康家园及朝阳社工在杜阮镇中心农贸市场联合开展“禁毒反诈齐出动、守护平安赢民心”为主题的宣传活动。       活动中，民警和禁毒社工深入居民小区、街头巷尾、农贸市场向群众发放禁毒宣传资料，普及毒品知识和禁毒法律法规，教育和警示广大居民自觉远离毒品，树立自我保护意识。民警还结合近期电信诈,https://www.163.com/dy/article/H5T03F2N0553349Q.html
肇庆一女子接到诈骗电话！对方冒充反诈中心的人员！,肇庆零距离,"
2022-04-20 23:46:50",4月19日，肇庆端州公安湖滨派出所接到端州区反诈中心发来预警信息，称在某国际广场有一女子正在与一涉嫌冒充公检法的电话号码通话，需要立即上门劝阻。接报后，为争取劝阻时间，派出所民警一边迅速驱车赶往某国际广场，一边致电事主冼女士，但电话却打不进。民警到达某国际广场一番查找后终于找到了事主，看到警察的到来事主非常惊讶。冼女士称，平时有接受公安机关的反诈宣传和熟知诈骗分子的犯罪手法，同时也下载国家反诈AP,https://www.163.com/dy/article/H5EERKM80525JHLE.html
昆明吴家营派出所这样筑牢反诈“防护网”,云南网,"
2022-04-23 20:36:13",为推进“问计于民大走访”之“反诈宣传进万家”活动走深走实，全面加强全国社会治安防控体系建设示范城市创建，昆明市公安局呈贡分局吴家营派出所创新电信诈骗治理“3346”工作法，切实筑牢反诈“防护网”。建立安全防范三级责任制工作中，该所建立“警地、警校、警企”安全防范三级责任制。其中，“警地”以城乡社区、产业园区、学区警务为重点，做实“警格+网格”“警务+服务”“警防+校防”，动员更多的群众参与平安建设,https://www.163.com/dy/article/H5LR4Q560514R9NO.html
万盛万东镇：反诈宣传到家门　防骗意识入人心,重庆短讯,"
2022-04-26 13:57:49",,https://www.163.com/dy/article/H5SRHE3S0516V1SB.html
金口河区公安分局多途径推进国家反诈中心APP下载工作,市场新观察,"
2022-04-26 11:19:43",为顺利完成分局下发的国家反诈中心APP下载工作任务，确保分局能够完成年度考核目标任务，金口河区公安分局永和派出所充分发挥不怕苦不怕累的精神，开拓思维，创新方法，通过多种途径推进国家反诈中心APP下载工作。一是社区民警充分开展走访，在进行实有人口摸排的同时，让辖区群众下载国家反诈中心APP，提高群众的反诈意识，提升人民群众的安全感。二是所内民辅警在日常巡逻工作，充分发动办事群众下载注册国家反诈中心A,https://www.163.com/dy/article/H5SIFVFA0512BOIV.html
五华公安护国所开展反诈宣传活动,8099999街头巷尾,"
2022-04-26 18:24:21","3月1日,护国所到辖区正义坊、七步香开展反电信网络诈骗宣传活动。本次反诈宣传活动主要以讲座和电子屏播放宣传资料的方式开展。首先，民警利用正义坊电子大屏播放反诈视频及宣传标语，促使群众潜移默化地强化反诈意识。其次，在人流密集区域发放反诈宣传手册，帮助群众安装和注册“国家反诈中心”APP及“金钟罩”小程序。最后到七步香组织员工开展反诈宣传讲座，讲座中向员工讲解高发电信网络诈骗案件形式、特点，提高员工识",https://www.163.com/dy/article/H5TAPG2V0552SO56.html
万盛万东镇：开展“反诈卫士”宣传  护好居民“钱袋子”,重庆短讯,"
2022-04-26 13:28:14",,https://www.163.com/dy/article/H5SPR8OV0516V1SB.html
布下“天罗地网” 构建 “全民反诈”,崇左警方,"
2022-04-26 12:14:14",2020年以来，在市委、市政府及自治区公安厅的坚强领导下，崇左市公安机关认真学习贯彻落实习近平总书记对打击治理电信网络诈骗违法犯罪的重要指示精神，始终坚持“零容忍”“严打击”的治理态度，持续推进打击治理电信网络诈骗犯罪各项工作，取得了阶段性成果。以打开路，重拳出击，坚决遏制多发高发势头近年来，电信网络诈骗已成为发展最快的刑事犯罪。2020年1月14日，自全国开展打击电信网络诈骗新一轮专项行动开展以,https://www.163.com/dy/article/H5SLJPDL0514RLKE.html
破案数同比增长52%！三水反诈分中心发布一季度反诈成绩单,南方Plus,"
2022-04-18 21:04:30",诈骗、电诈刑事警情同比下降33.8%、44.9%，破案数同比上升52.11%，抓获电诈嫌疑人数量同比上升157.5%……4月18日，佛山市三水反诈分中心发布今年第一季度反诈成绩单，诈骗、电诈刑事警情下降幅度历年最大。今年以来，佛山市三水反诈分中心坚持打防并举，防范为先，着力构建“全警反诈、全社会反诈”的工作格局，打出齐抓共管、研判打击、宣传防范、预警劝阻等反诈“组合拳”，全民反诈成效显著。预警劝阻,https://www.163.com/dy/article/H590P0A4055004XG.html
反诈微课堂 | 女子预约HPV疫苗被骗了！,西安城市资讯,"
2022-04-26 17:36:38",西安碑林公安随着全民健康意识的提升能有效预防人乳头瘤病毒（HPV） 感染的 宫颈癌疫 苗在众多适龄女性群体中备受关注由于九价HPV疫苗经常供不应求因此一些不法人员盯上了接种心切的人们最近，云南昆明的姜女士就遇到这种诈骗姜女士在微博上搜索了九价（HPV）疫苗信息之后按照网站提示要求进行预约预约后按照对方提供的名称和账户进行了转账姜女士在私信博主后对方索要了姜女士的姓名、身份证号和手机号而姜女士也向对,https://www.163.com/dy/article/H5T8245705390E0A.html
快上车！“嘉阳蒸汽小火车”反诈专列发车啦,乐山公安,"
2022-04-20 17:42:55",火车，坐过吧。绿皮火车，坐过吧。蒸汽小火车，坐过吗？蒸汽小火车上的反诈专列，你，坐过吗？犍为嘉阳小火车简介犍为嘉阳蒸汽小火车是世界唯一仍在正常运营的客运窄轨蒸汽火车它名扬四方无数中外游客慕名纷至沓来，就为打卡而在日常生活中几十年来嘉阳蒸汽小火车都肩负着运送游客和当地村民以及嘉阳煤矿石的光荣使命嘉阳小火车上的“反诈专列”为了不断扩大反诈宣传覆盖面营造全民反诈的浓厚氛围强化人民群众防范意识近日乐山犍为,https://www.163.com/dy/article/H5DQ1A7L0514DBVS.html
反诈宣传见成效！冒充老板诈骗财务人员被识破！,爱情港湾,"
2022-04-23 21:00:57",4月21日下午，锦州市太和区某制衣厂的财务部门工作人员小王接到微信添加好友的请求，他一看是老板的名字就添加了。聊了几句后，小王感觉情况不对便立即联系了财务负责人陈女士。陈女士得知此情况后，脑海中立即浮现出西郊派出所社区民警赵冀宁到企业宣传时讲述的冒充老板诈骗案例。陈女士当即给社区民警赵冀宁发微信咨询，又给老板打电话核实，确定是诈骗后，没有转账和告知资金账户信息，立即将骗子信息向警方举报并将其好友删,https://www.163.com/dy/article/H5LSI2BI0528OJOF.html
《反诈民警图鉴》全民反诈 守护大家钱袋子,央广网,"
2022-04-26 17:17:53",央广网宁波4月26日消息（见习记者 俞烨）发现一个潜在易受骗对象、劝阻一个被深度洗脑对象、第一时间止付拦截被骗金额……每一位“警察叔叔”为了守护大的家钱袋子都操碎了心！近日，宁波一个反诈短视频作品在朋友圈悄然走红，视频作者以动画形式表现反诈民警小欣的工作日常。也正如作品所传达的一样，大家都要做到不听不信不转账，愿天下无“诈”！,https://www.163.com/dy/article/H5T6VPRN0514R9NP.html
反诈警官老陈辞职，为了钱？,带货派,"
2022-04-15 10:09:50",文 / 懋罱綮老陈表示，为了实现个人的公益梦想，不让个人的公益行为给单位带来更多的麻烦，决定辞去警察职务，以一名普通人的身份继续配合公益机关做反诈与公益宣传。老陈辞去警察职务原因，疑似是在此前直播过程中不断收到高额打赏，最高一场直播曾获得百万元打赏，而这让不少人对其产生质疑。老陈解释称，“这个决定非常艰难，它让我放弃了十几年的作为警察的积累，放弃了我对这个职业的热爱，放弃了我以前的鲜花和掌声，这个,https://www.163.com/dy/article/H50442BN051182UH.html
全民反诈，共同抓住伸向百姓钱袋子的“网络黑手”,椿萱堂主,"
2022-04-22 22:49:26",近日，在北京市房山区，一所街乡级的防范电信网络诈骗犯罪预警劝阻中心揭牌，这所全首都乃至全国首家街乡级的反诈中心，日后承担着源头防范治理，保护辖区财产安全，劝阻、发动和引导群众武装头脑、保护自己的重要任务，这也标志着“全社会反诈”工作的日渐完善，反诈的“触角”不停向基层延伸，构筑保护群众的“金刚网”“防护罩”。曾几何时，在新冠疫情流行和网络新技术发展等因素交织影响下，以网络诈骗为主的“非接触式”犯罪,https://www.163.com/dy/article/H5JGC02P0541BRTR.html
"最强“反诈男团”强势出道, 向你发送一组“安全电波”",平阳公安,"
2022-04-18 17:40:11",心中的偶像遥不可及？何必舍近求远！在平阳有一群平均年龄41岁的叔叔们为了追逐梦想为了守护你我的财产安全他们心无阻、脚不停慧眼如炬 冰心见月他们，就是“火眼金睛”的叔叔火眼金睛的叔叔第一季强势来袭快跟着小编认识一下fǎnzhàměnglóngfǎnzhàmìtànfǎnzhàcánglángfǎnzhàyóuxiáfǎnzhàyīngyǎn审核|肖云章策划|朱冰琪、蒋潘静图片|金献铭、王作畅编辑|张,https://www.163.com/dy/article/H58L2T220514QCIN.html
昆明呈贡公安以“三到位工作法”构筑全民反诈“防火墙”,云南网,"
2022-04-23 16:52:04",自昆明市公安机关“问计于民大走访”之“反诈宣传进万家”主题活动启动以来，昆明市公安局呈贡分局结合辖区特点，探索实施“三到位工作法”，构筑全民反诈“防火墙”。高位统筹，力争做到谋划部署到位呈贡分局成立“反诈宣传进万家”主题活动领导小组，统筹推动各项工作有序开展。出台《呈贡分局“问计于民大走访”之“反诈宣传进万家”主题活动实施方案》，制定《呈贡分局“反诈宣传进万家”主题活动工作指引》。并召开部署会对工,https://www.163.com/dy/article/H5LEABVU0514R9NO.html
成都双流公安精准反诈进隔离酒店，挽损8万元,平安双流,"
2022-04-20 19:07:50",“点长，110房间客人小惠的家属不停的给前台打电话，说客人有危险。我们去看了，听到房间里有说话声音，敲门问她需不需要服务，她说没问题、不需要，也给客人家属答复了，但他们还是反复说客人有危险。” 4月18日20时12分，成都市双流区一隔离酒店疫情防控工作点长周茜接到前台工作人员反映。恰好，驻店执勤的双流区公安分局怡心派出所民警胡利波正与点长在一起工作。客人是单独住宿一个房间，房间内有说话声音可能是与,https://www.163.com/dy/article/H5DUSPJR0514AALS.html
你下载国家反诈APP了吗？,合肥时刻,"
2022-04-13 17:36:55",报案助手风险自查诈骗预警骗局曝光纳税人朋友们：为了坚决遏制电诈网络诈骗多发高发态势，保护人民财产安全，公安部和国家互联网应急中心联合开发了“国家反诈中心” APP，它具备以下四大核心功能：1. 诈骗预警：对诈骗来电、短信，APP进行无感阻断；2. 我要举报：遇到有疑似电信诈骗可以快速举报；3. 身份验证：对聊天对象身份进行辅助验证；4. 报案助手：被骗后第一时间可在APP内报案。我们倡议：广大纳税,https://www.163.com/dy/article/H4ROTAJB0517SUH1.html
中信银行泸州分行深入老年大学开展反诈宣传,央广网,"
2022-04-26 20:37:44",央广网成都4月26日消息 中信银行泸州分行近日前往泸州市老年大学开展反诈专题讲座，旨在提高老年人反诈意识，有效传递中信银行服务温度。此次讲座设置了“断卡”行动含义及银行卡相关常见问题讲解、电信诈骗常见形式和案例剖析、防范电信网络诈骗等内容，帮助老年学员提高反诈能力。据悉，下一步，中信银行泸州分行将全力为老年群体提供有温度的优质金融服务。,https://www.163.com/dy/article/H5TIDNC00514R9NP.html
佛山三水：把公交车作为反诈宣传载体，在路面开展流动宣传,羊城派,"
2022-04-25 10:39:19",文、图/羊城晚报全媒体记者 梁正杰 通讯员 三宣4月24日，由佛山市三水区委政法委、区委宣传部、区交通运输局、区公安分局联合佛山市公共交通管理有限公司三水分公司、三水区国鸿公共交通有限公司举办的“三水区打击治理电信网络诈骗违法犯罪宣传公交专车启动仪式”在佛山市三水区国鸿公共交通有限公司停车场举行。活动现场，区委政法委常务副记者在现场看到，反诈宣传公交专车全新涂装反诈宣传标语和防范提醒；在车厢、椅子,https://www.163.com/dy/article/H5PTP8GE0550AXYG.html
保康警方联合妇联进村入社区开展反诈宣传活动,荆楚网,"
2022-04-25 18:11:07",荆楚网（湖北日报网）讯（通讯员 欧阳智慧、杨柳、王洁）2022年4月25日，在保康县寺坪镇寺坪村和寺坪街社区，民警和县妇联巾帼志愿者正在向群众宣讲反诈知识。民警和志愿者向群众宣讲反诈知识。通讯员 欧阳智慧 摄为夯实全民反诈根基，从源头上预防和减少电信诈骗案件发生。连日来，保康县公安局组织刑侦大队民警联合县妇联巾帼志愿者进村入社区，通过发放宣传资料、张贴宣传标语、以案说法、推广安装反诈APP等方式，,https://www.163.com/dy/article/H5QNKI3O0514TTJL.html
勠力同心齐反电诈，共筑反诈“防火墙”——南宁市法、检、公召开电信网络犯罪案件实务研讨会,南宁市西乡塘区人民法院,"
2022-04-20 22:37:52",引导关注为进一步落实全国“断卡”行动工作部署，依法严厉惩治电信网络诈骗犯罪，强化法、检、公的交流与协作，形成遏制和打击合力，2022年4月19日，南宁市中级人民法院、南宁市人民检察院、南宁市公安局、西乡塘区人民法院、西乡塘区人民检察院、西乡塘区公安分局、高新公安分局齐聚西乡塘区人民法院召开电信网络犯罪案件实务研讨会。研讨会针对涉电信网络犯罪的诈骗罪、掩饰、隐瞒犯罪所得、犯罪所得收益罪、帮助信息网络,https://www.163.com/dy/article/H5EATD9C0514JN59.html
【防骗必备】国家这款反诈APP，你安装了咩？,桔香融安,"
2022-04-18 19:26:37",现在的骗子套路那么多！稍不小心就掉进了骗子精心设计的陷阱！可谓是！防不胜防！如何能够更好地守护好自己的钱袋子？国家反诈中心APP了解一下？要把个人信息进行完善和认证关键是把“来电预警”和“短信预警”功能打开！要开启来电、短信预警如有预警提示要引起重视如发现被骗请及时拨打96110报警求助！★本条微信为“融安县融媒体中心”出品，如需转载，请注明出处和署名！投稿邮箱：8137886@163.com（图,https://www.163.com/dy/article/H58R5OHS0514DLIB.html
全国首家！北京在这里建起街乡反诈中心, , , ,https://www.163.com/v/video/VO4FSGUDV.html
