,热搜标题
0,党的十九届六中全会精神
1,王子异血脂太高抽不出血
2,男子趁前女友熟睡翻开眼皮刷脸转走15万
3,理想信念和初心使命是可衡量可检验的
4,涂们去世
5,张若昀特别出演小敏家
6,外网搜索made in China
7,男子采血3天后找到失散33年父母
8,爸妈1995年的结婚录像
9,18岁女儿和20岁妈妈做实验照一模一样
10,西安确诊病例为一门诊部工作人员
11,任嘉伦对陈情令的理解
12,黄磊网约车司机半永久
13,范丞丞有点单身本领在身上
14,什么睡姿最健康
15,男子吃12元管饱水饺只吃馅不吃皮
16,按揉两个穴位可以瘦肚子
17,双十二退款
18,本人对2022的感受
19,二哈保姆
20,iG官宣Rookie成为自由人
21,韩剧某一天
22,拜登称这可能是美国史上最大龙卷风灾难
23,你和父母相处最社死的场景
24,宋妍霏是吃了大力水手的菠菜吧
25,李择南叶璇同居被抓包
26,原来猫咪也会心疼人
27,爱占便宜到极致
28,网友展示家里的密室
29,马龙说希望坚持到下届全运会
30,那么普通又那么幸福
31,时代少年团红毯为马嘉祺唱生日歌
32,黄奕2米长拖地飘带西服
33,海锋辅导女儿作业的崩溃瞬间
34,贺峻霖舞台甩头好拽
35,S8冠军阵容只剩宝蓝
36,山东烟台一货船沉没致14人遇险
37,女孩攒半年瓶子随机送给陌生奶奶
38,公交司机智施援手获救男童写信感谢
39,当你的爸爸第一次喝奶茶时
40,浙江新增38例本土确诊
41,惠英红发文悼念涂们
42,薛之谦一晚换了几副眼镜
43,被沙雕设计的包笑死
44,医疗响应犬
45,司机多看一眼救下被陌生人尾随男童
46,绍兴新增本土确诊22例
47,爸爸扮奥特曼到幼儿园给孩子庆生
48,陕西增1例本土确诊
49,会接逗猫棒的猫咪
50,狗理解能力相当于一岁半小孩
