,评论
0,"2018年10月4日，广西灵山10岁女童小燕(化名)出外售卖百香果，不料在回家途中被同村男子杨某强奸后死亡，一审被法院判处杨某死刑。

2020年3月25日，广西壮族自治区高级人民法院撤销了一审法院死刑判决，“根据杨某有自首情节等案件具体情况”改判杨某犯强奸罪，判处死刑，缓期两年执行，剥夺政治权利终身，并对杨某限制减刑。

2020年5月10日，最高人民法院决定，对广西壮族自治区高级人民法院二审终审的杨光毅强奸一案调卷审查。"
1,学刑法对人的考验太大了，得有坚韧的内心才不会被那些穷凶恶极的案件所影响，充斥着戾气
2,"东野圭吾曾这样描述过受害者家属得知罪犯逃脱死刑的感受：

“我一想到杀害我女儿的人，现在还活在这世上某一个地方，哪怕是监牢，

能呼吸，吃饭，睡觉，

甚至还能有自己的兴趣爱好。

我就痛苦地要死。”

我不是被害者家属。

但我一想到十几年后，那个将女孩拖走、抢走32元钱、用刀刺伤双眼割断颈部，强奸10岁的她的犯人。

很有可能和我、和我的父母、我的孩子在街上擦肩而过。

我，也痛苦的要死。"
3,不要觉得大家的气愤是不对的，老师说过每个人有共通的正义感，如果以后大家对死活都漠不关心了，那这个社会就可怕了。
4,我一直以为死缓是让他多活那么一两年之后再死
5,"“法律规定是可以从轻或减轻处罚，而不是说必须从轻或减轻处罚，如果恶劣没必要从轻处罚。“
相信最高法院。"
6,我注意到了二审法院认为“杨某的自首行为对案件的侦破起到至关重要的作用”。我认同自首行为的作用，但我不认同其在此案中“至关重要”。我们犯罪心理学曾讲过，农村属于熟人社会，人口流动性低，犯罪人被发现的概率相对较大。我在相关报道中看到，证人正言“杨某从小性格古怪，在15岁左右，经常在家附近偷女人的文胸、内裤回自己的房里，曾多次被杨某的父亲呵斥但不悔改。”此外，也有相关报道表明，杨某在警方发现尸体的当晚才选择自首。我知道疑罪从无，但我想以一个普通人之最大恶意揣测——杨某也许是在知道尸体被发现后自认在劫难逃，才选择自首以获得从轻处罚。即便不如此，杨某的“前科”让他在小范围内极有可能引起怀疑，我仍不认为其自首行为对案件侦破速度和结果起到关键作用。我希望能判处死刑，也理解二审法院做出死缓判决的用意，更相信最高法能让犯罪人付出应有的代价。
7,可以看出老师每次说情节严重的案件时都非常愤怒
8,真的有点气愤。强奸，故意杀人，而且是绝对的弱势群体，10岁的女孩。女孩是双眼，颈部被划伤，窒息而死。被告甚至拿走了女孩身上的所有钱。女孩的父亲在其小的时候因为帮助他人而牺牲，就这样一个在如此艰难环境下依旧积极向上的女孩，本来可以拥有更好的明天，却死的如此凄凉。如果真的宽恕他的悔改而不判死刑，我不是针对谁，单纯举个例子。如果改天有人只是强奸你的家人，你的家人反抗，然后被不小心杀了。不虐待，不是未成年，不是故意杀人，不抢劫。这样的人表现良好，几十年后再次到你面前，是不是还要谢谢他当年自首，恭喜他改造成功？
9,有些人可能不太理解为什么被害人家属会有谅解行为，我做车险理赔的，见过最多的就是死者家属找肇事者开口要几十万甚至上百万的谅解费。最后双方协商，一般都是在20万元左右，家属给写谅解书。对于大部分普通人来说，日子还是要过的，与其活在痛苦之中，不如多要点赔偿让自己过的轻松点。[无语]
10,关于家属谅解，其实是很现实的现象。通常刑事处罚和拿钱赔偿是无法同时进行的。如果受害者家属坚持犯罪嫌疑人死刑，不接受谅解，拿受害者家属只能拿到非常非常少的钱，比如丧葬费什么的。如果是谅解，能拿到数额不少的赔偿金。我们这些看客，当然觉得愤怒，当然觉得罪犯不可饶恕。但是在家属眼里，他们承担了很多，承担了很大的悲痛，前面请律师也花了不少钱，如果坚持要把罪犯判死刑，家属还要继续负担一笔律师的费用，还要在法庭上面对犯罪嫌疑人把伤疤再次揭开，心理压力身体压力和财政压力是很大的。所以看到谅解不要？？？，人间很疾苦啊，不要为了自己内心的正义感而去绑架家属
11,"在2018年10月，广西钦州一名10岁的女童杨某，在卖百香果回家途中被同村男子杨某某强奸后死亡。
据报道，被害人在被侵害时反抗，杨某某将被害人的眼睛和颈部刺伤，最后将被害人抛弃于山林中，经鉴定，被害人因窒息而死亡。杨某某后面自首，一审法院判处杨某某死刑立即执行，广西高院则改判其死缓。"
12,感觉老师一路下来都讲得挺清楚了，虽然说的比较理性，但是看得出来老师也挺愤怒的，循序渐进地讲下来罗老师也是较偏向于死刑的，我希望评论区某些人不要忘了罗老师的初衷，不要学得多的法律就变成法律机器，变得太理性，变得没有人性，其他人以着自己的角度，出于对二审的愤怒，或者有点偏激，但是评论可以判死刑有什么问题，法律不是死的，法律的生命在经验不在逻辑，也就是说法律要照顾到民众朴素的正义观，如果这个不能判处死刑你的良心不会受到谴责吗？而且我去查了一下小女孩家人并没有凉解，他们也是坚持死刑的，如果最高院觉得没有问题，那为什么要复审？证明最高院是觉得可以判死刑的，最后老师也希望法院能兼顾法律效果和社会效果。这是我一个非学法人的自我思考和观点，仅此而已。
13,女孩一岁的时候，她的父亲因为见义勇为而去世。母亲一人拉扯五个孩子长大了，小女孩非常懂事，十岁的时候就知道帮妈妈分担，自己去卖百香果，赚了32块钱。而就在他卖百香果的上，被那个畜牲埋伏并强奸。不光光是强奸，他还刺瞎了女孩的双眼，掐着她的脖子，我觉得这已经算是虐杀了。小姑娘被杀死之后，她卖百香果赚来的那32块钱，居然也被那个畜牲抢走了。结果那个人二审居然没有被判死刑，这事也真是魔幻……
14,之前那个鲍律师的案件大家不要忘了啊，密切关注一下
15,"看评论很迷惑，老师举了这么多例子，把例子也分析了，再结合这个案子，案子没有一个具备判处死缓的条件，所以虽然没明说，但是这不是倾向于支持死刑嘛？
怎么“理智”“通透”“有大局观”的网友，读出来的是应该因为自首而判死缓？认为应该死刑你就是情绪化，感情用事，格局小？？？
咱们能别装逼么。"
16,“网络判案，人均死刑”这类的讽刺放到视频的主题百香果女孩案合适？莫非是认为这个案不够性质恶劣？
17,"不说别的，强奸致死外加刺伤眼睛就足够抵掉自首情节。
更别说抛尸行为了，死刑立即执行才是比较正常的。

抛尸行为可以认为是隐瞒犯罪行为。
二审的结果感觉有点猫腻。"
18,哪里是强奸致死！明明是一边强奸一边故意伤害！看小女孩反抗激烈！就刺瞎眼睛刺伤脖子！这是什么人？？？小女孩该多么绝望！这是一个10岁小女孩该承受的吗？此人不死！天理难容！！！
19,没能看到完整的判决书，咱也不清楚具体是怎么考量的，但是刺眼睛、割脖子、强奸、致死这些个词随便拿一个出来都是重罪，更别说同时发生在一个10岁的小女孩身上了，如果仅仅是因为主动投案自首就能死缓，那这法律是不是要打个大大的问号？
20,"2018年10月4日，广西灵山10岁女童小燕(化名)出外售卖百香果，不料在回家途中被同村男子杨某强奸后死亡，一审被法院判处杨某死刑。

2020年3月25日，广西壮族自治区高级人民法院撤销了一审法院死刑判决，“根据杨某有自首情节等案件具体情况”改判杨某犯强奸罪，判处死刑，缓期两年执行，剥夺政治权利终身，并对杨某限制减刑。

2020年5月10日，最高人民法院决定，对广西壮族自治区高级人民法院二审终审的杨光毅强奸一案调卷审查。"
21,学刑法对人的考验太大了，得有坚韧的内心才不会被那些穷凶恶极的案件所影响，充斥着戾气
22,"东野圭吾曾这样描述过受害者家属得知罪犯逃脱死刑的感受：

“我一想到杀害我女儿的人，现在还活在这世上某一个地方，哪怕是监牢，

能呼吸，吃饭，睡觉，

甚至还能有自己的兴趣爱好。

我就痛苦地要死。”

我不是被害者家属。

但我一想到十几年后，那个将女孩拖走、抢走32元钱、用刀刺伤双眼割断颈部，强奸10岁的她的犯人。

很有可能和我、和我的父母、我的孩子在街上擦肩而过。

我，也痛苦的要死。"
23,不要觉得大家的气愤是不对的，老师说过每个人有共通的正义感，如果以后大家对死活都漠不关心了，那这个社会就可怕了。
24,我一直以为死缓是让他多活那么一两年之后再死
25,"“法律规定是可以从轻或减轻处罚，而不是说必须从轻或减轻处罚，如果恶劣没必要从轻处罚。“
相信最高法院。"
26,我注意到了二审法院认为“杨某的自首行为对案件的侦破起到至关重要的作用”。我认同自首行为的作用，但我不认同其在此案中“至关重要”。我们犯罪心理学曾讲过，农村属于熟人社会，人口流动性低，犯罪人被发现的概率相对较大。我在相关报道中看到，证人正言“杨某从小性格古怪，在15岁左右，经常在家附近偷女人的文胸、内裤回自己的房里，曾多次被杨某的父亲呵斥但不悔改。”此外，也有相关报道表明，杨某在警方发现尸体的当晚才选择自首。我知道疑罪从无，但我想以一个普通人之最大恶意揣测——杨某也许是在知道尸体被发现后自认在劫难逃，才选择自首以获得从轻处罚。即便不如此，杨某的“前科”让他在小范围内极有可能引起怀疑，我仍不认为其自首行为对案件侦破速度和结果起到关键作用。我希望能判处死刑，也理解二审法院做出死缓判决的用意，更相信最高法能让犯罪人付出应有的代价。
27,可以看出老师每次说情节严重的案件时都非常愤怒
28,真的有点气愤。强奸，故意杀人，而且是绝对的弱势群体，10岁的女孩。女孩是双眼，颈部被划伤，窒息而死。被告甚至拿走了女孩身上的所有钱。女孩的父亲在其小的时候因为帮助他人而牺牲，就这样一个在如此艰难环境下依旧积极向上的女孩，本来可以拥有更好的明天，却死的如此凄凉。如果真的宽恕他的悔改而不判死刑，我不是针对谁，单纯举个例子。如果改天有人只是强奸你的家人，你的家人反抗，然后被不小心杀了。不虐待，不是未成年，不是故意杀人，不抢劫。这样的人表现良好，几十年后再次到你面前，是不是还要谢谢他当年自首，恭喜他改造成功？
29,有些人可能不太理解为什么被害人家属会有谅解行为，我做车险理赔的，见过最多的就是死者家属找肇事者开口要几十万甚至上百万的谅解费。最后双方协商，一般都是在20万元左右，家属给写谅解书。对于大部分普通人来说，日子还是要过的，与其活在痛苦之中，不如多要点赔偿让自己过的轻松点。[无语]
30,关于家属谅解，其实是很现实的现象。通常刑事处罚和拿钱赔偿是无法同时进行的。如果受害者家属坚持犯罪嫌疑人死刑，不接受谅解，拿受害者家属只能拿到非常非常少的钱，比如丧葬费什么的。如果是谅解，能拿到数额不少的赔偿金。我们这些看客，当然觉得愤怒，当然觉得罪犯不可饶恕。但是在家属眼里，他们承担了很多，承担了很大的悲痛，前面请律师也花了不少钱，如果坚持要把罪犯判死刑，家属还要继续负担一笔律师的费用，还要在法庭上面对犯罪嫌疑人把伤疤再次揭开，心理压力身体压力和财政压力是很大的。所以看到谅解不要？？？，人间很疾苦啊，不要为了自己内心的正义感而去绑架家属
31,"在2018年10月，广西钦州一名10岁的女童杨某，在卖百香果回家途中被同村男子杨某某强奸后死亡。
据报道，被害人在被侵害时反抗，杨某某将被害人的眼睛和颈部刺伤，最后将被害人抛弃于山林中，经鉴定，被害人因窒息而死亡。杨某某后面自首，一审法院判处杨某某死刑立即执行，广西高院则改判其死缓。"
32,感觉老师一路下来都讲得挺清楚了，虽然说的比较理性，但是看得出来老师也挺愤怒的，循序渐进地讲下来罗老师也是较偏向于死刑的，我希望评论区某些人不要忘了罗老师的初衷，不要学得多的法律就变成法律机器，变得太理性，变得没有人性，其他人以着自己的角度，出于对二审的愤怒，或者有点偏激，但是评论可以判死刑有什么问题，法律不是死的，法律的生命在经验不在逻辑，也就是说法律要照顾到民众朴素的正义观，如果这个不能判处死刑你的良心不会受到谴责吗？而且我去查了一下小女孩家人并没有凉解，他们也是坚持死刑的，如果最高院觉得没有问题，那为什么要复审？证明最高院是觉得可以判死刑的，最后老师也希望法院能兼顾法律效果和社会效果。这是我一个非学法人的自我思考和观点，仅此而已。
33,女孩一岁的时候，她的父亲因为见义勇为而去世。母亲一人拉扯五个孩子长大了，小女孩非常懂事，十岁的时候就知道帮妈妈分担，自己去卖百香果，赚了32块钱。而就在他卖百香果的上，被那个畜牲埋伏并强奸。不光光是强奸，他还刺瞎了女孩的双眼，掐着她的脖子，我觉得这已经算是虐杀了。小姑娘被杀死之后，她卖百香果赚来的那32块钱，居然也被那个畜牲抢走了。结果那个人二审居然没有被判死刑，这事也真是魔幻……
34,之前那个鲍律师的案件大家不要忘了啊，密切关注一下
35,"看评论很迷惑，老师举了这么多例子，把例子也分析了，再结合这个案子，案子没有一个具备判处死缓的条件，所以虽然没明说，但是这不是倾向于支持死刑嘛？
怎么“理智”“通透”“有大局观”的网友，读出来的是应该因为自首而判死缓？认为应该死刑你就是情绪化，感情用事，格局小？？？
咱们能别装逼么。"
36,“网络判案，人均死刑”这类的讽刺放到视频的主题百香果女孩案合适？莫非是认为这个案不够性质恶劣？
37,"不说别的，强奸致死外加刺伤眼睛就足够抵掉自首情节。
更别说抛尸行为了，死刑立即执行才是比较正常的。

抛尸行为可以认为是隐瞒犯罪行为。
二审的结果感觉有点猫腻。"
38,哪里是强奸致死！明明是一边强奸一边故意伤害！看小女孩反抗激烈！就刺瞎眼睛刺伤脖子！这是什么人？？？小女孩该多么绝望！这是一个10岁小女孩该承受的吗？此人不死！天理难容！！！
39,没能看到完整的判决书，咱也不清楚具体是怎么考量的，但是刺眼睛、割脖子、强奸、致死这些个词随便拿一个出来都是重罪，更别说同时发生在一个10岁的小女孩身上了，如果仅仅是因为主动投案自首就能死缓，那这法律是不是要打个大大的问号？
40,这个孩子太可怜了，爸爸还在她小时候见义勇为牺牲了，为什么没有善恶有报？[难过]
41,"我翻开评论一看，这评论不分等级，歪歪斜斜的每一条都写着""合理讨论""四个字。我横竖睡不着，仔细看了半夜，才从字缝里看出字来，全部都写着一行字""没人比我更懂法律"""
42,说一个案例吧，药家鑫案，不知道还有多少人记得。他驾车撞倒张女士后，又捅了她八刀，逃逸，至张女士死亡，第二天，药家鑫在父母陪同下自首，且有悔过表现，最后还是枪决，没有死缓一说。这样的都能枪毙，为什么本案这样的恶魔就可以死缓？
43,看完视频觉得罗老师讲的好，翻翻评论又觉得老师白讲了。
44,有愤怒是好事，如果所有人都在冷静表示可以理解死缓才是真的可怕
45,不要一看见有人说死刑就说别人视频白看的。确实这个结论与那些纯粹靠情绪下的结论是同一结果，但并不意味着从理智和法律方面考虑就不能判处死刑了啊。都是个人看法，嘲讽啥啊？在这种罪大恶极的案件面前抖机灵，你TM还有人性？？？
46,如果某天我不幸成为事件中的小女孩，谅解能获得大笔赔偿，我希望我的父母可以这么做，因为他们需要这笔钱养老，如果事件不幸发生在我父母身上，我一定不会谅解犯人。我不需要要赔偿，我只要犯人获死
47,对于评论区里嘲讽别人不懂法的人，我确实觉得有点羞耻，一个普通老百姓需要知道了解那么多吗?他们做的只不过说出了自己的看法和观点，就这样，还能被你们自以为是的所谓的知识分子嘲讽[疑惑]
48,挺不懂理中客在嘲讽什么，这基本就是最高配的故意杀人案了，你基本找不到比这还故意杀人案的了，另外，这种谅解根本不值得同情，无论你怎么美化，怎么找理由，你都改变不了你宽恕了一个变态的事实，这和一般的谅解有本质上的区别。
49,还是那句话:学法的不能学着学着没了人性。
50,把小姑娘打昏并qj，后来致死后将她放入了孩子自己提百香果的麻袋中，在水塘里泡了一天后捞出弃尸体于深山，他甚至抢走了，小姑娘卖完百香果的32块零钱，因为迷信挖了被害人眼珠。有人说，我们不原谅他，说我们太残忍，这情节你要我怎么原谅？
51,看到一堆评论嘲笑弹幕判案人均死刑的，嘲讽弹幕没学过法律的，挺无语的。人民朴素的价值情感就觉得这个事情该判死刑，该怎么判那是法院的事了，普通人连发表自己看法的权利都没了吗？恶性案件只能给学法律的人讨论，普通人说两句话就是法盲瞎判案？学法的人可真是飘在天上啊。
52,"杀人犯不死还有未来，而这个十岁的小女孩呢？她有个见义勇为的父亲，还有个含辛茹苦养育她的母亲，和姐妹辛苦给家里分担压力，然后呢？她的未来在哪里？
别看了两行法律就装理中客，你并没有比情感上希望这个虐杀女孩的畜生死的人高贵"
53,死缓基本死不了，就是一个噱头罢了
54,希望死刑[笑]
55,评论区这些人装理中客一直可以的，有些人学法，学着学着就丧失人性这话果然不错，这些逼还没学法呢，就尼玛看了几个视频就开始贬低人，嘲讽人不理性，宁可真能装啊。作为一个普通人朴素的价值情感告诉我这人就该死刑[再见]
56,说希望死刑的就被说成网络法官？谁说我们代表法官了，我们只是代表自己，抒发普通人的意见而已。理性理性一天到晚说什么理性，又不是机器，没有感情吗？强/奸/虐/杀/未成年这都不判死刑，我不知道怎么样才可以判。（希望不要有“理中客”、“专业的法律人士”、“要用理性和法律看待问题”来纠正我的想法哦，希望你们能认识字哦！不 要 来 纠 正 我 的 想 法！！！）
57,"有很多人不理解为什么家属谅解，只能说你还是学生没有体会到生活的艰辛。
孩子十几二十岁死了，父母四五十岁，可能就是个普通工人甚至农民，你让他们以后怎么生活？人总是要生活的，贫贱夫妻百事哀的事你们还不理解。
之所以法律保留取得被害人谅解可以从轻处罚，就是为了能让活着的人活得更好一点"
58,此等罪大恶极之人不能因其自首就改判死缓，改判死缓就有可能变成无期徒刑甚至有期徒刑。这对死去的女孩是不公平的，我们为什么不为可怜的女孩伸张正义，反倒宽容一个人渣[无语]
59,"你没有不安吗？
有啊，尤其是看了卷宗以后。
你有没有感觉到罪恶感？
没有，我枪毙这个人渣之后突然感觉心情好多了
你有没有考虑过他的家人的感受？
那你有没有考虑过受害人家属的感受？"
60,"孝死了，现在的风气是就连对一件丧心病狂骇人听闻的事件感到愤怒都要被理中客们嘲讽""不懂法学历低""了吗，那我只能祝福各位理中客，在各自的人生里，遇到程度大到可以让别人义愤填膺但是又会被自己这种人嘲讽的程度的不幸[tv_doge]"
61,大家生气不是很正常吗，有的人装作理智我觉得是你们没心了吧，正常人都会气愤吧，之前罗老师都说过了
62,我认为最心痛的是这个案件是2018年的，当初就判决死刑了，竟然还拖到了2020年，受害者一家五个孩子，父亲早逝，母亲一人带五个，卖百香果过生活，也不富裕，打官司有的好多💰，精神上怎么受得了？这么狠毒的犯人，过了1年多了没有得到应有的处罚，反而被改缓刑，等了一年之久换来的却是如此荒谬的结果，不知道小女孩母亲精神上会受到多大的打击。
63,总有坏人能从法律中找到“一条路”，来“减轻”自己的罪
64,赔偿到位啊。。。。怎么感觉有强者对弱者的剥削呢？但是能赔偿到位也挺好的，但是会不会受害者家属被胁迫?
65,[无语]弹幕里居然有“即使死缓也最少17年，十七年失去了人生的黄金时期多么多么可怜”之类的话语？？？这就是新时代的三观吗？撤了撤了
66,大家的愤怒总比鲁迅笔下笑看处死同胞的人们好吧
67,"老师说的那个2009年得案，我几年前看过那个那个案，二审死缓，我当时还跟朋友吵起来，这案件都不死刑，我都服了。
现在听罗老师说最后最高人民法院介入调查立即死刑，我放心了。
我也支持少杀慎杀，但不是你不杀，㊓会就会进步的。
先有人才有法律，如果每个人都善良友好，不会做错事，那何须法律，罗老师都得转行业了。"
68,真优越啊，“一般人”的朴素正义感在这评论区被各位“理智法官们”批的一文不值，也不知道这些“人”看没看这个视频，是不是开头就扎进评论区里来喷弹幕了，毕竟他们预知一向可以的。
69,希望大家明白做出减刑改判决定的是二审法院的法官，而不是中国的法律，法律是死的，人是活的，请不要动辄“对这个国家的法律失望”。
70,终于等到[点赞]
71,从感性上讲，我希望能立即执行死刑。从理性上讲，我相信最高法的判决，静待最终结果[笑]
72,为啥一堆人只考虑不减刑会让犯罪者自首情况减少却不想想减刑更会增长犯案者的嚣张气焰，让下一个受害人受更严重的伤害？[无语]“不管犯了多大的罪只要自首然后认罪态度好点就能逃过严惩”这种风气真的好吗？[tv_皱眉]法律的威慑力何在？我看都快成犯罪者的保护伞了[生气]
73,“为了防止罪犯犯罪所以我们要保护罪犯不被判刑太重“啧，吐了。这什么逻辑？exm？这不是本末倒置了？
74,“一次犯罪不过是污染了水流，而一次不公正的司法却是污染了水源”
75,希望有人能科普一下，我刚刚查了一下，家属没有谅解，没有谅解，他们不满二审判决，是他们申诉的，没有谅解，没有谅解。
76,"看了这么多，我觉得，一般人，真的不适合当法官。
我举个可能不是太恰当的例子吧，我看过一本小说，那里面，法律对应的是七原罪中的懒惰，大概意思是
“懒惰真正代表的，实际上是一种自私和冷漠，是一种“无欲”和“无情”。
热情的人总是显得勤勉而好管闲事，冷漠的家伙则是将心关在自己的世界之中，他们会用各种借口让自己与世隔绝，对外界无所作为。
因为无欲，所以不会徇私偏帮，因为无情，所有不管罪人多值得同情，审判和刑罚将会按照法规执行到底。”
所以，我们要尽量理性的去看待事情。
当然，是“尽量”，当法律和我朴素的价值观发生冲突时，在心里，我还是会支持我朴素的价值观的。
如果从受害人（及其家属）的角度来看，那你就不能用“理性”去要求他们了，这事儿放在谁身上，谁都受不了。"
77,评论区的道德巨人们醒一醒，你把被害对象换做你的亲人爱人，你要怎么原谅这个罪人？如果你能，厉害！把条件写下来回复我吧，让我开开眼
78,好多人太理性了，看来很多人只听过罗老师说过法律要超越一般人的偏见却忘了罗老师也说过法律要符合一般人的朴素正义观。杀人偿命，欠债还钱，天经地义，这也是罗老师说过的。
79,有人居然在这里引用：一个知识越贫乏的人，越是拥有一种莫名奇怪的勇气。果然是：仗义总是屠狗辈，负心多是读书人啊
80,那些说自首可以轻判是怕凶手犯罪后破罐破摔的，我就问问你都杀人qj了，但凡是正常人都知道这么做的后果了，已经破罐破摔了好吗？如果就因为自首可以苟活，那我问问你们怎么不替被害人想想？学法学到没人性了，还有某些废死的，痛不在你身上说话就是轻松，你自己的家人被这么对待，我看你还这么轻松？
81,我发现很多人来看这个视频不是想听罗老师观点，而是来看罗老师是否与他们观点一致的。
82,我现在特讨厌在网上看见独立思考四个字，大家都受过教育，都有条件在网上取得各种各样的信息，谁也不比谁低一档，一群人在那居高临下好为人师的跟我说要独立思考，不要人云亦云的样子好恶心。
83,罗老师暗语:一般来说，这个百香果女孩的犯人死定了，因为有李建奎案件作为参考
84,弹幕有个在最后一个案例那说女方绿了男方的，是纯脑瘫？两条人命被你恶意意淫，给强奸犯杀人犯洗白，共情，吐了
85,百香果女孩不能忍，这人渣让我作呕
86,前提是前面几个案件都是16以上的  这是十岁啊！十岁  什么样一个年级！
87,老师我来学习了[打call]
88,看完评论区不敢生气了，不然就是有些人口中“正义感过剩的网络法官”了[doge]
89,"死刑越来越少见，法律被""人道""绑架，对罪犯的心软就是对受害者的残忍"
90,"李昌奎案细节：2009年5月14日，云南省巧家县茂租乡鹦哥村村民李昌国（李昌奎兄长）与陈礼金（王家飞母亲）因收取水管费的琐事发生争吵打架，陈礼金称李昌奎家人曾于2007年托人到陈家说媒，但遭到陈家拒绝，为此两家积有矛盾。因感情纠纷一直想报复王家飞的李昌奎在得知家人与王家发生争执后，远在四川西昌打工的李昌奎在得知情况后随即赶回巧家县茂租乡鹦哥村，5月16日下午1点李昌奎门口遇到王家飞（19岁）及其弟王家红（3岁），李昌奎以两家的纠纷同王家红发生争吵抓打，抓打过程中李昌奎将王家飞裤裆撕烂，并在王家厨房门口将王掐晕后实施强奸。王家飞在遭到李昌奎的强暴后被其使用锄头敲打致死，并随后被拖至内屋，懵然不懂年仅三岁的王家红被李昌奎倒提摔死在铁门门口，并随后将姐弟二人用绳子把脖子勒紧，李昌奎在制造血案之后逃离现场。经鉴定王家飞、王家红均系颅内损伤伴机械性窒息死亡。
李昌奎在2009年5月20日在出逃4天后逃至四川省普格县时向城南派出所投案自首，被采取刑事拘留措施，同年6月3日被批准逮捕关押在巧家县看守所。"
91,弹幕会很激动也是意料之中，很正常，没必要可以去喷一些很激进的弹幕，在这种伤天害理的事件中一般人看到都很难保持理智，尤其是不学法的人。这样的宣泄还是民众心中的正义感吧，虽然不太理智但是感觉这样的案件里存在一些控诉罪犯的弹幕还是挺正常的[doge]不过还是不要质疑法律了，法律所考虑比我们所想的要多太多了
92,“积极赔偿取得被害人家属谅解”这个表述让我背后发寒。我想我死去了，我的家人一定会拒绝这个赔偿 要求死刑的。更何况有些强奸犯手段如此残暴，家属居然会谅解……
93,法律的意义是让人不要犯罪，不是让人犯罪了再去自首
94,十岁啊！抱歉啊！我就是键盘侠啊！我就是不能换位思考啊！他就该死刑啊！立即执行啊！我是法盲啊！我就是你们口中键盘侠！
95,这不死刑，到底是超越民众的偏见，还是脱离了群众？
96,想问一下老师，两年的考验期不是在监狱里吗？不就相当于保命了吗?[doge]
97,翻了翻评论这么多理中客真是牛批，法律该怎么判那是法院的事，但我们普通人连为被害人愤慨的权利都没有吗？这种罪大恶极的人渣在我们普通人看来就是该死，连别人出于人性的愤慨都能嘲讽的理中客可真是太懂法了[无语]
98,我一直以为死缓是缓两年再死[笑哭]，这次真是学到了
99,取得被害人家属原谅这一条可以去掉。被害人家属甚至被害人自己都没有替被害者原谅凶手的权利和自由，如果有的话，那是不是在对社会传递一个信息：可以对父母贪财的子女进行恶劣犯罪行为而不必被判处死刑？这算不算富人对穷人的一种剥削？
100,"我气笑了，“…还在情绪主导…”这种话亏得还能上热评，听罗老师讲课听魔怔了。
我不想说了，已经出离了愤怒。"
101,哟，还举报我，那我再发一次，理性人我理解，要求别人也当理性人的纯属非蠢即坏，罗翔老师已经在以前的课中批判过这种学法学的失去人性的行为了。你可以说法律，我也有表达我气愤的权利，我一没骂法官二没道德绑架法院，怎么高贵的云法学生就自我高潮起来了？别人不是不懂法，只是比你更有人性罢了。[OK]
102,我们的法制现阶段这么拉跨，评论里那些自诩内行的人真的有脑子有问题，法制又不是自然科学，法官也不是技术性的工作性质，还当是古代升堂判案呢，高人一等的语气不知道哪里得来的底气
103,更齿冷的是为了表达自己不同于群情的独立，对义愤填膺群众的冷嘲热讽。当你站在对立面时洋洋得意，鄙视“死刑和阉割”，可有一丝与被害者的共情？
104,看到最后，我就放心了，放心，他必死，老子快被理中客恶心吐了，老子虽然是法盲，但是不是文盲，欢迎来怼老子，他就该死，29岁的畜生！
105,受害者已经过世，她原谅，不原谅的权利全部转移到别人身上。甚至连法律还她的公道都是对受害者自己没有任何益处的。她失去的是自己生而为人的一切权利！只有她自己知道自己死前的绝望！她什么也没有做错就承担了别人5的恶意。我们为什么保障不了她的权益，一个消逝的生命已经得不到所谓的救赎了！那些愤怒的人为什么愤怒？他们为什么叫嚣着死刑？因为是罪犯先给受害者定了死刑啊！是他先剥夺了别人的一切，为什么不能反过来剥夺他的一切？你们说法律法条应是理性的，它需要维护秩序，那么从一开始你就不要把它冠以保护的名号。法律是人定的，程序是人走的，但公正不是你的。
106,不会有人真的觉得这样的人不该死吧？那可真令人作呕的。
107,实在是受不了B站这么多未成年小孩，特地解释一下什么叫“家属谅解”。首先根据法律规定，如果杀人犯（致人死亡）被抓住了那么他要赔多少钱呢？答案是只赔丧葬费，你自己算算你家老人丧葬花了多少钱就知道赔多少了，精神损失是不赔的，为什么不赔？这又是另一个问题你感兴趣自己去了解。那么人家家属人也死了，什么都没了，请律师，办后事，以后的生活都要花钱。有钱拿当然要拿，而且越是富裕的凶手，必须赔的越多。你说这不是花钱买命吗？没错啊？但是咋地？家里死了一个人，以后全家人日子都不过了？那你说我家不缺这点钱我就是要凶手偿命行不行？当然可以了！现实里这样的家属也多的去了！每个人的家庭都有自己的生活，你轻飘飘的打了一行字，什么代价都不用付出。人家是实打实的一辈子的接下去的生活？换你你试试？
108,这是个严肃的事件别抖机灵！！
109,面对这种恶性案件很气愤是正常的，没必要对情绪比较激烈的弹幕说什么不懂法指指点点，适当地（划重点）发表一些自己的看法情绪无可厚非，非要弹幕里就剩下学术交流吗
110,"我不太懂为什么会有人去嘲讽弹幕里说的 不会原谅 这一类的话，说是小孩子才会有的发言
我想问问是不是你们太肤浅了？
就算是这个家庭，他确实缺钱，他需要赔偿，难道就没有不要赔偿一直抗争的吗？
家人的命在你们看来算什么？你的家人因为这种事而死，就算你家穷，你接受了钱，你能在情感上原谅这个犯人吗？
绝不可能，除非你本来就想这个人死
弹幕里的人带入自己的情感去发表这个看法，有什么问题吗？
一群人开始以“我经历世间沧桑”的口吻开始批判。"
111,分明是强奸之后畏罪杀人 真是虐杀 可我在新闻上看到说什么强奸致死？？这是一回事吗？明明是故意杀人，搞得好像不是要她死一样。这分明是两种罪行 说的好像失手杀人一样 我不能理解 而且杀人偿命 天经地义
112,满屏幕的问号，难怪有人法律学多了看不起老百姓
113,"为什么谅解呢？我讲一个听来的例子
温州还是哪里，一个男生对女生表白不成，杀了。
事发后，男生他爸（大老板）提着钱箱上门磕头道歉，赔了四百万
谅解吗？
受害者是独女
不谅解吗？
是独女，以后老了谁来养
谅解有时候并不是对犯罪者的原谅，而是权衡利弊后受害者家属无奈的选择"
114,弹幕都是些什么牛鬼蛇神，话听一半就开骂，是不是感觉自己特有正义感？
115,我真不觉得是所谓的网络法官只会死刑，而是这种引发大规模关注的案件都太惨痛[热词系列_锤]
116,"“经鉴定，杨晓燕的死因，系由于被他人强暴伤害过程中，胃内容物反流进入气管、支气管和气管被锐器刺破，气管外周围血管损伤出血，血液直接流入气管、支气管，造成气管、支气管填塞致机械性窒息而死亡。”
也就是说，她在被刺眼睛的时候活着，被捅喉咙的时候活着，甚至被强暴的时候还有意识…直到被血呛死。"
117,qj10岁女童，法医鉴定为虐杀，还沉尸河底隐瞒。这还不够恶劣？这还不够严重？自首和谅解和他的罪行相比根本不值一提好吧。有些人明明一点都不懂法，看了几段视频就觉得自己高人一等？你要知道视频里那三类可以考虑从轻处理的，无不是站在道德立场上来划分的。你现在嘲讽人民这朴素但正义的价值观，我觉得你里外不是人的小丑模样真是够滑稽的。
118,老师真的很有社会责任心，希望讲的可以引起关注
119,"感觉评论区里的人都是没看完视频就来评论的，该讲的视频里说的很清楚了
至于二审法官可能只是偏向废除死刑这一方面的想法所以没有判决死刑，判决能出来起码说明在法理上是有据可依的
至于如何顾及情理和法理，那看最高怎么判就行了"
120,弹幕里在那理中客的 你们就那么瞧不起群众朴素的正义感吗？众人皆醉我独醒？还是就是单纯的坏坯[微笑]
121,听说二审给出的公告中提到“杨某的自首对案件侦破有重大作用”，但事实上两天他就被抓起来刑拘了，这个自首就有这么重要？？
122,看到最后我简直毛骨悚然，难道只有通过曝到网上引起公众关注然后才能被最高人民法院调卷吗？？？那还有多少没有被爆出来的情况，还有多少恶魔逍遥法外得不到应有惩罚？这个社会真是会哭的孩子才有糖吃，没有关注度就没有正义可言。
123,死缓＝死不了
124,罗老师，您好。最近我们一个偏远乡镇的小学发生了一件命案。四年级三个小孩于晚上熄灯后（约九点）在寝室里用红领巾勒死了同年级的一名小孩。具体信息流出不多我也不敢妄加揣测。这个事件中，犯事小孩（未满14岁），家长，学校会承担怎样的责任？我最担心的是，这几个小孩能收到相应的惩罚吗？
125,"我曾经以为，“立即执行死刑，剥夺政治权利终身，并处没收个人全部财产”，是执行死刑的同时，财产是大部分给受害者家属的[doge][doge]
       我也曾经朴素地认为“杀人偿命，欠债还钱天经地义”[妙啊][妙啊]
        犯罪成本越来越低。弱者无法保护自己，富者可以越法。很多人法律意识淡薄。一个又一个高官被抓。一个又一个杀人犯“二审”。“死缓”，“认错态度良好”，“家属同意赔偿调解”。“特大立功”。
       可是有没有人想过，受害者家属除了同意接受赔偿，还能怎么办呢？陪着罪犯一起死吗。[笑]
       “Justice+delayed+is+justice+denied.”正常英美法系对此的理解，在于“迟到的正义，等同否定正义”，换一个角度可以被理解为“法律被拖延是违反正义的”。
       可能这就是人生吧[笑][笑]"
126,"其实很多人都和特朗普一样。
虽然他们口中嘲笑着特朗普，但殊不知自己也一直在说着“没有人比我更懂刑法”“没有人比我更懂判案”等等之类的话"
127,"各位都不是法律专业，那就有点法律专业的自觉。
法律不应该违背人民的普遍价值观，这同样也是罗翔老师说的[偷笑]
你以为你自以为的理智就是公正么？
发表意见随意，但肆意创造歧视链的理智客，可以歇歇了[微笑]"
128,"罗老师当初怎么说的？“法律要听从民众的意见，但要超越民众的偏见”
那你记得罗老师也说过不能学法学到没有人性吗？最烦理中客，不能具体情况具体分析就知道瞎引用精句。而且很多精句听着好听，其实也没啥逻辑。民众的意见不等于偏见好吗？"
129,"武林外传里有一幕:佟掌柜说""只要是有心悔改不管他之前犯过什么错，我们都要给他（公孙乌龙）机会""，老白""这事儿你跟被害人家属说去，他们要是同意，我们娘俩没意见"""
130,大家可以去查查，广西这几年已经是属于尽量不判死刑了，甚至一些恶性案件都给不判了，我认为是不是受了西方的所谓“人道主义”影响才这样但我认为这非常不妥
131,？？？？？一堆理中客把我都看懵了？你们是很有自信在人渣几十年出狱后绝不再犯罪吗？你们是很有自信绝对不会跟这些人渣产生交集甚至纠纷吗？你们是很有自信那个人渣想出来再练练手的时候下手对象不会是你吗？谁给你们的自信让你们能如此理性？
132,怪不得有时候那么多瞎带节奏的，原来很多人根本就不怎么注意看视频，“除了“两个字是没听到吗？还一直刷反了反了，口误口误的……
133,评论区这些人装理中客一直可以的，有些人学法，学着学着就丧失人性这话果然不错，这些逼还没学法呢，就尼玛看了几个视频就开始贬低人，嘲讽人不理性，宁可真能装啊。作为一个普通人朴素的价值情感告诉我这人就该死刑[再见]
134,看到李振国案的死缓，就想到了罗翔老师说过的：“任何自由若不加以限制，必然会导致强者对弱者的剥削。”
135,网友们天天喊着法治法治，其实想的是人治。而所谓人治，其实就是他们自己治
136,"人死了，刚开始全都悲伤，随着时间流过，渐渐的，大家逐渐平静下来，习惯下来。所以人命就不值钱了。一句话就是，人死茶凉。
  快刀不能斩乱麻，那就别提刀，让有本事的人来。杀人偿命，区分的不过是蓄意杀人或者无意杀人两者罢了，无意杀人可以适量酌情考虑减刑。蓄意杀人你还跟我说这么多，我说nmn？"
137,这个案件情节太恶劣了，不可原谅。
138,张扣扣可以直接死刑，为什么这个可以死缓[思考]原来强暴致死比报仇轻，感谢法院给我们上了一课
139,2021年2月，凶手已经被执行死刑了。罗老师最后的预料很准确。
140,再来回一遍:最高院判的死刑，2月2日执行的，希望女孩在天上能快乐的生活。
141,非常难以想象有人在讲解这样恶劣的案例的视频下面嘲讽“人均死刑”，难道这样的罪犯不值得死刑？干什么？在别的地方被不理性的打击多了，就来这里装理中客，秀优越感？？？
142,"他们只是一时没管住自己的欲望。
那她们呢？？？"
143,只要想到只是一个10岁女孩，下得了手捅她的眼睛，装在袋子里滚下山，泡在水里泡到变形……她母亲说的：“他不想死，难道我女儿就该死吗？”才10岁啊~!身为正在教四年级的老师，我在掉眼泪
144,不懂就问，为什么邻里纠纷可以作为减刑依据？
145,这种恶劣的案件真的没得商量，强奸未成年的小女孩，而且还故意杀人，不能原谅的事情就是不能够原谅，不然弱势的人容易受到伤害，心术不正的人也越容易钻空子，现在最高法院都已经介入，相信可以得到满意的答案（死刑立即执行）另外弹幕里边的我想说一下，不要刷屏，不要随便代入当事人，应该客观思考这种严肃的事情[无语]
146,“我一想到杀害我女儿的人，现在还活在这世上某一个地方，哪怕是监牢，能呼吸，吃饭，睡觉，甚至还能有自己的兴趣爱好，我就痛苦地要死。”
147,查了下，2月2日执行了死刑，大快人心！
148,捷报：已判处死刑！
149,最高法要求重新审理了，3条暴力恶性罪，够死两次了[歪嘴]
150,性质恶劣，主管恶意，手段残忍，后果严重。你自首又怎么了?规避法律责任，想减刑?必须死刑
151,之前看到一个新闻，一个老人在公共场所提醒壮汉戴口罩结果被打死，而这个壮汉又是刚刚出狱，因为打死女朋友坐了17年牢
152,呼吁弹幕不要太情绪化，发一堆影响观看的问号。抒发你朴素的道德观念不是重点，认真听课，学习用法律思维看待案件才是重点
153,那个孩子的父亲是见义勇为死的真的太讽刺了。微博上有人说这个死缓要是执行了那就是告诉全国人民以后不要见义勇为，因为你要是见义勇为死了家人就没有保障没有人能保护他们。
154,希望死刑只是大家出于义愤的一种表述，不是想当网络法官。希望陷入法律功能主义，丧失人性的“理中客”不要急于抬杠
155,自首不应该是规避死刑的手段。
156,鲁迅先生笔中的看客，了解了，学到了，评论区的真多，用着理性的借口来掩饰自己的麻木不仁，有的嘲讽别人的热血，以为自己充满了理性，不曾想自己失去了人性，你们要喷就来喷吧，我好增加黑名单
157,不想说什么，奸+童+杀社会影响有多恶劣？这种为何会被判为死缓？刚看了母亲的复仇，感觉真的。。
158,人渣是骂不死的，杨某某以及前段时间的鲍律师固然罪大恶极，但究其原因还是法律存在漏洞。鲍后来竟然还若无其事的在微博上发了篇文，美其名曰《十问韩某》，阐述了自己不会受到制裁的若干条理由，相比之下，我们的恶语相向实在是苍白无力。只有不断的完善法律才能从根本上解决问题。这些受害者固然可怜，但是谁知道下一个受害者是谁呢？
159,应该出一条对于侵害未成年的，限制使用死缓
160,我说某些人，请不要用高高在上的优越感去批评那些你们口中“不成熟”的弹幕网友，谁还没有意气用事上头的时候？对于这种热情还没有麻木的新人来讲应该是引导大于阴阳怪气，ok？[笑]
161,b站老客观了，可把我恶心到了
162,弹幕还是评论区，有些感性言论很正常，毕竟b站青少年居多，有罗老师这种普法工作者在这里讲解是很难得的事，积极吸取专业的教育，才能给今后生活正确的判断观，希望罗老师这样的存在能潜移默化的改变这一代和下一代人对法律的认识，我相信这种默默的改变一定会有效果的[热词系列_三连]
163,我的确也觉得动不动就说死刑不好，但是这个案件明显已经非常恶劣了，强奸、虐杀、受害者未成年，他凭什么能死缓呢？看到死刑就高傲的觉得是大家不对，不也是一种盲目吗？
164,不知道什么时候，打开b站的好多视频，第一眼看到的弹幕是大量提醒关闭弹幕的弹幕。我听说有个网站是叫哔哩哔哩弹幕视频网……
165,真是奇怪，弹幕里有些人不和被害人共情，非要去和强/jian犯共情，别和我说什么自首才死缓的，以后大家都不自首了这种话，这个人本来也逃不过警方抓捕，那么多死刑犯呢真当他们会自首么？？法律就会因为结合时代背景和人民的声音改进的，那些说你懂宪法宪法你来写的人的逻辑就是厨子烧饭不好吃我必须当了厨师才有资格说他做菜难吃。还有装理智讽刺那些激进者的，总以为“理性”是搬出道理辩证地解释一些事，总有人喜欢披着这种旗子去批评感性，实际上是共情完全退化的可怜人，“你以为别人看不到你皮囊下隐藏的自私，冷漠的灵魂么？”
166,大概是有些二婶就是学的”太好“，已经失去人性啦。
167,"https://b23.tv/yonkPM
正道的光，大快人心！为最高法点赞。"
168,"评论区划分为了多派
所谓理智者：讲述谅解，法律威严，被批无法以主观视角看事。
所谓情感者：讲述道德水准，以普通人的身份发表意见，被批太过冲动与幼稚。
真的建议以后把评论区关了，这里就跟风纪的仲裁一样，太容易激发矛盾。"
169,有些弹幕真是站着说话不腰疼，有些家庭本身生活就拮据（重要前提）又死了人，雪上加霜，被告人积极赔偿，家人靠这些钱能安稳过日子，凭什么家属不能谅解，你不谅解死的人能活过来吗？以后日子还得过，怎么过？就算犯人判死刑对受害者家属又有什么好处呢？而且受害者打定心思不谅解，人犯必然也不会赔偿（反正要死，有这钱留给自己家人不好吗？）所以叫被告积极赔偿得到谅解才减刑，不是积极赔偿就减刑。你要家底殷实或者不在乎赔偿只想犯人偿命自然可以不谅解，但你不要要求想接着过日子的受害者家属不接受赔偿。
170,最高法院驳回二审，直接执行死刑！！
171,"社会效果就是希望死刑立即执行。

他对被害人是虐杀，而且是既遂，而且被害人未成年!

且非邻里纠纷，且被害人家属绝不原谅要求死刑，他本身也没有积极赔偿。

他本身就只有一个自首，而且是为了规避惩罚的自首，根本无效!

所以应该死刑立即执行，这才是正道之光"
172,"以下转自网络
去裁判文书网，搜广西高院，你会看到：
因为亲爹没有做饭，砍死亲爹妈，死缓；
和母亲争吵，拿椅子把亲妈敲晕，用裤子勒死，门口刨个坑埋了，无期；
吸/毒过量杀死老婆，无期；
因为买来的越南姑娘不肯跟他过，杀人抛尸，尸体白骨化才被发现，无期；
故意伤害罪坐牢出狱后，杀了两个人，抛尸江中，无期；
因为讨债不成用斧头砍杀陌生路人泄愤，无期；
因嫖资纠纷杀死小姐，十五年；
赌博发生口角开枪杀人，十四年……
顺便发现“自首”“归案后如实供述”在广西高院相当好使。
广西高院，把废死贯彻得相当彻底，连个死缓都不肯判，这次百香果女孩的案子给个死缓，也许广西高院还觉得自己已经算是违背原则从重判决了呢……可是违背初心委屈大发了…… 转发"
173,弹幕里面还有说应该给个改过机会的？那尼玛死的那个女孩谁给机会了？
174,难道大家忘记了？疫情期间有个杀害女大学生，故意杀人被判缓刑，关了十来年就出来了，结果出来才几个月又打死一个超时提醒带口罩的老人吗？
175,喊死死死的年纪不一定大不一定冷静，但强行理中客的至少50%是想高人一等的小孩子
176,我有一个疑问，一个人被判死缓，说如果在两年内没有犯罪行为就减为无期徒刑。那ta既然都被关起来了，ta还怎么能犯罪呢？
177,罗翔经常说的几句话，“法律是入罪的标准，伦理是出罪的依据。”。”把你当成死者的家属，把自己代入进去。”人类社会可以没有科学，可以没有法律，但抱歉，不能也不可能没有伦理。
178,前排学习!
179,一堆人在这装什么理中客，看了几个案子几个视频就可以出来说我们这些支持死刑的人不知民间疾苦？是弹幕法官？还是用正义”绑架“女孩家属的不理智份子?？？我可去你们的吧。你们知道真正的民间疾苦？？？对这个女孩家庭来说，父亲是为救人死亡，在孩子都还小的时候家里就早早就失去了顶梁柱，那个时候女孩1岁，男孩还在母亲腹中，女孩姐姐也不大，那个时候才是真正的苦，熬了这些年，大女儿出去工作分担压力，二女儿上了大学，受害女孩和弟弟也可以上学分担家务，这几年政策好，家里是建档立卡的也有不少照顾，对这个家来说，好生活才刚刚开始，根本不像你们想的那样。老说要为生者计，可正是为生者计，所以才更要判死！想一想死缓即使限制减刑，算上之前羁押时间，再过20年也就出来了，而那时候男孩也就30岁，娶妻，孩子应该也10岁左右了吧，那时候这恶魔又出现在附近，异地而处，就问你们怕不怕？？何况女孩家属是要判凶手死刑的，并没有谅解。对这个家庭来说，判处那恶人死刑就是最好的慰藉！
180,"冷静下来听完，纠结许久，夜不能寐，我仍然希望这个人被判死刑，立即执行。
一个如此懂事乖巧的小女孩就这么没了，凭什么他配活着？[无语]"
181,罗老师的视频都白看了？罗老师当初怎么说的？“法律要听从民众的意见，但要超越民众的偏见”
182,"冷静的人不应该嘲笑热血的人的愤怒，
但是热血的人就应该骂冷静的人冷血吗？
罗老师的视频是讲法律的，不是来让你们找个地方撕逼的好吗各位?"
183,"一审法院:管他呢，先从重判，申诉就不关我了
二审法院:这案子很麻烦啊，判轻点让家属申诉给最高法决定吧
最高法院:WDNMD[doge]"
184,"那个李昌奎案，我认为法官没什么错 因为真的有人学法，学着学着就丧失人性了，罗翔教授也讲过的。
眼中只有法律了，毕竟按照法律就是有两条从宽情节。"
185,刚刚看了结果，死刑立即执行。
186,最新消息，最高法已经指令广西高院再审了！
187,反正他不能活着出来，唾沫星子也给他埋了。人家个姑娘才十岁，就开始懂事卖百香果了。那个小女孩对人生是有多么大的期望，多么想努力生活，努力的活着，被这么就被迫以这么不堪方式死去。 她本应该是向阳的花阿。
188,百香果女童只有10岁啊，她的人生都还没有开始，她有什么罪，而且罪犯手段极其残忍，简直令人发指，我个人还是建议死刑，女孩的妈妈也不满意二审判决，准备申诉。
189,得，让评论区的人当法官，只要是坏人就全得判死刑。
190,看了这个视频的弹幕，我才明白，给B站某些弹幕大神普法真的没用。看了这么多期罗老师的视频，也听了这么多法律精神，这些弹幕法官还是一上来就死刑。我觉得很多人真的只是来听案子听着玩的，老师讲的完全没听进去，我也不知道这些人为什么可以边看法律解释边喊“死刑死刑”。你们先好好听听罗老师在说什么，然后再说说自己的看法不行吗？
191,最近又有一个，岳父屠了女婿一家三口，居然只判死缓，女方得到了男方家的房子和其它所有财产
192,已改判死刑，大快人心！
193,我朴素的情感一定是希望这男的死得乱七八糟，讲真
194,可能我三观不正 这种新闻看多了 我在想如果我以后有女儿的话 假设有人伤害我女儿 法律不能给予公正的处罚 我可能拼了命也要弄死那个伤害我女儿的人
195,其实完全可以看出罗老师的态度也是主张该判死刑
196,我觉得这件案子手段残忍，社会影响恶略，如果因为有自首情节就改判成功，我是有点不服
197,死缓  本来是一换n 或许会变成一换n+n
198,请各位，情绪化可以，讨论可以，但不要攻击持不同观点的对方，如学法学到没理性或网络判官之类的话
199,是罗老师给你们普法，不是弹幕法官给罗老师普法
200,看完了，感觉这个就是通过自首规避减轻刑法，建议枪毙
201,今天判完了，死刑，大家放心吧
202,罗老师，今天改判了，死刑！终于！终于！哭死我了[大哭][大哭]
203,有些人罗翔老师的视频是看了，可惜他们就光觉得自己了不起了，觉得自己冷酷无情是法律的使者，老师说的什么“不要把自己当做事后诸葛亮，要带入受害者当时”全都忘了，恨不得量你第几脚才是正当防卫(大家应该懂我说的什么)，法律是学了人性没了
204,小女孩脖子被割了一刀，在被强奸进行时被姓杨的这个男的戳瞎了双眼，后被装进蛇皮袋从山顶拖拉滚踹到山底，泡在水坑里很久，最后被就近掩埋。最让人难受的是，小姑娘不是失血过多或是外伤死亡而是血混着呕吐物堵住了气管，憋死的。 如果这还不叫情节极其恶劣，那我真的无话可说。
205,在本案中，杨某对小燕强暴并杀害。情节非常恶劣，所以一审判处死刑。二审中考虑到自首，改为死缓。但本案中仅有自首情节，并无其他减轻刑罚的条件。且此案中小燕为10岁未成年儿童，杨某进行强暴的过程中，采取的手段十分恶劣（详情见热评），个人结合法律与法理逻辑认为应该判处杨某死刑而非死缓。
206,听到谅解，第一反应是被逼的吧，各种威胁人生安全，干扰人生活，家属也没有办法这种，这种人怎么配得到谅解啊啊啊啊啊啊啊啊啊啊啊啊啊
207,从最基础的道德素质中诞生的正义，即便过于偏激，也比那些顶着理性的招牌其实只是想嘲笑贬低别人的强数百倍。如果看到丧尽天良的人渣都没有戾气，那人性也就没必要有了。
208,别说学习法律多了丧失人性，我看这个二院审我就感觉我没有人性了，直接杀了不就得了，再审个p，恶劣杀人，强奸未成年，抢劫32块零钱，虐尸这样就因为一个自首就缓期，那我把以前惹我的人全杀了是不是去自首就可以缓期，还小学生呢，没有学过法律的就不能发出自己感受么你们学法律的就很优秀？我们对这个问题感到不解难道不行？这么恶劣的事情发生在你们身上，我看你们怕不是第一想到的不是法律，而是揍那个人一顿再说把，呵呵
209,"在如此恶劣的案例中引用:一个知识越贫乏的人，越是拥有一种莫名奇怪的勇气。
人性是个好东西啊，但总有人不喜欢
“人均死刑”确实不是什么好东西，但如此恶劣且典型的故意杀人强奸等数罪并犯的案件难道不应该死刑？那么请问什么案件才需要死刑？
废死是一个大话题，西方确实废死，但国情不同，思想不同，体系不同，真的就可以直接将这种思想拿来使用？
任何权利都需要制衡，因为人并不完美，所以才会听取各方意见，多层次多方面考虑，一个只懂用条文来判决的法律人是很恐怖的，但一个不懂法只用情绪来判决的情绪人也是很恐怖的，平衡是一门艺术
提几个问题，为什么很多事情都要考虑民情，为什么要有二审多审翻案的制度，为什么有的案件地方法院已经判明，却还有最高法介入？
希望我们永远理性与人性并存(･∀･)"
210,[微笑]我只希望现在理智看待这件事的人永远不要遇上这样的事，即使遇上了也一定要冷静理智。
211,我有点好奇家属是什么心态谅解的[无语]
212,我法盲。畜生应该死刑[笑][笑]
213,死刑了!大快人心!
214,你自首想活的时候有没想过那个10岁的小女孩也想活？[呲牙]
215,二审是给罪犯辩解机会，遵循了“所有人都有申请法律援助的权利”，所以一般会和一审有冲突，我们看这个案件自然是义愤填膺，都觉得它该死，但是其他案件里被告人有可能是有冤屈的，二审就是给这样的人准备的，所以二审这个程序还是有必要的
216,"老师举的这三个例子的犯罪者最后都死刑了呀……
哪怕他们自首，哪怕他们获得了家属的原谅，哪怕他们认罪态度十分良好，最后还是死刑立即执行掉了。
这就是法律之上的人性的力量啊……"
217,"古代总说杀人偿命欠债还钱，脑袋掉了碗大个疤，二十年后又是一条好汉。
现在都不用掉脑袋了哦，二十五年后又是一条好汉（人渣）。"
218,看罗老师也就图一乐，真要学法律还得看弹幕
219,感觉有些弹幕真的不是很理智，建议先关掉看一遍比较好[微笑]
220,"罗翔老师是中国政法大学的教授，那些质疑和喷人的都是哪路神仙？法律有自己的流程，你认为怎么判就该怎么判？怎么全世界不围着你转呢？真就把法律当相声看？
刷梗的注意分地方，在这里刷梗是对办案人员和逝者的不尊重，严肃事情不需要幽默"
221,老师能说说，岳父杀女婿一家三口的事吗？
222,u1s1这些“理中客”不知道是真机器还是假虚伪，反正给👴恶心吐了🤮
223,看完了这期弹幕感觉罗老师的路还很长
224,话说有强奸犯杀完人不自首的吗？自己的“痕迹”都展露无疑了，被抓到不是早晚的事吗？等脑子清醒了，在穷凶极恶的人也会腆着脸去自首吧？？
225,"可能有些人不理解为什么二审法院要判死缓而不是立即执行，其实理由已经给出来了，法院考虑到自首情节，改判死缓
法院的判决，不仅仅只看到了犯人犯罪的一面，同时还维护了法律规定的自首制度，犯人罪大恶极，该不该杀，该杀，但犯人有自首，为了维护自首制度的存在和权威，不能对其视而不见，这是可以保证自首制度存续并能继续被人们认可信任的操作。
我说这些，不是为了让各位成为什么表面理智实则冷血的人，保持对犯罪行为的愤慨是一件非常好的事情，而是希望各位不要看不到法院的考虑，就被人带了节奏，四处宣扬有黑幕或者辱骂法院法官"
226,罗翔老师节目里说过，有的人学法学的没有人性了，应当以普通人标准而不应以理性人标准来看，二审法官估计就是这样，只看法规，理性判案，不考虑人性
227,"一个真实的事情。
我老家那边有地方拆迁，全是平房，水塘，碎石块，一个被奶奶带大的3年级的女孩自己在池塘边钓虾子，这时候一个三十多岁的男的把她推下了水塘，水塘很浅，女孩的衣服湿了，但是没有溺水，男人就哄骗她：奶奶看见你身上湿了会骂你。我带你去换衣服。女孩就和他去了那个偏僻的小屋。
后面的事诸位应该就明白了，她被活活弄死了。警察到时在屋后地下发现了女孩的尸体
这个男的，在十七岁时他也这样祸害了另一个小女孩的命，只是没有成年，再加上我老家镇长是个贪官，靠着关系，做了十几年的牢，他是在出牢两个月内又一个鲜活的生命在他的胯下没有的。
愿逝者安息"
228,这个案件而言死刑是肯定的了。希望的是大家有不同意见可以，但请不要动不动就给人贴标签。说什么中国司法系统怎么差，什么什么派。首先可以说大部分西方国家已经废除死刑了，其次对死刑的限制也是为了避免发生可能的公权力的对死刑的滥用。对于不能理解无法做到以命抵命的我觉得可以耐心多学学法律背后的哲学和观念的差异。望人们期盼的是法治而不是青天大老爷。
229,我也希望他判死刑，但是我希望他被名正言顺的判处死刑
230,在讲刑法的课堂里刷“凌迟”这类弹幕合适吗？
231,我想知道二审究竟是考虑了哪些方面最终得出死缓这个结论的？因为即使是二审的法官，也不可能闭着眼睛去判，所以我想知道对这种罪行判死缓，对社会价值导向有什么积极作用吗？是为了让更多的罪犯能够去自首，而不是去逃逸吗（因为在偏远地区出现这种命案，如果罪犯逃逸我觉得很可能很难抓到）？还是说有哪些我考虑不到的地方？
232,大家还记得是今日说法那个，消失的夫妻的那几个凶手，那是真的畜牲，说畜牲都是抬举他们了
233,也许，人类和邪恶的关系，就是大洋与漂浮在其上的冰山的关系，它们其实是同一种物质组成的巨大水体，冰山之所以被醒目地认出来，只是由于其形态不同而已，而它实质上只不过是这整个巨大水体中极小的一部分……人类是做不到道德自觉的，就像他们不可能拔着自己的头发离开大地。
234,已经死刑了
235,谁也没有资格替死去的人原谅。
236,2018年10月，灵山县10岁女童杨某燕在卖百香果回家途中，被同村男子杨光毅强奸后死亡。勤快懂事的女童无辜惨死，凶手手段还极其残忍，此案一度引发众多关注。近日，凶手杨光毅二审由死刑改判为死缓，但今天上午，情况似乎又有了变化，最高人民法院在官网上发布消息，决定对杨光毅强奸案调卷审查。[doge]
237,有些人是没情商吗？都没学过语文的，看到谅解就是认为新华字典上那个谅解？
238,"支持死刑立即执行[笑]
这是一个普通百姓处于道德和正义的想法。
评论区里某些学法的人还自己挺有优越感的一个劲指责不懂法的人真是呵呵[笑]"
239,我也是广西的呜呜，心疼这个妹妹！怎么还不杀凶手
240,老师，想问一下你最近的成都岳父灭门案什么看法？！
241,四川灭门案过来的
242,"执行死刑了！！
希望小姑娘能瞑目了！"
243,广西高院经再审认为，杨光毅犯罪手段极其残忍，情节极其恶劣，社会影响极大，罪行极其严重。杨光毅虽有自首情节，但结合其犯罪的事实、犯罪的性质、情节及对于社会的危害程度，依法对其不予从轻处罚，对该案作出上述改判。
244,其实影响很恶劣，受害人年仅10岁，受害人是先被刺伤双眼和喉咙，再被强暴，然后被淹死，最后抛在野外，而且钱全被抢走，这是故意杀人、盗劫和强暴行为，不明白为什么要判死缓两年，凶手明显是反社会人格
245,就算死刑了，罪犯也只是没什么痛苦就死了，可怜的姑娘只有十岁，是在折磨与绝望中死去的，她该有多疼多害怕啊
246,是否原谅他是神的麻烦，我们需要做的尽量快一点送他去见神
247,我不明白为什么让一个人渣死去那么难，少一张嘴少点儿贫困人口不好吗？
248,居然有弹幕说再给一次机会？？？无论是抢劫偷窃。商业诈骗。甚至说车祸误杀什么的。都可以给个机会。服刑之后重新做人。因为世界并非非黑即白。可是这么一个情况恶劣的事。居然要给个机会？？我没坐过牢但是多少了解一些。强奸幼女在监狱里都是最北看不起的。何况是奸杀。这种人就应该死刑
249,怎么还有说人生有多少个20年的？女孩的人生谁还？
250,"我不理解为什么改死缓，因为自首？是不是代表我去杀个人，然后立刻报警自首，就可以蹲几年就被放出来？
我看了一条评论，说十几年后，这个强奸杀人犯可能在大街上，与我们自己，我们的子女，我们的父母家人擦肩而过，你们不害怕吗？我怕！我不理解这种人渣为什么可以减刑
各位这是个强奸杀人犯啊！不是强奸犯！恶意杀人啊！不是过失！你会随随便便把别人套在袋子里扔到河里吗？还拿走了那32块钱！这种人挑战刑法，挑战宪法的人，怎么配活着？
我看了另外一条评论，如果被害人家属接受死缓，可以得到赔偿金，这对于这个贫穷的家庭还算有所作用，可是！花钱买一个10岁孩子的命！这值得吗？这样的现实各位不觉得可怕吗？难道所谓的生命高于一切就是一句废话？
还有很多给这个强奸杀人犯说话的，说什么应该给他公平公正，还有说什么法律是宽容不是一定要人死，还有说什么尊重人权的，可笑不可笑，那孩子的人权你们考虑过吗？这罪犯已经不是个人了啊！"
251,好家伙，评论区里有的人“人民无脑”都蹦出来了，这是直接把国家主人也一块黑啊，就算再怎么烦，一个人也不必更不能说出这句话吧？“人民无脑”都能出现在这种人的观念里，真以为今年还是1912？
252,"首先所有强奸罪都是严重的暴力犯罪，但强奸10岁女童的行为相比强奸成年女子更令人难以接受的关键在于，10岁的女童不具备第二性征，没有一般人认识上的性吸引力，对一个10岁女童的侵犯体现了犯罪者心理的极度扭曲。我是学社会学的，对法律算是门外汉，就我朴素的价值观而言，这种情节的性质的确非常恶劣，我个人支持死刑立即执行。
看了这个案件我最不理解的一点是人为什么可以为了追逐变态的快感而毫不考虑后果地犯罪，人之所以为人，其中很重要的一点是拥有理性，人可以在很大程度上控制自己的思想和行为，使其在道德和法律的约束内；我不觉得这个人具备这样的能力，不确定倘若他逃过了死刑，在服刑期间能否真的做到“洗心革面，重新做人”。"
253,"我发现你们讨论的东西都离这件事好远，有的人竟然在说其他案子……其实这个案子的事情，罗老师已经说得很明显了。跟云法官什么的也不相关，人家罗老师预测的是司法机关的判决，当然，既然是预测，也不敢说百分百准确。如果你们理解错了，不要回来骂罗老师，更不要骂我！
当然，你们既然想聊的话，我就说一句，很多人骂云法官，其实这一次，云法官的判断还真没有太大原则上的问题，但是很多人一听到有人喊死刑，下意识就会反对，其实也不过是一种印象病。
比较常见的一种论调是：不学法的人，别瞎说！
但你们怎么知道我没有做任何功课，没了解过专业知识？
就算我真的不了解法律，那你细品。
“你不会写程序，所以和程序有关的事你别参合！”这句话道理上说得通。
但如果类推一下：“你没学过法律，所以和法律有关的事你别参合！”
你们真的觉得还说得通吗？如果真的这样实行了，后果是什么？
为啥我们要普法呢？
凡事怕琢磨！"
254,还有人同意废除死刑的 我真不知道它们是怎么想的  感情死的不是自己家人就能说风凉话了？就该让这种人碰到杀人犯试试  我看你还能说出来不
255,"那些能接受死缓的理智人，假如被害人是你的孩子，你还能说出这种话，我再承认你的观点。
当它对一个十岁的孩子出手的时候，撒旦也不会原谅它。"
256,罗老师一通也讲下来了，差不多也是支持死刑了，看法律条文和实际条件确实也可以判处死刑了，那这个死刑是没问题的，法律并没有无视人性，视频都说了，行径极为恶劣的情况下是没办法减刑的，最高法也不是傻子，这个时候确该判处死刑，而不是上来就直接死刑，是要经过缜密的分析该不该死刑的，云法官显然跳过了这一步，该死和判死刑不一样
257,这期弹幕很多人在打问号，觉得判刑太轻，我觉得这正像罗老师在课上说过的，刑法是一把双刃剑，在打击犯罪的同时也限制了司法机关的权力。大家打问号的案件在我们朴素的情感来看都应该死刑立即执行甚至千刀万剐，但是反过来想如果权力不加以限制，肯定会导致权力的滥用。所以请大家相信法律专业人士的判断，就像其中的几个死缓改判死刑的案件，罪犯也得到了其应有的惩罚；同时我们的刑法也在不断地修正和完善，从而更好地兼顾法律效果和社会效果。
258,记得老师讲过一句话，二战的战犯也有人为他们辩护，而且辩论很激烈，这让法律更完善，让审判更有说服力，如果觉得一个人罪大恶极罪已致死，就可以直接拉出去砍了，那以后我们每个人都有可能被扣上罪大恶极的帽子，被草草杀掉。反复的审判也反映了法律的公正与严谨，希望最终恶人能够得到应有的惩罚，
259,就这次事件，社会恶劣影响绝对是超级大，被害人甚至是10岁不是14也不是18。[无语]
260,感觉看罗老师的视频要关弹幕才行。罗老师说过法律要超过民众的偏见，弹幕里真的太多这种偏见了
261,看这评论疯狂程度，罗老师任重而道啊，记得罗老师曾在微博说过，能叫醒一个是一个，能救活一个是一个，看来现实的确如此啊[笑哭]
262,老师讲的这么好，听众却好多都上课开小差，大家要是真的对法律感兴趣的话可以去看厚大的视频啊，里面对法律的初衷，法律的作用都有很清楚详细的解释，大家就不要在这里凭着自己都'一腔热血'在这里高呼什么'这还不死！'了，法律有法律的尊严，有法律的意义，不是你凭着一时怒气上来了就这个也死刑立即执行那个也死刑立即执行的（虽然有的我也觉得有立即执行的必要，但是既然有法院这么判了，我觉得我们要做的是理解为什么它要这么判，然后你觉得应该怎么判，你为什么这么觉得，你的依据是什么，这个依据在法律上立不立的稳，而不是'啊～情节这么恶劣，这人必死！为什么？因为他都这么恶劣的情节了，他难道还不死吗？'这种意气用事）
263,什么叫既要符合一般民众的道德又要超越一般民众的偏见？我觉得很多弹幕就是一般民众的偏见。
264,现在评论真的是让人无语，别人科普吧你说别人带着优越感，别人发表意见吧你说人家麻木不仁，你说你到底要怎么样呢？这是一个学习视频啊，遇到不会的知识和东西你首先要学习和理解啊，这也是老师科普的原因啊，就是要增强大家的法律意识啊。怎么能因为讨论的语气不好听，说的话不爱听就直接开始喷呢？这个视频的焦点不应该是老师讲的知识吗？什么时候评论区变成泄愤和喷人的地方了？这样老师会伤心的，还望大家理性讨论，有一点知识的同学说话语气客气点，不舒服的人不要太玻璃心（你和同学讨论还可能吵起来呢，这就上升了？）
265,如果见义勇为的代价就是子女受到这种侵害结果凶手还不会得到应有的惩罚的话，以后还见义勇为个屁
266,我相信强奸犯进监狱被其它狱友殴打，狱警也会睁一只眼闭一只眼，然后就拉去治疗再送回来陆陆续续反反复复[OK]（当然只是我个人的想法[生气]）
267,"该死刑就死刑，缓什么缓。
[热词系列_张三][热词系列_张三]"
268,就算那个人立功了，判了25年有期徒刑，但是那个十岁的小女孩却一年也没有了，这种人难道不该死吗？
269,罗老师看一下最近的岳父灭门案吧！
270,最后终于判了死刑！！
271,根据人民网发布的消息，改为执行死刑了！
272,最新的，这货已经死定了
273,死刑了，大快人心
274,"https://www.bilibili.com/read/cv9033558

大快人心！！！"
275,改判了，死刑立即执行！
276,"审判长：钟自彬
审判员：雷   胜
审判员：纪   娜"
277,还有国内“云南版素媛” 郭玉驰 性侵4岁幼女，至其下体破裂，被判处8年。如今已减刑2年零8个月提前出狱，却无人报道，视而不见。  @罗翔说刑法
278,有没有人是从观察者过来的
279,"自首减刑:
鼓励逃犯自首（✓）
鼓励犯罪（✓）"
280,某些情况下，我就很赞同外国那些判几十万年的，减刑八辈子都减不完那种
281,弹幕怎么这么恶臭，有没有了解过那个女孩的家庭，五个孩子，没有父亲，什么叫给的太多了，有没有考虑过，女孩原生家庭的情况。
282,"1。捅伤眼睛 颈部。 
2. 被害人10岁 儿童少年都不算。
3.强奸 
4.抛尸
5。家属不谅解
6.被害人父亲是见义勇为活雷锋，值得传播弘扬的正能量
7.犯罪动机极其卑劣、手段极其残忍、情节极其恶劣、后果极其严重，社会影响很大。
个人觉得自首情节 不足以抵销上面任何一条
死刑，没得跑了 。"
283,个人认为如果这都不是死刑立即执行  那么张扣扣案是不是判的太重？  不应该给这个为母报仇的年轻人一个机会？[怪我咯]
284,好奇怪，不管晾不谅解赔偿不都是应该的吗？怎么你们说的好像不谅解了就不用赔偿了？开车不小心撞了人都得赔人家医药费，故意qj，虐杀未成年反而不用了？要赔偿多大一笔数目才抵得上一条人命？如果施害方赔得起，他还用得着抢受害者那32块钱？如果他赔不起，你们凭什么觉得就可以通过谅解来拿到额外的赔偿？他连原本的赔偿数目都给不起！那你们的说法岂不是很可笑！
285,我有一个疑惑，被害人已经死了，犯人赔偿不是应该的吗？赔偿和谅解是一定要挂钩的吗？如果需要赔偿就一定要表示谅解吗？
286,群众就是享有评论这次判案结果的权利。有些人以人民不懂法律来嘲讽大众，认为人民不配评论，这种思想是极其危险的。
287,这种涉及到法律知识的视频果然还是很多人会不满，但是，你们思考问题真的是从法律的角度思考的么，如果不是，慎重发言，不然就是闹笑话
288,取得被害人家属谅解就能变成死缓 。。这还是让人不满意[撇嘴]
289,“我不懂法律，我只知道道德，我不管自首情节有多重要，我只知道坏人都该死，不要跟我提逻辑，你们这些学法的人都失去人性了”[doge][doge][doge]
290,罗老师讲的真的很好，但是评论区的理中客真的给我看笑了，现在真的是发表自己的看法都要先辩证唯物主义分析一波然后再结合相关法律知识，然后站在上帝视角法官位置，这样才能发表言论吗？有些人真的过于好笑了，还一副众人皆醉我独醒、我比这群普通俗人高级的优越姿态。哎，我就不该手贱看评论，好好的上课，上完了下课退出去就完事儿了，看这笑话呢。
291,B站人均法官，继微博后的第二个，我看叫第二法院吧，跟第一法院也差不多，只有死刑和无罪，那真好了
292,B站都小屁孩，我劝成年人就不要加入评论了，他们爸妈都管不了他们，你们在那说半天，没人会听，让他们去嗨吧
293,弹幕骂二审的我笑了，二审的存在就是为了公平，如果只有一个一审，中国的冤假错案只会更多，虽然我也对二审这个判决有异议，但二审还是必需要存在的，还好这个案件最高法院提案了，希望能给一个公正的判决
294,群众表达愤怒就是思想不成熟？就你成熟？把冷血当成熟。
295,判决书上退还32元这几个字很刺眼
296,云看客去了解一下事情经过再来分析所谓的法理，不要在法理面前一个个都成为冷血动物[无语]
297,我觉得感性的声音是可贵的，各位心中的怒火是情有可原的。但是就像罗老师讲的那样，案件得综合各个方面考虑，毕竟还有很多现实的的因素在里面，活着的人还得活着不是么。
298,看了这么多学法的，还是罗老师最有人性，有些人学法都把自己学的不是人了
299,自首就可以减刑   我真的是无法理解。不管他做什么 都不能磨灭他杀人的事情 。 犯人自首 不是为了忏悔 而是为了自保啊！
300,微博女性认为岳父灭门案，男方一家活该，仅仅因为被害人是男的
301,罗老师能讲讲最近的岳父杀女婿一家的灭门案么
302,如果我姑娘被人那么虐杀致死，但那个畜生还活在中国某个角落，吃饭，睡觉，可能还有点自己的爱好，那我绝对接受不了，法律不搞死他我自己也会拼命搞死他[无语]
303,老师，昨天判了，死刑，我哭了
304,现在死刑已经判下来了[doge-圣诞]
305,我只想知道有些案件发生在评论区这些圣人身上之后他们会怎么想怎么做
306,我在厕所上刷到这个视频，看哭了，眼泪滴在手机上，我只想说，我一直很爱自己的祖国，如果这个案子最终不死刑，我将非常绝望。我现在哭的很崩溃。
307,我不是特别懂法，但是把被害人代入到我的家人朋友身上之后，我就觉得犯人该死[再见]
308,这时候才真正明白有的人法学多了没人性是这么真实
309,说实话，死刑变死缓很大概率蹲个十几二十几年就能出来了，没有真正意义上的无期徒刑，那都是为有钱人有权人服务的，除非你自己作死在服刑期间再犯罪，这个概率就太小了，总结：无期徒刑没有必要存在，是非常不合理的刑罚！
310,死刑固然会一定程度降低受害人的死亡率和凶手的投案率 但是你好好想想 死刑难道不是震慑犯罪行为的最直接手段吗? 以死刑让他畏惧犯罪比让他犯了罪投案不更好吗
311,“杀人抵命，欠债还钱！这是自古的规矩！ 我告诉你孔二愣子，别说是你来求情，就是师长来求情，老子也不买账！”    ——电视剧《亮剑》
312,自首从轻到底利大弊大？我们为什么不追求不犯错，而去追求犯错了再改？
313,并不是被害人家属谅解了，而是很多被害人一家真的都没钱，受苦受难的永远是底层劳动群众
314,还在这里冷嘲热讽“b站人均带法官”？这么恶劣的案件你们看的下去？可以，心理素质太高了，我自愧不如，因为我知道我什么也算不上好歹还是个人。你们继续维护你们的法律框架，我下次到你们家附近埋伏嗷，反正自首只要认罪就行又不需要表现出我很悔恨的样子[阴险]
315,如不死刑，你能想象炼酮圈子里的欢呼，以及未来更多有技巧的犯罪。
316,我觉得现在有些弹幕太过感情用事了，普法节目是让我们学法的，不是在弹幕上肆意发表自己的看法的。家属谅不谅解也是人家家里的事，你可以不谅解，但是没必要去怀疑家人和联合凶手杀人吧？
317,我只是不明白，为什么不能发表对此案的意见？我们当然知道专业的事由专人干，但是这种情节极其恶劣的案件，连发表意见都不允许，凭什么？你们……你们好大的威风啊！
318,为什么我要尊重一个连人德都没有的罪犯呢
319,我记得不知谁说过一句话:当正义得不到法律伸张时，私刑就会泛滥，受害的是所有人。国外有强奸犯被判无罪时，哈哈大笑，还没等他走出法院大楼，就被小女孩父亲用枪打死了。[呲牙]
320,其实弹幕里有对案件义愤填膺的也是好事，毕竟这表现了观众也有对案件的关注，有善恶观念。不过我希望过于主观的弹幕少一点，如果只要犯罪就判死刑的话，那法律就没有作用了，法律的作用就是对犯罪情节进行度量。毕竟现实中是按照法律来判刑的（当然，民众的意见也是很大一部分因素）当然，弹幕里故意发影响别人观看的弹幕确实很糟糕
321,"2019年7月12日，一审法院判决。
“杨某犯罪后自动投案，如实供述，系自首，可从轻或减轻处罚；但其罪行极其严重，决定对其不予从轻处罚。
二审
撤销了一审法院关于杨某犯强奸罪，处以死刑的判决。
改判：杨某犯强奸罪，判处死刑，缓期两年执行，剥夺政治权利终身，并对杨某限制减刑。
而改判的“唯一”理由是：自首。
 从情节看，强奸未成年人、抢劫、伤害、故意杀人…
数罪并罚，最终改判原因是自首，是因为自首对于此案有重大帮助？照这样说，那是不是就意味再恶劣的行径，只要自首就可以获得得“免死金牌”？如果犯罪嫌疑人不自首，这个案子就破不了了？可是从案发到抓捕只有两天，这不是挺迅速的吗？而且，既然是自首，为什么通报上却还写着“抓获”？
二审宣判后，在网上也引起了轩然大波。
 而在众多的“应该依法判处死刑”之外，还有很多声音认为“死缓合法，不能被舆论左右结果”。
 ？？？只想说：你们在这放什么屁呢？
 我们知道，这些声音在卖弄自己的法律知识之外，最主要的论点无非就是：如果自首后还判死刑，那么以后犯罪分子都不自首了。但说这些话的人，不知道有没有听过罗翔老师的那句话，有些人，不要本末倒置，学法律学着学着就丧失人性了。
 按照刑法第六十七条的规定——
“犯罪以后自动投案，如实供述自己的罪行的，是自首。对于自首的犯罪分子，可以从轻或者减轻处罚。”
 注意，这里说的，是“可以从轻或减轻处罚”，而不是“应当从轻或减轻处罚”，这样的情况下，死刑改死缓真的合适吗？
 上海杀妻冰柜藏尸案，很多人也应该都有印象，最后也是在父母陪同下自首的，一审判死刑。
 再之后，不服上诉。
 2019年7月5日，上海市高级人民法院依法公开宣判：被告人故意杀人上诉一案裁定驳回上诉，因此人行为对社会危害极大，罪行极其严重，故依法不予从轻处罚，维持死刑判决。
同样是自首，“百香果女孩被强奸致死案”的情节之恶劣和残忍，有过之而不及。
 所以不要顾左右而言他，扯什么舆论左右结果，死刑也是法律同正义。"
322,弹幕小鬼真是搞笑，不理解人家的处境就说什么为什么会谅解，指不定事情发生到自己身上会不会接受呢，就和网上敲键盘支持见义勇为一样，到了自己就不敢喽
323,不是说我不理解 你们也知道这个女孩是怎么死的吧？打 刀割 在被犯罪人侵犯的时候还是有意识的 死因是被血呛窒息而死 你们能想象到她当时多么痛苦多么无助吗？我不知道为什么自首能为这么恶劣的行为带来‘从轻处罚’
324,还有那个云南强奸前女友致死还虐杀三岁弟弟的那个，也是态度极其恶劣，如果只是强奸前女友致死，判死缓我毫无意见，尤其是虐杀毫无缚鸡之力的三岁小孩，我还是觉得必须死立执
325,嘲讽他人不是一个懂法知法的知识分子应有的表现，引导大家的正义感用到正处才是我们该做的，要与人民群众打成一片，从群众中来，到群众中去
326,该赔还是要赔的，赔完该死还是要死的。
327,"科普一下限制减刑
一般死缓在两年考验期内没有故意犯罪的，减为无期徒刑。故意犯罪的，经最高法核准，执行死刑，重大立功的，减为25年有期徒刑。
而在此之上被限制减刑的，该减为无期的，不得少于25年。该减为25年的，不得少于20年。"
328,根据罗翔老师的描述，这类案件如果情节严重可以直接判处死刑，现在的问题是根据新闻描述，大多数人都感觉此案情节恶劣，但法院二审却判了一个死缓，再加上限制减刑，太轻了。这是争论的主要来源
329,在分析案例，讲历史案例，说法律条款，有必要说一句打一个问号吗？就真的只愿意听想听的。[翻白眼]
330,"我最庆幸的是，有罗翔老师这些钻研法律的人。法律的目的是阻止犯罪，所以不光考虑审判，还要考虑震慑，犯罪的人如果必死那就迫使其犯法到底，如果审判不严，又会被高智商犯罪钻空子
我无比庆幸，庆幸有人在了解了那么多事（人性）之后，尽可能的坚守正义"
331,这几个案件里，感觉罪犯在受折磨，一审死刑有点绝望，二审死缓给点希望，最后还是死刑直接抬走，简直大快人心啊
332,"A:嘿他不是死缓吗，怎么在这。
B:怎么不知道十五年出来了
😏😏"
333,说实话二审法官不能算错，可以杀也可以不杀，法官选择留他一命，并没有超出法律规条，但是很明显这个法官需要重修法律，这手段已经超过令人发指的程度了，证据确凿了，所谓的自首也极有可能是为了恶意逃避死刑的手段，在这么多情况下依旧留凶手一命，明显不合时宜
334,对不起，真的听不下去了。虽然我知道要冷静，但老师以平静口吻讲述这些事情时内心真的受不了。弹幕一些自称法学生的人也带着优越，仿佛高人一等似的，从一开始心态就错了。
335,我不懂那些所谓的法学生一副高高在上的样子批评我们不懂法是个什么意思，学法已经学的丧失人性了？活生生戳瞎一个十岁孩子的眼睛，qj，泡在水里一天，弃尸荒野，自首了又怎样？这就是英雄后人的待遇？我们愤怒我们希望他被执行死刑，有什么错？你说我们不懂法，他不应该死刑，可以，我觉得你们不懂人，你们不像个人
336,"有时候替罗老师惋惜，尤其是他讲时下这些不幸的案子时，你会发现，一些热评的内容跟罗老师的视频没关系，没看视频也可以写出同样的话。这些观众还是认定死缓就是死不了了、就是之后随便关十几年就出来了，然后就是放大这种想法、煽动感情等等什么都来了。谁稍微提醒一下这是负面情绪陷阱，就要被嘲是“理中客”“找存在感”“学得没人性”。
罗老师来B站，我总觉得对他个人是风险高于收益的。今天“理中客”的帽子还只是扣在少数评论区的粉丝上，明天就不会扣在罗老师头上？群情激愤：“如此兽行你还按条例解释，你有没有基本的良心和人性？”“解释个屁，就应该立刻枪毙”“你倒是高高在上了，底下人跟你生死无关你就眼睁睁看着他们得不到正义”......这种话少吗？
罗老师啊，选择条对自己容易的路吧，没必要给他们讲这些矛盾复杂的事情，你无论讲得多清楚，有的人就是永远堵着耳朵听不明白，他们要的只是情绪发泄，他们不要实事求是冷静客观。顺昌逆亡，你总在这些热点话题的浪尖给他们聚集的平台，又不顺着他们想当然的“正义”说话，所有的压力终将汇集于你一点，可怎么受得了啊"
337,有些人真觉得自己学点法就高高在上嘲讽别人觉得自己很优越了？就这件事死缓你自己想想有没有这个道理可言。有些人真是别把自己最基本的人性丢了
338,学法学的丧失人性，我终于在评论区见到了[微笑]
339,评论笑死我了，认为改判死刑就是不懂法的xxs？你认为的理性就这样？那一审法院都是没脑子的了？还说别人质疑法律，那你怎么不去取消死刑？
340,感觉好多评论和弹幕都没看明白罗老师这个视频的意思啊。罗老师身为一个科普up，又不是时评up，面对法律界同仁给出的二审判决结果自然不方便给予评价，毕竟不在其位不谋其政。但是罗老师又举了几个类似的二审判死缓之后最高法介入然后改判死刑的例子，最后说这个案子最高法也介入了相信可以给出一个公正的判决。罗老师的态度已经说的很明白了。许多人点进这个视频不是来听分析的，是来听罗老师骂人的，但是看了一半没听到自己想听的又急不可耐的到弹幕和评论区宣泄情绪，这种弹幕和评论徒增戾气，没有任何交流的价值
341,法律是不是形成流程了，一审重罚，二审减轻，引发关注了就重新判，没有就放掉了。[doge][doge][doge]
342,"观前提示：别开弹幕
观后提示：别看评论
看完了自己有体会就可以退出了，没必要争什么。"
343,可惜的是法律规定是取得被害人家属谅解而不是网友谅解[doge]
344,大家可以想一下，如果无论罪行轻重，都判处施暴者死刑，那么施暴者会留下受害者的性命吗？所以这个法律准则实际上是为了保护受害者而不是施暴者的，希望大家理性看待[思考]
345,"我感觉全片看完，罗老师有句话是含而不露的：这种情况的案子，我都分析得这么清楚了，按照最高院的性子还有以往的案列来看，这人死定了，大家多等几天最高院启动审判监督程序就行了。
所以评论区里还有这么多发泄情绪的我就不明白了，个个都是网上带法官了吗？说话都说不到点子上，上课又不好好听讲，别人说几句理智正常讨论的话也要喷，这脑子治不了治不了......."
346,抛开这个案件的恶劣性质不谈，我就想知道，如果自首行为不减刑的话，那些犯罪者肯定不会愿意自首，说不定还会因此再犯更多的罪，这样影响难道不会更恶劣吗？但如果这个人渣获得减刑，对受害者及家属也太不公平了，这种事情要怎么才能平衡？
347,为啥弹幕这么年轻？花钱取得被害人家属谅解这是很普遍的，人没了，家庭总要继续活下去的，如果不缺钱，谁想原谅他呢。
348,现在网络上的大家都对法律一知半解，老师在给大家普及法律知识，提高法律意识，能不能放下你们那些幼稚的自我的观念，好好听讲？你觉得没用，法律有普适性，任何案件都会综合考虑，尤其是在中国这种道德观念比较重的国家，对比美国，一些罪犯被判个250年你觉得有意义吗？活不到那么久，对于美国的法律来说，这也是司法公正。
349,弹幕里某些人，别用你们朴素的道德观来问“这不死刑了”[保佑]
350,看罗老师讲法这么久，有的人还是动不动就一命偿一命，一说到谅解就怀疑交易，还二审问题大。过失杀人，冲动犯案，没那么恶劣的要不要一命偿一命？每年那么多案件那么多人谅解那个个都是交易了？二审判的死刑比你吃的饭还多怎么不想想？看了这么久罗老师你们都学了点啥？真就奔着相声来的？还张口就是老师好，闭口就是老师再见呢，装着一副学习法律的样子，页面一关不久又变回野蛮人了？
351,当真弹幕里全是带法官，全部情绪化判决，罗老师上了这么久的课让我们理性判断，真是讽刺
352,[无语]弹幕某些人都是什么东西，人家谅解了关你屁事，看点罗老师的视频就觉得自己什么都懂了天下无敌了狂发问号，谁家你都要管一管？恶不恶心。
353,众所周知，网络上只有死刑和无罪两种判断
354,弹幕里一众批评司法不合理的，我只能说，你点开罗老师的视频就证明你是来学习法律知识的，而不是来这里当喷子的，你应该抱着学习的态度，把自己当成一张白纸，虚心接受知识，而不是听了两句就觉得自己很懂就开始攻击老师攻击司法。
355,"弹幕里和评论里一堆“法官”，要我说:
普通人比法官还会判刑
你不是法律专业人员难道会比法律专业人员专业吗？
听点张三不会让你成为法官
会点积分你也不是数学家
会唱几首歌你也不是音乐家
我觉得专业知识领域就给专业人员来做，我们可以发表言论，但是不能指手画脚？
为什么这个基本道理这么多人都不懂[囧]"
356,刷犬决的足见我国群众仍需更加深度的科普教育
357,今天行刑了
358,已经判处死刑了 愿女孩子天堂安好[爱心]
359,已经死刑了
360,12月28日，已经改判死刑
361,终于死刑了！[大哭]
362,已经判死刑了
363,终于改判死刑啦
364,无论犯了什么罪，只要自首，无论真心或假意，就可以减刑，那么受害者有什么机会？
365,"看到有人自诩理性 嘲笑人均死刑 当时我就笑了
没有人比你更懂法律了是嘛？让你说出一二三来你不行 装[胜利]嘲讽你一个顶三个 学点法律怎么了？学那两年法律觉得自己就理性了？众人皆醉你独醒？就说好想等级高了一等？ 一审认为死刑 你的意思是你比一审法院里面所有人都理性？你应该取代他们的位置？啥也不是的dx 知道点皮毛多看两节课就觉得自己行了 我笑了 一审法官陪审律师最后得出死刑怎么说？都不如你个半吊子的f5？进哪家律所了？法考你过了吗？f5？ 笑死人了 多看两本法学书多看两节视频就觉得自己理性了 理性跟学不学法有关系？法学＝理性 不学法的都不理性？ 半吊子的f5别在这里丢人现眼了 学两天不知道自己几斤几两了 罗老师都不敢直说 很多视频都说要参考民意 你个半吊子的f5装什么呢？[疑惑]"
366,这里有个重点：之前犯罪者是有被派出所怀疑并带去问话的，后面还放出来的，说明当时情况下犯罪者是可以自首的，但没有，说明此人当时是有侥幸逃避的心理的！！！重点是过了两天，在家里人劝说下才去自首！【这说明了犯罪者的第一反应是隐瞒逃避，如果没有家里人的劝说，很大可能没有自首的打算！！！】
367,这不死立决的话，我真感觉我活了20多年建立的三观在崩塌
368,法律也是给人制定的，不能因为学法久了看任何事情都过于理性，不带任何感情
369,为什么批评别人的愤怒啊。。学法的没有共情能力能理性看待就高人一等吗？大家专长于不同领域而不懂法是件很奇怪的事吗？觉得不合理而愤怒很无知吗？
370,最高院都认为死缓限制减刑判轻了，启动审判监督程序再审了，咋还有一堆人觉得自己很理性，说人家都自首了。
371,2020年11月11日，高院发回再审了。
372,被害人父亲是见义勇为而死的，现在就剩下一个悲惨的母亲，我有理由怀疑家属原谅是不是真实的，到底是真的原谅还是不为人知的威胁下原谅的。我也是法盲，我刚刚看完报道，我不算什么成功人士但我还坚信好人有好报，我捐过血捐过书籍和衣服。我当过义工，也被人骗过，但那些也没让我动摇过，现在我不知道自己是否还能坚持好人有好报。一位伟大的父亲死去，结果是为家里撑起天的人没了，现在希望也没了，最后留下的母亲该有多痛苦啊。
373,感觉评价里某些“法学”人士觉得自己高人一等[笑]
374,自首只是因为怕死刑吧。。更何况还是他爸爸劝他去自首的。。这个情节已经非常恶劣了，不能拿自首来当免死金牌吧，就算提高了自首率，鼓励犯罪后自首，可这样一来犯罪率不也上升了吗？？如果最后结果还是死缓，我看着真的心沉甸甸的
375,我看到很多人在看到家人选择谅解的时候在发？？？的时候真的觉得很难过，我父亲被人用钝器击打头部至死，凶手很快落网，我们家人没有选择谅解，没有拿到你们所谓的一点钱，然后失去家庭支柱的我和我母亲，搬到了市区的一个废品回收站附近，那里还是城市排污河所在地，同时也是一个著名的红灯区，每天形形色色的人在那里路过，每天我都要被不同的大孩子殴打抢劫，母亲每天都在为我的借读费和我们的生活费发愁，后来逼不得已，她为我找了个继父，我们经济状况好了，可这个男人抽烟酗酒还殴打我，我的那时候我才十岁，后面的人生总是那么漫长痛苦。也许拿了这笔钱，我就能住在一个环境稍好的地方，我就母亲就不会找继父了，我也不会被殴打了，但这是我们为我们的骨气所付出的代价，不过是拿我的将近十年的痛苦和后半生回味绝望换的。但有人觉得不值，有的母亲的孩子病了，有的人还有重病在床的老人，活着的人希望这些人也能活下去，可她们失去了经济支柱了，她们需要钱，需要一笔救命钱，一笔她们未来保障的钱，一笔你们所谓的“一点钱”，她们选择了谅解，她们恨凶手么？她们可能不恨么？即便她们知道这个选择会被像弹幕这样，一身正气的人所不耻，她们还是得这样选择。人生，有的时候其实真的别无选择。
376,喷二审的弹幕们，你们知道有多少冤假错案都是通过二审来修正的吗？
377,我像问问只会打连续问号的人，你们是只会从自己觉得对的个人愿望出发看问题，对任何不对眼的事实都不爽吗。然后书又不会读道理讲不过人家，只能发一连串问号恶心别人给自己留下卑微的尊严[思考]
378,突然很心疼罗老师还有像罗老师这样的人，经历了这么多足以令人理智崩溃的案件，甚至还要熟记于心，但是他们仍然要并且会选择以最理性的角度来剖析案件，一件件案子以最理性的角度去诉说。学法律真的很考验人，而能像罗老师这样懂得这么多经历这么多还能如此温文尔雅的人，我只能仰慕。
379,某些理中客的优越感从何而来?看了几个视频就认为自己不算法盲了? 群众高喊死刑是因为人性 二审也不算结案 死刑在我来看来是必然的结果 引起恶劣反响 现在就是最高人民法院来权衡利弊 而不是你们这些理中客一口一个☁️法官 自恃清高 真可悲[微笑]
380,我知道法律不仅保护被害人的权益，也会保护罪犯的权益。我知道有些事情法律上可以谅解，但是人做不到。学法不是为了成为高高在上的理中客，学法更要知道法律不是真理，它存在完善的过程
381,"首先他是强奸罪，性质特别恶劣。
其次他致死被害人死亡。并不是不小心致死。案件表明，犯罪人是残忍地杀害了10岁的被害人，甚至还抛尸。
虽然我没学过刑法，但这在我们老百姓的心中，在被害人家庭的心中，特别特别的可怕。如果这样都不能判处死刑，会让人觉得此类犯罪成本过于低。"
382,"看到点赞高的评论都是对女孩的同情和对这个罪犯的唾骂，我就宽心了。罗老师曾经说过，学法不要学成法律机器人，要把自己代入案件，用一般人的观点来考虑问题。如果你是这个女孩，你绝望不绝望，如果你是这个女孩的家人，你绝望不绝望，你痛恨不痛恨，你想不想让这个人渣死。
实际上，社会的影响和道德也是法律制定、遵守、执行必须要考虑的东西。如果这件案子二审判决成为最终判决而没有人质疑，如果这个人渣能通过自首和取得谅解来减轻刑罚而没有人愤怒，那不是什么“人人懂法”的好事，而是说明社会冷漠到了极点，而是说明大部分人失去了同理心。
所以看到罗老师绷着脸，并且强调了自首和取得谅解只是考虑减轻而不是必定减轻，看到评论区大家对女孩充满同情对人渣充满愤怒，我就宽心了，我就放心了。
因为我们生活的社会，不仅有法律作为底线，还有道德作为约束。"
383,评论区什么毛病？罗老师最后的意思不就是希望这件事引起广泛关注，从而让罪犯得到应有的惩罚，死刑吗。
384,死缓=不用死=没有刑罚=法律不公平=鼓励犯罪=强奸案件增加。对刑法无知者常犯的错误逻辑
385,我感觉奇怪的就是为什么大家的关注点在谅解这里，谅解是很正常的啊，人已经死了，还要生活，本来就是农村总好过人财两空。关注的难道不是判决和中国当下对于强奸虐杀的法律规定吗？？？？有时候满清留下来的有些东西虽然是糟粕，但只要用对地方就是好的。比如阉割和酷刑对这群魔鬼不是很合适吗？？？？人权是给人用的！！！不是给畜牲！！！！！
386,如果不判死刑的话难道不是在鼓励社会杀人吗。。。明里暗里告诉你哪怕你把一个女性眼睛刺瞎喉咙割破然后强奸最后装进麻袋浸在水坑里导致女孩窒息性死亡，你也不会被判死刑，在监狱里有吃有喝，这。。。？
387,"貌似被吞掉了，重新发一遍。
遇到这种案件，广大人民群众应该要做到四个代入：
第一个是代入受害者家属情况考虑，毕竟人死不能复生，再多的补偿也不能抚平失去亲人的伤痛。
第二个是代入犯罪人的情况，假如你是犯罪人，在知道自已必定判处死刑而无法圜转，你是否还愿意尽力赔偿受害者家属在失去受害者之后，缺少生产力和审讯期间造成的经济损失以求得“谅解”呢？
第三个是代入立法初衷，自首应当从轻是为了减少追查逃犯的成本，逃犯在逃的过程中可能会造成社会普遍安全感下降，包括追查逃犯的成本也是由全体纳税人承担的。
最后才是我们自己，发生了这种恶性的案件，相信群众也不希望这种犯罪者危害到自己或者身边的人。
义愤可以有，毕竟人民群众心中没有正义，社会就烂掉了。但是戾气不能太重，有的人就是见到什么案件都叫嚣着斩立决，说难听点，一律不用审直接斩了，这种人就是纯粹戾气太重，看热闹不嫌事大的，就想看人头落地。
作为一个自然人，生命的权利不能被随意剥夺，请不要把嗜血的本性暴露出来，这并不会显得你很“正义”，只会让别人觉得你很没有素质。
尊重生命，等于尊重犯罪人。法律是公正的，既保护了犯罪人的权利，也保护了受害者的尊严和权利。相信司法机关会给社会一个公道，也给受害者家属和犯罪人一个公道。"
388,"有些弹幕看笑了[呲牙]老师在讲具体案例的审判结果时，有些居然说""老师你说的不对，不要误导别人""我就笑了，你觉得不对你不会去网上查一查这个审判结果？张口就来搞习惯了？[思考]"
389,所谓的那些理中客们，你们真的觉得自己很对吗？真的觉得完全按照法律走，和法律统一口径自己就是伟大的？愚蠢至极！法官是人，大家也是人，大家有人性，法官自然也有，情节如此恶劣，难道法官就不气吗？法官也想判死刑，而你们一味的说着应该按照法律程序来办，你觉得自己很伟大吗？一点都不！这是泯灭了人性的表现！法律是人定的，他是为了约束人性而不是泯灭人性，像你们这样，就不是你在用法律，而是法律在用你！愚蠢，迅哥儿说的一点儿都没错，学医救不了中国人！学法也是！！！
390,弹幕都是热血青年，义愤填膺，挺好的，还好中国有死刑，像有些资本主义国家不仅没死刑，有钱还住的跟酒店一样。
391,"可悲的是，在这样一期对社会影响恶劣的案件科普视频下，许多人斥责着所谓法制，痛斥法院为何不判决死刑。也有人批评社会冷漠，法度无情判决根本不关心死去女孩的意志。甚至有人攻击家属能谅解施暴者的权力。肆意发泄着自身盲目的“正义感”。
     我始终相信人民的喜怒是相通的。但是不经过正确引导，聚集的情绪却是盲目的，通过片面的信息和自身的些许认知就凭感性做出判决。这是网络暴力的根源，更是所谓“网络法官”和“理中客”的评判标准。双方互相攻击，不再是为女孩抱不平，同时使用监督权。而是用尽全力去攻击与自己思想不同的人。感性思考固然是为人之本，但是抛弃理性去审判无疑是对法治的背叛，是社会的倒流。对于司法层面，我们应该追求的是三分感性七分理性。说事实讲依据，而不是口嗨宣泄正义感。有的人说这是赤子之心？不，请别把无知盲目鲁莽偷换概念，人民需要的赤子从不会以个人认知随意决断他人生死，知理有情，热心至诚才是新时代所需要的。
     感情是双刃剑，不要让自己的善意变成伤人的利刃。学会换位思考，固然施暴者该死，但是他自首的情节是需要正视的。法律是引人向善的我，所以不能丢失人情味。对于犯罪者的罪行一码论一码。没有的罪就是没有，不该判的丝毫不加。如果作恶就是必死，就是酷刑，那么犯罪者必然想着逃脱法律。一个穷凶极恶的犯罪者潜逃在外，后果自然不用多说。这时有人就会说了，犯人犯了罪，却不严惩。岂不是鼓励了犯罪，甚至某种程度上保护了罪犯？其实这么说也是对的，施暴者也是人，在法理上大家都是平等的。对于国家机关来讲个人是脆弱的，犯人也需要保护，无论什么时候法律都必须公正，以避免强者对弱者的剥削。犯罪者的惩罚只由他的罪决定，而不是人的偏见。
     另外抨击家属同意原谅的，先不提他人家事如何决议我们不应该评头论足。第二，死者为大，生者何以生？法律上谅解是可以得到大额赔偿的，穷困的家庭历经此事本就悲痛，再剥夺拿到赔偿的权力可是过分了些？女孩亦是可怜的，她有理由愤怒不平，但法律从来不是由个人偏见和情绪无端左右的。该怎么判就怎么判。这就是对法律，对人权，对死者最大的尊重！不相信最高法院相信谁？任何权力机关都有着腐败的天性，但是至少结果还没出来前，请相信司法机关！不要被有心之人阴谋论支配，请相信正义是存在的！"
392,未成年保护法这时候不该发生效果？只有犯罪的未成年才能享受未成年保护法带来的好处？
393,还有奥，评论区这么多人在说什么取得家属谅解的话，我知道你们说的是其他案件。但是，这起案件中，小女孩母亲没有谅解他，懂吗？没有谅解，所以就是，二审改判死缓，只有一个自首情节，还要再说明白点吗？就是孩子母亲要他死，法官让他活。
394,法律要听取民众的声音，但要超越民众的偏见
395,[生气][生气][生气][生气]气的睡不着，理性告诉我要相信法律的判断惩罚，情感上我恨不得把他大卸八块！！！！
396,我个人觉得法律无权替死者决定是否谅解罪犯 哪怕是身为监护人也不行 想想活蹦乱跳的一个10岁的孩子 她才10岁 想想以后的女儿 如果我遇到这种事 坚决不谅解 如果法律解决不了 我就不再遵守杀他全家
397,罗老师已经不止一次的提过：法律一定要超越民众的偏见，弹幕里的键盘法官们有想过罗老师的这句话吗
398,关键是怎么样算极其恶劣，如果要残忍杀害N个人这种才算极其恶劣的话，那二审这样判也没啥问题，不过现在大部分人都认为这已经算极其恶劣了，这才会引起争议吧
399,取得谅解说是拿钱买命也没错，这终究是现实，死者已经去了，不要再让生者平白遭受折磨，要是家里顶梁柱没了，不要赔偿金一家人喝西北风吗[无语]
400,弹幕很多都在说二审法院是不是有毛病或者收了多少钱之类的话。其实一审和二审是有区别的，二审判决最重也只是维持原判，一审的原告与被告人是固定的，而二审的上诉人是不固定的，原告被告第三人都可以成为上诉人，而且二审程序是基于当事人行使上诉权而发生，一审是基于原告行使起诉权而发生。相当于法律给予当事人的第二次申诉机会，但也会视案情予以驳回上诉，并不是想二审就二审，就好比法定的从宽情节一样，情节恶劣一样可以不从宽，二审就跟法定从宽情节一个道理，通俗说就是法律赋予上诉人当事人的权力罢了
401,有些案件光听老师讲就后背发凉了[捂脸]特别是哪个肠子，恐怖片都不敢这么拍，女孩们要注意安全，可别碰到这种离谱的变态
402,"罗老师：用手扯断肠子，性质太恶劣了
弹幕：用刀就不恶劣了吗
我：？？？不用刀你要犯人意念杀人吗？"
403,如果最终裁定还是死缓的话那就太让人失望了。哪怕他有自首情节，但依然改变不了他所做的事。哪怕罗翔老师视频里讲的案例被害人的年龄也没有小到十岁这个程度啊。
404,建议犬决
405,老师好[鼓掌]
406,女孩也太可怜了吧，大好的年华都被这个人渣毁了[2233娘_大哭]
407,看了看评论，老师大概是真的白讲了[小电视_发愁]
408,如果按大家的意思，出现强奸啥都不说直接死刑的话，那还有人自首吗？是否会导致再次犯罪？更加恶性的犯罪？
409,"我先不管什么法律怎么规定，什么家属是否谅解
我只知道这次法院判定告诉了所有人：如果你做好了一命换一命的觉悟，你就去按你想的去做，最重也不过是一命换一命，而只要你自首，还有概率获得死缓如果有钱能获得被害人家属谅解，最后甚至不用死。
这案子传递出的观点就是：杀人永远不会亏，有钱人的命更容易保下来[无语]。
我不会认同这种观点，永远不会。
如果我家人被杀一百万一个亿我也不会选择原谅，倾家荡产我也要请好的律师让杀人犯判处死刑立即执行。如果我收下了钱选择谅解我的确能得到更好的物质生活，但我可能也不再是我了。"
410,最讽刺的是百香果女孩的父亲是因见义勇为而去世的，所谓的好人有好报就是这样吗？真是有够好笑的呢[微笑][微笑]
411,本案判死刑也有法律依据，也有案例，同样可以是理性与尊重法律的选择，为什么那些“理客中”要抨击那些表达期望死刑的人？就给扣上个法盲的帽子？不会觉得自己的的观点就无比正确高高在上了吧？
412,网络大法官们一张嘴，14亿人民都随它判
413,"看到弹幕有一句话:有很多弹幕看似理性但事情发生在自己头上肯定是第一个要求死刑的。
我想吐槽[热词系列_知识增加]这有问题吗？作为当事人，情绪激动有错吗？但这不妨碍你现在的理性啊！讲真，如果发生在我头上，罪犯五马分尸，凌迟处死都不解恨。[无语]但是这和我现在认为法律不是为了处罚而存在的，一点都不矛盾。"
414,最可怕的是最后罪犯没有一丝忏悔，还活的好好的，然而家属却一生都在失去亲人的痛苦煎熬中。
415,鲍某案，，不加班赔款案。。。百香果案。。。等等，这是5个月发生的事情。都是没有结果的事情，唉[无语]
416,不是死刑也可以，那得没收作案工具[翻白眼]
417,罗翔老师之前讲了那么多关于法律的基本内容才慢慢引出来恶劣的刑事犯罪 但是弹幕给人感觉罗翔老师前面的用心基本上白费了
418,QJ犯进监狱不用狱警吱声，其他犯人就是教育教育他
419,有些人也太小看25年了吧，25年眨眼一瞬间一样，牢里25年待了基本出来也废了，而且万一人家背黑锅的，这又咋算？？？刑法是秉着宁愿少杀，不愿错杀的原则，别动不动死刑，哪天背黑锅是你时就凉凉了。
420,有些人太激进了[无语]在你不是专业人士，未掌握专业知识的时候，你最好不要发布带有较强主观色彩的评论，没意义 peace
421,弹幕是些什么东西啊，开局就骂法官收钱了，法官这样判全家不得好死？法律是一个讲根据的东西，真要对犯罪人员进行惩处法律允许死刑就行了。我不是在洗白，我只希望大家能不要这么偏激，等看完再发表自己宝贵的言论。犯罪嫌疑人该死，但是也不能因为改判死缓就骂法官全家不得好死
422,能给普通人一个二审翻盘的机会，那意味着什么？那意味着就真有无辜之人会因此证明清白。人总是喜欢看“恶人伏法”，却鲜有人喜欢看“天下大白”，所以我很喜欢老师那句话，法律要超越民众的偏见
423,不是，看了罗老师这么久的课了，一堆弹幕还搁那义气用事呢？多思考思考法律，别动不动就杀杀杀，罗老师跟你讲的是法律运行的这个过程，理智点听课不香吗？真就 好 学 生 嗷[疑惑][疑惑][疑惑]
424,"谅解是被害人家属的事
怎么有些人看到谅解就脑补些什么被威胁啥的？
人家觉得赔偿到位了，谅解怎么了？
难道就完全不能谅解犯罪嫌疑人了？
取得被害人家属谅解这一点也可以看作是对被害人家属的补偿，如果没有谅解这一点，那被害人家属可能得不到任何赔偿，没有什么不能理解的"
425,诈骗数百万十数受害人，派出所推皮球，各大报纸不报道，百度。
426,你永远可以相信最高院
427,学法律可真不容易啊，气得要命还得尽量保持理智中立[无语]
428,说真的，我觉得学法的人内心要很强大啊。我就看了一会儿讲解的视频都产生了胸闷恶心的感觉难受得很。
429,改判死刑了，大快人心
430,被判死刑了！！赛高！
431,死刑了，正道的光大快人心，普天同庆！！！！！！！！！！！！！！！！！！！！[点赞]
432,2020.12.28，最高检改判死刑，正义得到伸张，
433,2020-12-28 再审判决死刑，报最高院核准
434,今日被判死刑，再看一遍
435,"东野圭吾曾这样描述过受害者家属得知罪犯逃脱死刑的感受：

“我一想到杀害我女儿的人，现在还活在这世上某一个地方，哪怕是监牢，

能呼吸，吃饭，睡觉，

甚至还能有自己的兴趣爱好。

我就痛苦地要死。”

我不是被害者家属。

但我一想到十几年后，那个将女孩拖走、抢走32元钱、用刀刺伤双眼割断颈部，强奸10岁的她的犯人。

很有可能和我、和我的父母、我的孩子在街上擦肩而过。

我，也痛苦的要死。"
436,有一说一，对于这种人，死刑都太轻了，可是我国刑罚没有肉刑和羞辱刑。
437,"一开始我为年轻一代即将上岗表示欣喜，我希望同龄人改变这个""人情社会""，让司法更加公正，让办事更加效率，而不是靠人情纽带畸形的链接着。看了评论区，我觉得我们可能没有未来了，一群专业能力过硬，知识水准如此高的同龄人，正在客观的践踏，贬低，甚至嘲弄人类与生俱来的，滚烫沸腾的热血，和发自内心对于罪恶的仇恨。这样有能力的人，却把自己摆在了人性的前面，以为自己可以完全掌握自己的言行与思想，这就是最可怕的。"
438,什么玩意儿啊，自首了就可以不用死了，是不是谁都可以杀人？杀完人之后，自首就可以了，什么玩意儿？
439,女孩是被从自己割开的喉管里涌出的血活活窒息呛死的（双眼已被戳瞎）本以为就是桩强奸凶杀案，没想到罪犯手段竟残忍到这地步。“戳瞎双眼、割开喉咙”，这简单的八个字，没有任何渲染的描述，已经血腥得让人无法面对了。
440,有些人说判死刑会导致罪犯更疯狂的报复社会，那么请问什么情况才可以判死刑？或者说在这种人的眼里就不应该有死刑？立法者的确有意制造这种看似“矛盾”的情形来制衡刑法的运作。刑法的任务是惩罚犯罪，保护法益，因此刑法的报应性应当优先于预防性。本案中含有强奸幼女，故意伤害，故意杀人，抛尸等极为恶劣的情形，如果这案子判个死缓，似乎在逻辑和因果关系上能够自洽。但是法律的生命毕竟在于经验，这样的案子如果真的判死缓是否符合刑法“惩罚犯罪”的目的呢？况且如果人民群众失去了对司法机关的信任，那才是对社会秩序的最大的亵渎，那么这所谓的“预防犯罪”我想也就没有意义了
441,这byond到了牢里也活不长，这个罪要让狱友知道了，基本上是完蛋了
442,？啊？什么样的家属能谅解？世界之大无奇不有啊
443,不知道在那看到一句话“我保护了陌生人，法律却保护不了我的女儿”
444,希望他死[保佑][保佑]
445,18年的事，竟然让这个王八蛋活到现在
446,我想起来了我看的一本小说中有一句话，我们不应该对好人太过严厉，对恶人过于宽容。
447,"特意查了一下，被害人家属没有谅解，对二审不服，如果这样都判死缓被害人怎么办，我开 始看以为给钱赔偿了，结果是一分钱也没有，这种情节恶劣的，居然判死缓，确实有家属劝自首协助司法破案的从宽处理的法规，但是单论这个案件恶劣性质可以从宽吗，
“杨某燕的死因是被他人强暴伤害过程中，胃内容物反流进入气管、支气管和气管被锐器刺破，气管外周围血管损伤出血，血液直接流入气管、支气管，造成气管、支气管填塞致机械性窒息而死亡。”
10岁的女孩"
448,但凡学过刑法或者长期看罗老师视频的人，都不会打问号或者对罗老师的解释提出无脑质疑
449,开弹幕看有点那啥。有种台上在理智解析案件中的法律知识。台下一堆人起哄直接断罪。好像点对接不上，一类靠理性说事，一类靠感性说事。(讨论严肃问题还是得弹幕关闭)
450,什么时候自首都成了免死金牌了！！！这种人渣必须死刑
451,你们没听出老师的言外之意吗？老师隐晦的表达了这哥们必死
452,弹幕有些人能不能别天天你觉得你觉得[无语]。说白了你既没站在立法者的角度上考虑，也没站在执法者角度，更没站在真正的受害者家属角度考虑[笑][笑][笑]。可能弹幕里人都过得衣食无忧生活富足 动不动就可以人在美国刚下飞机，所以你们总觉得不会有家属接受调解和赔偿[无语]人人都要就算砸锅卖铁也要把凶手告死？抱歉，咱们的国家还有千千万万的家庭年收入不到十万，面对凶手家庭给出的几十万赔偿金 真的是一笔巨款 一笔几乎可以改变整个家庭活下来的人命运的钱，换作是你 你难道真的不要吗。当你是一个立法者或执法者的时候 你能想象到如果自首和赔偿都不能为嫌疑人得到减刑 又会有几个人选择自首？又会有几个家庭选择赔偿？放下你廉价且容易上头的正义感吧。 设身处地的去思考 谨言慎行 好吗。
453,听了罗老师说的，感觉改判死刑立即执行的可能性很大。一方面主观恶性强，手段残暴，性质极其恶劣。另一方面，受害者不仅未成年，而且年纪很小，要考虑到以后的社会影响。最后情绪化说句，我非常希望这个仆街现在立刻马上执行！！！
454,"那药家鑫案呢
性质没这个恶劣吧
他也自首不照样死刑了吗
为什么这个不可以"
455,我真的很讨厌在老师讲解得很明白的情况下刷问号的人[笑]哪不明白用文字张嘴问！刷问号真的显得无知又没素质
456,"罗老师真正意思：
1. 科普啥是死缓的限制减刑
2. 给大家解释清楚，有些人可以减刑但是因为社会性质恶劣可以减刑也会被判定是没必要的
3.无数次强调只是可以减刑而已，并不是必须。并不是出现这么个结果小女孩就要注定白白死去了。大家不要担心，这事不是那个意思。
4.最高人民法院会严肃处理。
5.社会影响力也是案件的重要因素。大家多多关注这个小姑娘。
6.法律还在进步，不管是哪个国家。
喷子曲解的意思：
罗老师洗白凶手……
……其实罗老师自己都知道现在给大家认真讲死缓，讲什么叫限制减刑势必会让一些一点点脑子不动的喷子借题发挥。但是他还是这么做了。这就是他作为教师作为司法人对于一个受害小姑娘的关心啊。
大家别误会罗老师的意思。"
457,死缓就死缓好了，我无法接受的是，为什么死缓还能10几20几年后出来，无期徒刑也是，明明都无期了，还能放出来。判死缓和无期的本身就是犯罪情节很严重的，不杀的话关监狱一辈子好了，隔离开也就不会危害到社会，几十年后再放出来算什么，如果有人被放出来的罪犯侵害了（现实里也不是没有），该这么说
458,"1998年12月24日，桂林中院以被告人王小龙犯奸淫幼女、故意杀人（未遂）罪，判处死刑，剥夺政治权利终身。

原审被告人王小龙不服，提出上诉。

1999年4月21日，广西高级人民法院改判认定被告人王小龙犯奸淫幼女罪，判处死刑，缓期二年执行，剥夺政治权利终身。

2001年11月2日，广西高级人民法院裁定减为无期徒刑，剥夺政治权利终身不变；

2004年6月8日，又经广西高院裁定减为有期徒刑二十年，剥夺政治权利改为十年。

2006年4月、2008年4月、2010年10月、2013年11月经桂林中院院裁定减刑四次，共获减刑五年十一个月。

2016年4月28日，桂林中院裁定减去刑期2年，刑期执行至2016年7月7日止。

原本一审判处死刑，结果实际服刑20年不到，现在已经出狱好几年了。

转自知乎网友试用期精神病人。我想知道这样的结果如何？这种重大刑事案件的人活着是我们社会的罪恶。有多少个这样的人还活着就是社会中所有的人就有多少罪孽。我们应该告诉所有人:是时候承担应当承担的社会责任感。或许你已经有了一个女儿，或者你将会有一个女儿，你是否能允许这样的事情发生！！！只有每个人承担起社会责任，社会更好。仰望星空的人们，后浪们，莫非都是吃的人血馒头！！！"
459,对于法院做出的决定进行辩论，争辩，讨论是存在必要性的，但是请不要一副“这难道不是受贿了？”“这种人不千刀万剐？你要是敢死缓我这辈子不接触法律”“法院也不是什么好东西”这种说话不过脑子完全是来泄愤的言论就免了吧，什么东西都按你说的来都是对的，都是“大家会认同的”，那你快去做法官吧。快去秉持你的正义吧。
460,有人说这视频弹幕戾气重，我觉得这不是戾气。这是对于这个案件的愤怒，义愤填膺热血冲头，怎么可能麻木地说大家不要太激动这种话呢？
461,最后划重点，最高人民法院会考虑社会影响，因此大家关注越多，认为应该死刑的群众越多（或者表达支持死刑的群体越多），更会宣判为死刑。我支持死刑
462,说实话，要这么恶劣的的人还能判死缓 不就等于告诉公众 杀一个人 需要多少多少钱吗？如果用钱财取得家属谅解 就可以判决死缓   不就是用金钱考验亲情嘛？何况还有那么多重男轻女 家庭贫困的人更经不起考验
463,真的恶心，这个畜生
464,虽然大家都提到，小女孩的父亲是见义勇为而死，但是，很遗憾，这一点对于法律判决没有任何帮助。
465,我一直以为死缓加限制减刑是真正意义上的死缓
466,看到二审改判的结果，我是气惨了，简直不能忍。终于罗翔老师出来说法了，看到了罗老师最后举例的最高法介入最后还是判死刑的例子，都快哭了。希望这个人渣也是死刑马上执行，还女孩一个公正！
467,"听小道消息说这个二审法官因为是支持废除死刑的，所以一向是有把死刑往死缓，死缓往无期这样轻判的倾向，不知道有没有证实的来源？
如果真是这样，那这就成了个人偏见影响法律公正性的问题了···"
468,"1.现实谅解不代表心里原谅，没必要指责家属
2.不是一定要死刑才能警示人，只要惩罚能够让公众觉得犯罪很不值得的下限就有意义了，如果情节恶劣才考虑在已经起到警示意义的情况下加重惩罚，人的生命到底是无价的还是廉价的其实是由人来定义的，如果轻易的判处死刑其实会造成所有人生命变得廉价。
3.建议各种动刑的人，如果是认真的，心理多多少少都有暴力倾向，说白了就是以折磨别人为乐，只不过用这是个坏人来当遮羞布罢了，和虐猫虐狗没有本质区别，甚至程度更严重。
4.作为公民可以表达自己的意见，但是也要认识到自己的想法是不可避免有局限性的，所以喷法院属实没有必要。"
469,一命偿一命，我真想亲手zai了他
470,每一次给强奸犯的缓刑，都是在挑战人类道德的底线！
471,这个案子性质如此恶劣，怎么能因为一个简简单单的自首情节就减轻呢，我觉得这以后会促成更多想利用自首逃避法律打击的行为发生！
472,"仅是听了罗翔老师讲了这些丧心病狂的恶劣案例，我的心中就涌上莫名恐惧，满满的负能量啊！
法律人天天研究这些负能量的东西，不会对自己精神状态造成影响吗？[灵魂出窍]"
473,那个肠子都断了的命太大了吧。
474,"杀人很可恶
杀一个十岁就自力更生卖百香果的女孩并且强奸更可恶
但杀一个父亲是英雄，因救人而死而去自力更生的小女孩，可恶的就不只是这个杀人犯了。
而是这个社会啊，我如果是百香果女孩的父亲，九泉之下有知的话真的死不瞑目。
为什么父亲因救人而死，女儿却因家里失去顶梁柱十岁就要去卖百香果最后被残忍杀死，谁能告诉我为什么？"
475,"弹幕里有这么一句：懂了，钱可以买命。
你真的有认真看之前的课么？
真就只学到了这个？
《片面与偏见》 为什么你只会认为杀人之后，给很多钱取得谅解是一种不当的法规呢？"
476,为什么中国没有废除死刑？就是因为“杀人偿命，欠债还钱”，这是中国民众最朴素的道德追求。如果法律连道德都不能维护，那它算什么法律呢？
477,这个百香果女孩是小学四年级学生 其父亲是火警却因见义勇为而死  百香果女孩是烈士之后  所以罪犯必须重罚
478,真的好多弹幕不带脑子，说什么这杀人都能谅解，这是什么家属，现实不是动漫，人被杀了谅解能从凶手那里拿赔偿钱，不然的话凶手死了啥也得不到，首先经济方面考虑，被害人家里绝对是需要钱才会同意的，不然要是身家哪怕就超过二十万能正常生活也绝对不会做这种要求的，其次还有是唯一孩子的可能，家长年老无力再生养一个孩子，不收赔偿老了没人养，还有家里有人有重大疾病、家里男孩要结婚没钱、凶手有关系可以联系一些社会黑道施压……等很多很多理由，不同的人有着不同的生活环境，这个世界很复杂，不要“再何不食肉糜”的上帝视角来看事了，这不是起点小说，不是你想咋样就咋样的[跪了]
479,"弹幕判官眼里：要么无罪,要么死刑"
480,一群非专业的还带有自己主观臆断的去评判一堆法律知识专业站在客观立场去分析案情的人。可真就人人大法官了呗。谁说二审就是最终审的，一出现个死缓就人人高潮。就嗯内幕了呗塞钱了呗法官都是hp了呗。就只想着biss就没想过为什么死缓?
481,我是盲生，我发现了华点:为什么一审一般比较严格，二审却经常减刑；因为一审到二审之间有足够长的一段时间，可以让罪犯和罪犯家属去运作，或者请更好的律师；我们这边就经常听说某某判了多少年，结果没一会就出来了
482,疑惑被害人取得家属谅解的小伙伴们，不是所有人认为无论多少钱都比不上一条人命的
483,相信最高法院吧，恶劣的话就算是自首也没必要从轻，个人认为之所以有自首这个制度是怕罪犯产生反正自己走投无路干脆大开杀戒的想法而诞生的（当然也不排除希望罪犯良心发现的想法），要是真搞什么也不讨论直接杀死全部罪犯的话，还要最高法院干嘛，直接培养个杀手集团好了。
484,在一个法律气息最浓厚的视频里，充斥着蔑视法律，无视法律，自以为是，肆意妄为的弹幕，很讽刺，这视频是普及知识的，不是让人宣发自己所谓的并且是过剩的“正义感”的地方[无语]孩子们，快点长大吧
485,法律为什么被称为法律，就是因为他的规则，因它而变，弹幕一有案件就死刑死刑死刑，那全世界早就一团糟了，一堆人不动脑子就说话[无语]
486,2018年10月，广西灵山10岁女童杨晓燕卖百香果回家途中被同村男子杨某强奸后死亡。近日，此案有了新进展，据红星新闻报道，二审法院广西壮族自治区高级人民法院撤销一审法院关于杨某犯强奸罪，判处死刑，剥夺政治权利终身的判决；改判杨某犯强奸罪，判处死刑，缓期两年执行，剥夺政治权利终身，并对杨某限制减刑。（摘自网络）
487,"我由衷的希望，这个死缓的罪犯最后会被执行死刑。出于义愤，我不可能没有私心，无法冷静的考虑法理和人性的权衡。
但是我们知道，这个穷凶极恶的混蛋，他怕死。
这样，他就会在那七百多天里惶惶不可终日，活在对死亡的恐惧和痛苦之中。
这也是我们，每一个作为有血有肉的人希望看到的。"
488,人渣必须死!!!！不死，大家请愿让他死！小丫头死前收到多残忍的对待，想想小丫头的遭遇，这种人必须死。
489,弹幕里都是小学生吗？说二审法官收钱。我知道它们做的事在道德上肯定是过不去的，但别忘了我们是法治国家，而不是用道德来治理国家的。
490,"不懂法律，林某是个累犯？那么改造是改着玩的？改出来继续犯罪请问改造有意义吗？
想想西方那群圣母作恶就觉得恶心。
建议学习韩国，给出狱罪犯戴上定位脚镣，胆敢靠近某些区域就报警。"
491,[小电视_嘟嘴]真是个丰富黑名单的好地方 [小电视_嘟嘴]骂罪犯 骂法官 都当你感情用事了  连地域黑都冒出来一堆  [小电视_嘟嘴]真是 一群 “正义”的人啊
492,本法学生跟罗老师观点一致，这个案件到最高法大概率会改判死刑立即执行。不懂那些人在杠什么，个案当中法官自由裁量权很大的，大家的争议点主要是道德层面。其实好多人说我们法学生冷漠，说我们看不起非法学的，事实上这些言论反而是非法学的发表的，我们并没有这种想法。就像是医生不会跟患者详细的讲病情，因为无法用三言两语描述给你并让你懂！法学也一样，我们的法律逻辑思维跟你们想的是不一样的，所以考虑事情略有不同，但不能认为我们没有人性。
493,"果然事情不发生在自己身上就出现一堆理性大师[抠鼻]觉得别人对不公正的事发问号是小学生，那您又是啥？法学专家？没有正义感谁关注这
事，就您最理性？最懂法？发问号的真就不懂了？"
494,"我们站在看客的角度，当然觉得这个罪犯必须死，而且死有余辜，但那只是我们的角度，我们是什么角度，是局外人，说句不好听的话，就是在这里看个热闹，说句该死，然后继续过自己日子的人，那当事人呢？如果嫌疑人积极赔偿的话，被害人的家属可以获得赔偿，以后的日子可以不那么苦，固然失去了孩子是极大的痛苦，是莫大的悲伤，但是日子还是要往下过的啊。况且罗老师的视频说了分为一般情况和特殊情况，大家还是要相信法律的，相信法律能给所有人一个交代。
去世的人已经长眠，生人还有余生，希望一些人不要再说一些打着正义的名号实则在道德绑架的言论了。家属心中难道不比你愤慨难过吗？可他们又能怎样呢？非要闹个两败俱伤才好吗？
现代法律之所以为法律，就是因为他摆脱了一时头脑发热的处决，而是更理性更冷静的审批这个案件。专业的事交给专业的人来做，不要再指手画脚了。"
495,如果你听过向老师的课，你就知道法院都是独立的，没有相互领导关系。对某一案件有不一样的看法很正常，好在最高院能介入。其实罗老师讲了好几个例子，从取得谅解 自首 改判，最后全部都是死刑……说明这些因素只能在性质不恶劣的情况下起作用。还有弹幕能不能先分清刑法…
496,很多弹幕和评论简直让我感觉这些人还活在封建社会，随口而出就是要恢复一些残酷的肉刑，看来我国的法治教育还任重道远啊[无语]
497,希望狱友给点力？把希望寄托在同样罪大恶极的人身上不是懦弱和小人得势的表现吗？你难道知道自己加油的人不是qianjian犯、sharen犯？对法律有点信心吧
498,我感觉弹幕里真的好些人没看过或者根本没好好看罗老师前面那期，刑法的严格解释，希望那些人好好去看看罗老师之前的视频，唉。
499,关于取得谅解的例子，有些观众可能不能理解，但是在有些地方，有些人心里，人命真的是可以用钱衡量的。有的人可能一辈子也赚不到赔偿的数额。[无语]
500,死刑已经执行了
501,"姐妹们去看这个up主@乌云秽土 帮一下她！已经被压热度了，很多评论转发被删，点进去看看她的视频吧,帮帮她！"
502,这种罪犯最好就是死刑，立即执行，活着也是祸害，还浪费粮食
503,"2020年12月28日，广西壮族自治区高级人民法院对最高人民法院指令再审的原审被告人杨光毅强奸案进行公开宣判：撤销原二审判决，改判杨光毅死刑，剥夺政治权利终身，并依法报请最高人民法院核准。
2021年2月2日，遵照最高人民法院下达的执行死刑命令，钦州市中级人民法院对“百香果女孩被害案”凶手杨光毅执行死刑。"
504,判处了死刑
505,肠子被扯断那里听得我肚子疼，那女孩得多疼啊，一辈子的阴影，以后的人生都会被改变
506,有一位受害人的家长说过:我想到杀害我儿子的凶手还在牢里好好的活着，我就心如刀割
507,BV1Tt4y1B775
508,我不是学法律的，但个人以为的是法律是维护公共秩序和道德良俗的底线，而不应该是天花板！
509,内心要有多强大才能忍这些死变态，全都给老子死
510,真的，我觉得国家现在的法律已经很努力地在完善了，我依然决定相信法律和正义
511,死刑了
512,大快人心，终于死刑了那个畜生，可惜了啊才10岁女孩子啊[捂脸]
513,老师！判死刑了！即使他人的死亡身为同类也许不该高兴，但是…
514,死刑
515,死刑是对犯罪最大的威慑。废死派可以查一下成分
516,改成死刑了！！！
517,现在是死刑了 兄弟们！！
518,死刑了，正道的光
519,死刑了，大快人心[点赞]
520,@罗老师，今天翻案了。
521,不明白为什么总有人会觉得自己有资格去替受害者原谅施暴者
522,求大家关注一下新东方教室奸杀案[保佑][保佑]，现在还没有着落！[保佑][保佑]https://b23.tv/dUDcx5
523,2分06秒的那个红色弹幕说什么别说短，自己去想想去蹲个17年监狱会咋样，我不知道他是怎么想的，但我感觉他是在跟罪犯共情，恶劣犯罪的罪犯为什么不想想自己遵纪守法不也是会有美好的生活嘛，既然犯罪了你就得承担必要的后果，就算是关到死也是咎由自取。
524,"https://zm.sm-tc.cn/?src=l4uLj4zF0NCdnpaUmtGMkJiQitGckJLQic7Gz8nNzsvOz9GXi5I%3D&uid=ad90aaa8420485d73752688139008066&hid=8f625acedf825d2ab2997aed100c60e4&pos=12&cid=9&time=1607926307297&from=click&restype=1&pagetype=0200000000000400&bu=web&query=%E7%99%BE%E9%A6%99%E6%9E%9C%E5%A5%B3%E5%AD%A9&mode=&v=1&province=%E6%B9%96%E5%8D%97%E7%9C%81&city=%E9%95%BF%E6%B2%99%E5%B8%82&uc_param_str=dnntnwvepffrgibijbprsvdsdichei
希望大家顶我上去，太恶心了，还能蹭这热度[辣眼睛][辣眼睛]"
525,在死刑面前谁都害怕，自首就是悔改？更多的只是对死亡的恐惧
526,我个人觉得自首也应该分情况，有作案之后立马后悔立马去自首的，早做完之后自己想了一段儿时间（如一天两天，三天，一个月，三个月）不同的时间应该有不同的考量。来进行自首的分别。还有是自己来自首，还是被他人劝说来自首的。这都应该纳入考虑的范围。
527,作为一个广西人，我都为广西高院感到丢人
528,逛逛评论区，又可以清几个理中客入黑名单[热词系列_可以]
529,可能很多人都忘了，罗老师曾经说过，一次不公正的审判是污染水流，可一次不公正的司法是污染水源。
530,很多人再讲理性，若果这事是你遇到了，你还有理性？那可真是心理素质很好啊！
531,怎么说呢，如果死的是家里的顶梁柱之类的，家庭生活被完全破坏了，现在被告人给很多很多赔偿金，但前提要求是说谅解，绝大多数人还是会选择钱的。我知道会有人只为了给犯人惩罚，但是大多数人还是会为了生活选择谅解。不用说法律怎么怎么样，因为如果不设置这个，以后犯罪的人不考虑家人为了给他保命要付出的代价，下手可能会更残忍，且犯人只是付出一条命，被害人家属还要承担生活的压力和心理压力，更不好过。而且也不用说家属什么的，毕竟你不是人家，不知道没有这笔钱人家要活成什么样子
532,罗翔老师，广大B站朋友，在评论区里有一个ⅠD为:棱子猫宫君 的朋友，她提到了在自己身上发生的一件不幸的事，我不了解其真实性，但如果是真那么不幸，希望B站的朋友可以帮她顶一下，盖个楼，让罗翔老师和更多朋友去了解和帮助她，[大哭][大哭][大哭]
533,艹，本来还想说因为自首，可以起到一定的正面作用，所以判死缓能理解，结果越想越气，10岁啊，才10岁啊，怎么能下得去手的？虽然说法大于情，但如果这不判死刑，是不是之后有的人就可以用自首来逃避自己犯下的恶了呢？这种人进了监狱也得被其他人按在地上往死里打
534,"该说是因为有这种死缓
让罪犯有主动自首的可能好呢，
还是说让这些人渣不用担心会死而敢于犯罪ψ(｀∇´)ψ"
535,大家关弹幕保智，另，玩梗请适度，严肃话题下还是别瞎说了[tv_冷漠][tv_冷漠]
536,自首不应当成为某些人的免死金牌，
537,"还是那句话只要没判处立即死刑那么久有可能活下来，但是死去的被害者永远也回不来了，不是说法律有一报还一报的特性吗？
杀人（这里专门指坏人杀好人）偿命这不是因果论吗？如果是坏人犯罪就不应该姑息，只要是坏人杀人了就应该血债血偿。
因为坏人是会危害社会安定，改的掉当然没事，但是改不掉那么会继续造成更严重的社会后果，你让那些死去的良民如何投胎【doge】
故此，我认为坏人杀人就应该死刑（宁‘错’杀不放过，一切都是为了维护社会的安定）[生气]"
538,学法可以，不要仗着学法藐视人性，更别失去人性[微笑]
539,有必要留这种人活口？无期岂不是浪费资源浪费国家资源？
540,现在犯罪嫌疑人都变聪明了，知道怎么躲过被判死刑，都去自首，那死的人有多冤。
541,对罪犯网开一面，受害人谁给机会
542,所以二审是减刑阶梯？[微笑]
543,建议实际调查一下死缓后改判无期和死刑的比例，个人感觉死缓就是个噱头，应该废除，不要让罪犯有投机的机会。
544,结合鲍的案件和百香果女孩儿的案件我得出了一个结论，我可以去杀了鲍然后自首[无语]加上我未成年，呵呵，后果应该不大。
545,不明白，真的不明白，这世界上为什么会有那么多的渣子呢。。。那个女孩才十岁，多懂事的一个孩子啊，为什么就遇到这种事呢，苍天不开眼啊！！[大哭][大哭]
546,目前国情普通人不适合做好人，民风一直越走越歪。
547,伤害人的始终有机会去改正，被伤害的就是过了就过了。那伤害人的人给过被害者机会吗？气不顺
548,"罗老师举的例子该怎么判决还不够明确吗，有些人还用自己所谓""专业知识""替犯人洗是真没想到。"
549,烈士之子.被人强奸抢劫.被判了死缓.这可真是哔了狗了[笑][笑][笑]
550,评论区里一些情绪激动的都可以理解，毕竟对于这样的人渣大家都很愤怒，但是说恢复古代酷刑的人建议泼瓢水冷静冷静吧
551,说真的自首减刑是为了让更多人犯人自首，但是大多数犯人也不是真心悔改而且为了钻法律空子才自首。这样初衷就变了啊
552,弹幕很多人说凌迟什么的 我知道你们很恨犯罪人 但罗老师也说过 法律并不只是为了制裁罪恶而产生的 更重要的是为了限制司法机关权力  如果和古代那样 皇帝一声令下 犯人就会被酷刑处死 但司法权力得不到限制 就会出现岳飞那样的大冤案[呆]
553,不想说什么了，因为按照我普通人质朴的道德观念：极其恶劣，杀人偿命。
554,我觉得，现在的死缓也太宽容了，合着本来可以枪毙的罪，当个乖宝宝两年就能活了？我建议，死缓只有那种认真惭悔表现优异的才能减为无期，其他的时间一到继续执行死刑。死缓减为无期的应该从50年开始判，最少服刑35年
555,我终于知道有些动漫和小说为啥会出来了，比如死亡笔记，那种高于法律的制裁，有一说一看着是真的爽，不过只要有这种东西的存在肯定又会出现更多不合法的事情，滥杀，仇杀[笑哭][笑哭][笑哭]
556,罗老师讲的很好，但是弹暮带节奏太严重了，很多人都是跟风刷。没看懂的建议关掉弹幕反复观看两三遍(注意关掉弹幕，关掉弹幕，关掉弹幕)
557,单就百香果女孩这个案件，还是希望能够判处死刑，一是情节恶劣，二是社会影响，这个案子现在被大家关注，如果因为有自首就减刑的话，是不是别的罪犯也会效仿呢？会不会给大众一种犯罪没有成本的感觉呢？所谓刑法，主要目的不就是惩戒么？惩罚做错事的人，同时警告震慑潜在罪犯，如果量刑不高，又如何能达到这个目的呢？
558,这个案子不死刑？那个同类型的案子，罗老师是白讲了吧？这种百香果案子为什么罗老师不敢直接说看法，是因为最高院已经在审了，罗老师怎么可能直接说出来。但是，结合罗老师讲的四种可以判处死刑缓期执行以及限制减刑的条件，再结合最后一个类似的例子，不难推出，百香果案例的施暴者应该判处死刑。至于那些所谓的理性看客，看完了视频了吗？罗老师最后一句话是，法律效果和社会效果的统一，那些理性的看客，真的明白什么是社会效果吗？社会舆论对司法裁判的公正有监督作用。讨论百香果案情，不要脱离这个案子，行吗？这些理性看客，还是仔细看看罗老师的视频吧？一知半解就在这装了？
559,"看了某些评论真的好气，凭什么支持死刑就要被扣上一个不理智的帽子？大可不必，那些说死缓的不见得多理智，如果死刑不合法律为什么一审要判他死刑？罗老师在视频里也说过自首可以但不是必须要减轻处罚。，如果性质恶劣自首也没用，至少刺瞎双眼＋割喉＋强奸这些我觉得算性质十分恶劣了
最后支持一审，希望最高法院可以判他死刑。"
560,"我翻开评论一看，这评论不分等级，歪歪斜斜的每一条都写着""合理讨论""四个字。我横竖睡不着，仔细看了半夜，才从字缝里看出字来，全部都写着一行字""没人比我更懂法律"""
561,"非专业，发表一些自己的看法。
首先是我国的法律有不完善的地方，有些案件的判罚可能也不符合法理人情。但是法律制定和演变其中的专业性不是大家一个问号就可以否定的，那是千千万万专业人士甚至是受害人共同的结果
其次是法律不是个人或者某一部分人的法律，法律要站在法理的高度上来平衡，法官也要以理性为主导去判罚。试想一下如果不管怎么样都是死刑的话，那么犯罪行为一旦开始就不会停止，不会自首，甚至犯罪行为会更加恶劣。这样能保护到潜在的被害人吗？能给一不小心走入歧途但还可挽回的人机会吗？
最后是大家有什么不满，可以说出自己的看法。这种严肃的命题下不适合发问号来表示反对。这个问号就好像你是一个专业厨师，食材不够，辛辛苦苦拿土豆做了一道很上档次的菜。有无知的顾客嗤之以鼻，说就这？山药蛋子？
为了个人的生命安全，加上狗头[doge]
欢迎讨论，对线勿扰"
562,即使法治不健全的社会 这种罪犯的下场也只能是死的更惨  有的人就是缺乏共情心理  如果受害者是他的妹妹或者女儿  那怕是证据不足也要先想着怎么弄死罪犯  还能理性的探讨减刑情节？ 我不知道这种证据确凿的案子除了立即死刑还能有什么其他结果 自首缓刑两年我是不是犯个两年有期徒刑的罪 自首免罪？
563,评论区那么多“理中客”的发言真的震惊我了，作为人，固然需要保存理性，但是也得保持人性。你可以不认同因此愤怒，希望犯罪者被执行死刑的人，但也别高高在上把别人视为法盲，阴阳怪气嘲讽别人。
564,很多人估计都没看完，罗老师最后那句话意思还不明显吗。。这种性质过于恶劣的重大事件一般都会考虑社会影响的。我押最后是死刑立即执行
565,b站近来一个坏风气就是打问号
566,"[思考]法制就是奸杀儿童，剜目割喉，溺亡抛尸。自首可以不用死？22年后又是一条好汉！？
[大哭]法制真好！"
567,翻了下，广西那边倒是蛮多判得很诡异的案子
568,我也不知道那些刷死刑的在干什么，他情节恶劣是没错，但是你判他死刑有个什么用？被害人还不是死？家属还不是一样的受到伤害？本身家属经济环境就不好，少了一个女孩子帮忙打工，经济肯定会有缺口，家属自己也同意了呀。有些人在那说被害者同不同意？永远是活的人最重要，当然，死人也不能随意践踏。但是你要说她的意愿就离谱了，法律是很严谨的，不是儿戏。况且现在不判死刑，社会也已经给他判了死刑了，你想想这样的人放到社会上，谁会给他工作？他的亲属也不会帮他了，相当于判了死刑。从神学来讲，你判一个死刑，还会让那女孩走在黄泉路上多一个强奸犯。不怕死心，也许这个社会上就又多了一个人才。虽说几率小，但还是有可能的。并且有了案底之后也很难犯罪了，别人都会有防备心。
569,我是法盲，请问学法律的人去学法律都是为了在这种案子上嘲讽我们这种法盲吗？学法律不是为了保护像这个小女孩一样的人吗？
570,其实在谨慎死刑和自首减刑的考量背后，如果当时社会上是自首不减刑，而且几乎每一个人命案的犯人都被立即执行的话。会有一些犯人坚决不自首，变成亡命徒继续杀人，因为知道自己必死无疑。在之前的严打期间，几乎每一个命案的犯人都被立即执行，这也是造成了，呃，当时出现了很多犯人在犯过一次普通命案之后，转而继续杀人。
571,你们知道我今天在这举报了多少弹幕吗？[笑]
572,我记得郭德纲说过：千万要远离劝别人大度的人，因为雷劈他的时候会连累到你。
573,"人均死刑还有人在这嘲讽？
这忒么不该人均死刑？"
574,这个男的实施强奸的时候用刀割了小女孩的喉咙，然后又把她装在袋子里弃尸，并抢走了孩子卖百香果挣得的32元……
575,在学法之前，我首先是一个“人”
576,这个最让我不能接受的是，女孩父亲因为见义勇为去世，结果女孩被杀害，那个父亲在天之灵该有多伤心？凭什么啊？！凭什么啊？！
577,评论看下来... 其实一共分为四派：1戾气较大的喷子派，2义愤填膺的正义派，3综合考虑的思考派，以及4自以为是的理中客... 很多人指着1骂2，指着4骂3... 然后吵得不可开交... 顺便一提我是2，我觉得这种案子让人愤怒是很正常的，案子本身的意义已经超过了它的普法意义[doge]
578,"看完罗老师的视频，首先我赞成一审法院的判决，二审法院对于自首情节的处理有些不当，对于民众朴素的道德情感没有多加考虑。因为法律要尊重民众朴素的道德情感，但是法律必须要超越民众的偏见。这里的偏见不是指民众的说法不对，而是民众对于事件的看法可能不够全面，对有些问题欠缺考虑，同时民众的呼声有可能极为的情绪化有可能存在偏激成分。要注意，这里也不是说法律人要作为理性人，也不是说法律人丧失人性，而是法律人需要寻求法律处理的平衡，和罗老师说的一样,法律是平衡的艺术，如果舆论能够左右法院的审判那无疑是可怕的，比如曾经古希腊的陶片放逐制。同时许多人对于谅解这个问题有着许多质疑甚至恶语相向,我个人认为逝者已逝，活着的人还需要继续生活下去，如果你是案中的亲属，你失去了孩子，对于你接下来的生活你又该如何过,我觉得谅解这件事其实是家属对于生活的一种妥协，而不是情感上真正谅解了犯罪者，请各位认真思考，而不是情绪化发言。希望各位耐心等待高院的判决，相信高院会进行适当处理。"
579,建议别再b站讨论这些，小孩子太多，你跟他们说不清楚，他们只会无脑喷以及“？？？？？？”
580,之前看到新华社一个视频，两个小孩马路上来回穿梭着玩，看见车子来了就冲过去，十多次后被车撞翻。请问这个责任怎么算？
581,法律这么做是为了让已经犯罪的人可以自首，否则知道自己必死，谁还会自首，那些杀人者就会更加穷凶极恶的干坏事。这是为了社会的相对稳定吧。
582,取得被害人家属原谅，就是拿钱买命，如果是被害人家庭困难，急需资金主动妥协还好，要是被害人家属是被位高权重的罪犯家威胁怎么办？法律不能让这种有权有势的人渣成为漏网之鱼
583,我同学的父亲当过行刑的士兵，我问过叔叔枪毙人会有罪恶感吗，叔叔说【这种人渣不算人】
584,沃德马吓死我了还以为是龟[笑哭]
585,这人不死刑的话，药家鑫是真的冤。
586,学法的人心理素质都真的高，一遍要保持理性维持法律，一边还要压制自己的心中的愤怒
587,虽然我很喜欢b站但不得不说有时候弹幕多多少少沾点，希望弹幕扣问号的去当各地法院审判长看看你能判成什么样
588,"相互指责x
合理讨论√
大家戾气不要这么重，相互学习就好"
589,"当你批评某个热点案件的当事人时，除了加入集体情绪的狂欢以外，你还做了什么？你敢不敢付出代价走出书斋，去帮助弱者，去对抗不公，去匡扶正义，与悲伤的人一路同行？
我希望这种人们本能的愤怒不是流于浅表的谩骂，而是可以升华成一种更加积极的力量，既可以真正的帮助被害人的母亲，也可以促使自己进行反思。真正的德行并不需要语言上的高言大义，而是要有付出代价的行动来爱人爱己。"
590,评论里说为了钱被生活压迫的这不就等于你把你女儿卖了然后让人奸杀了吗？？？？？你tm三观有问题
591,众所周知世界上只有死刑和无罪
592,没有人能改变什么，那为什么不去关注这件事，对家属保有同情，在弹幕里刷死刑的人未必是傻子，而鄙视他们的人，确实行尸走肉。换位思考，假如你是死者家属呢？旁观者眼中的理性，是对家属的二次施暴。
593,感觉这种案子减刑还是要慎重点 像老师说的可能会变成一条“指导”
594,其实我觉得这个取得被害人家属谅解，别人我不知道也不评价，光说我自己，我的孩子被这样迫害，我是无论如何不原谅他，他与其来求我到不如想想他行凶的时候是怎么下得去手的
595,我觉得该死，但该不该死由法律决定
596,我说一下我的看法，自首减刑是为了让那些已经犯了罪的人不至于犯更大的罪。可是本案犯人已经是缪没人性的做恶了……不死刑的社会危害性大于死刑的社会危害性，所以他必须死
597,10岁的未成年女童，这情形恶劣的没话说啊，希望最高人民法院判他死刑
598,"讲个笑话：
为什么我们要学会独立思考？
“罗翔老师说的”"
599,请问罗老师为什么邻里纠纷会成为一种特殊的法律情况进行单独强调，这其中有什么历史背景或是别国案例吗？十分希望罗老师解答（一个希望报考法律系的高二学生）
600,不是，我不明白。为什么又上升到国家本身高度了，开始有人说死刑是摆设。讲实话，理性的人没有说不希望死刑，所以有些人没必要给别人扣个冷漠帽子。理性思考，理性看待，说句心里话是希望死刑也很愤怒能凌迟最好，但是判决结果理性看待不好吗？骂法院骂律师骂法律，不死刑就是法律黑暗了，人性黑暗了，世界黑暗了，这样感性不太好。
601,"主要是他那个自首。女孩被抛尸，当地监控都不知道有没有。要是他不自首，案件可能会很多年甚至由于一段时间后证据都没了而没办法破案。所以二审考虑到了一个才判了个死缓，限制减刑。即使是罪大恶极的罪犯也会有辩护律师替他讲话，知道么。
当然相信最高人民法院。"
602,"看完视频:[疑惑]
后来仔细想想:[难过]
看完个别评论:[思考]
重看一遍视频:[OK]
亲试有效"
603,理性和情感并不冲突，带着觉得这个杀人犯明明该死但法却不判死的冲动，去了解法，倾听每一个个人的声音，理解社会如何在博弈中发展，这就是理性。在一些情况下选择展现看起来不理性的态度立场背后同样可以是冷静的权衡。理性不理性，有没有道德，努力不努力，，，都很容易被拿来区分人，当人意识到这种区分的权力后更愿意让自己碾压他人。我觉得如果不喜欢网上的不理性，可以从打破鄙视链做起。
604,罗老师讲过，刑法是把双刃剑。希望弹幕法官们铭记。[拥抱]
605,"但凡是个一般人看到这样的案件都会认为得判死刑，这其实挺正常的
但是在积极赔偿得到谅解那边为什么就要满屏幕问号?
希望大家能够在看待这类问题的时候考虑全面一些，而不是开始臆想社会有多么的黑暗
白色的墙壁上有几个污点，但你不能只盯着这些污点，别忘了它的背景是一面白墙，想要擦干净污点的心态也是好的，可别擦多了就认为这面墙壁满是污渍，相反，它是在我们的注视之下慢慢洁净的啊"
606,"她才十岁 ,我十二岁前的是我人生最美好的时候,初升的太阳,还没飞起便已陨落,我希望大家客观的看待事情,但是不要太过理性(冷库,人终归不是机器)"
607,尊重最高法的裁决
608,别说了，刑法算什么？真要判刑还得用键盘
609,也就是说一审和二审所要考察的内容是不一样的吧？最后的结果还得看终审是怎么判的，等着看吧
610,"这次罗老师的视频意思很简单，就是那个人在刑法上该有的惩罚绝对不会少，不该有的也一定没有，大家要相信法律。法律是绝对公平的。
很多评论真的是看得我不知道该怎么去说了，真的就没有多少理智的人吗，开口闭口就死刑，我记得死刑是最严重的处罚吧，真的是可以随便提的？还是那句话，法律是必须保证绝对公平公正的。"
611,我提出一个猜想:张三家境贫寒，又不想努力工作赚钱，他说服妻子，生出一个女儿，在女儿10岁以后，让其穿着成熟，深夜站在街头引人强奸，以此获得大量钱财......犯罪人在不想被枪毙的情况下，主动投案自首，并给与家属大量赔偿。 (就这么一个“双赢”的局面，谁考虑过孩子吗？ 现行法律保护了犯罪人，但是对于受害者极其家属完全是二次伤害，我作出的猜想甚至完全可以实行，恐怕现实里确实有人在做)
612,罗老师讲的李某和林某的案件里家人还能谅解？这得多大心啊？是我我不能谅解，就算他死刑我也不能[阴险]
613,那个杨某真的衣冠禽兽！！！！[无语][无语][无语][无语]
614,被害人家属的谅解到底是怎么判定的？会不会有灰色地带？
615,为什么看到弹幕后，我想到的是学校里一帮上课不好好听，在下面聊天开小差的人。就这种水平还不好好听讲，偏要乱发言[捂脸][捂脸][捂脸]
616,我国是依法治国，而不是依你治国
617,这种人渣拿加特林枪毙5分钟都不冤
618,笑看网友云判刑[吃瓜]
619,兄弟们，法治不是怎么让你爽就怎么判的。
620,这恶劣情节明明可以判死刑的，为什么所谓“理中客”还喜欢故意去攻击其他观点的人？ 身为自认为是理中客的一员的我是支持死刑的。有很多人就喜欢装“理中客”，可是他们屁股上的优越感的尾巴总会暴露在群众面前。
621,可恶吗？可恶！罪大恶极的人自首也不可以减刑吗？那杀了人的人只有两条路，死或跑。接受的人自能接受，接受不了的人我也不能说什么。法律就是要保证大多数人的利益，严刑峻法不是一切问题的解决之道，秦朝法律严，偷东西可以剁手，还有削鼻子剔髌骨，解气啊，真TM解气。结果呢，陈胜吴广但凡有条活路也不敢喊“但死，死国可乎”，一帮子人连铁家伙都没几件，拿着木棍造反了，左右都是个死，那肯定破罐子破摔，自己把头伸刀底下估计一般人都觉着亏吧。我以前也不理解为什么有的人犯了罪，最后律师能想办法给他减刑甚至无罪。都知道这个人黑社会大佬，为什么警察没证据就是不能抓。关于法制精神我不是学这个的我就不说了，多看看罗老师的视频，在看张三的同时想一想那些法律条文背后遵循的法制精神，看懂了，这一切就说得通了（我以前也像弹幕里的一些人一样，觉得愤怒，觉得为啥只保留了枪毙，还弄了个更温柔的注射死刑，凌迟简直是中国优秀传统文化[doge]，但真的，自从从罗翔老师那里了解了一些法律知识，很多以前想不明白的都明白了）
622,弹幕一群喊打喊杀，不是，你们点进罗老师的视频是来干什么的？指望罗老师跟你一样口吐芬芳？？？有情绪确实正常，但是罗老师向来以普法为主，麻烦冷静点学学知识啦，乌鸡鲅鱼[呆]
623,相信最高人民法院，还指望网络法官主持正义？[吃瓜]
624,"自首这个事挺麻烦的
试想一下，如果死刑犯自首了也是死，那么就没有人会自首了。这些犯人只会更加负隅顽抗。在面对抓捕时更加疯狂，造成更大的危害"
625,极其恶劣！请务必凌迟！别让他死的太容易！[生气]我们不能做到感同身受，但是那个女孩当时有多绝望，我们也尽量让这个渣子尝受到！[生气]
626,说个真实事件，我朋友家以前开煤矿得，发生矿难死人了，家属索要赔偿，我朋友家加倍赔偿死者家属，当时我朋友跟我说那些家属哭着去领钱，在数钱的时候数着数着就笑了
627,我想说，弹幕中的很多人，如果你是学法的，建议你转专业，如果还没有上大学，不要学法，对你对大家都好
628,建议关闭弹幕，微博治国，现在b站也开始治国了？国家的法律肯定是有自己的道理的，不要以自己的判断来义愤填膺说判啥刑
629,有些评论很搞笑，人间很疾苦 所以可以卖孩子的尊严和命 让生活过得轻松点？还8k多赞？牛逼？
630,法律是专业的东西，我们不应该用道德和个人看法绑架法律
631,"法律一定要超越民众的偏见，不然法制就会成为民粹。
国家一定会公平公正审理的，大家就放一百个心吧。保守地表达自己的愤怒就够了，用不着去人身攻击他人，恶意揣测他人，真没必要。
有些弹幕真的辣眼睛……唉"
632,不建议死刑的你是想他刑满释放以后搬到你家隔壁吗？
633,我是来看罗老师讲课的，但弹幕里很多人是来教罗老师学刑法的 [无语]
634,总有人无法理解“谅解”的存在，因为你们只想看着坏人在自己的眼下被制裁，偿命；而不会去看看这个家庭要怎么继续支撑下去。
635,有人能给我解释一下，邻里纠纷为什么要减轻吗？[tv_疑问]
636,希望弹幕能够理智一些，这样的人确实该死，但请不要根据仅仅个人判断就对国家法律质疑。[抱拳][抱拳]
637,老师老师，能讲一下锦旗谅解不判刑的强奸案吗？或者宝马车追尾案后面怎么判了，因为看见一些新闻说家属不谅解，还有哪里能看到一些刑罚新闻的结果，百度搜不到，只能看开头看不了结尾
638,正义之士真的能装，谁都知道这是“谅解”，人死不能复生，拿钱很正常，拿钱签谅解书，其他交给法院
639,死了便宜他了
640,看了三遍视频被弹幕气死[笑哭]，什么人渣就要死刑，什么为什么要死缓，，，真的越看越气，在带节奏吗[捂脸]没专业水平就不要发啊…（法院这么弄一定是考虑到多方面的啊，不要只看一面…）[无语]
641,"借楼，抱歉！希望大家可以去看看这个up主@乌云秽土 帮一下她！已经被压热度了，很多评论转发被删，点进去看看她的视频吧，很抱歉在不相关的地方发这条消息，但是她需要帮助[保佑]
 转发到这里真的很抱歉，但是希望大家能点进这个up的主页看一看她的故事，我也只能尽点微薄之力，以这种方式帮助她。拜托了！如果我被封号了，那也无所谓了。"
642,杀人偿命！！血债血偿！！！
643,处决了，大快人心
644,说要理性的，希望这种情况发生在你家人身上时你也能坚定说出这句话
645,有时候愤怒体现了我们仍有正义感和怜悯心
646,小女孩的爸爸为了救人不幸去世了，小女孩很懂事帮家里卖百香果，结果被这个人渣给残忍杀害，这个人不死真是天理难容！！！
647,杀了人自首就不用死了这也太扯淡了
648,大快人心
649,老师厉害👍果然判死刑立即执行了
650,蒙冤五月雪，天理欲何在？昭雪会有日，暖阳摧坚冰。
651,判死刑了！！！！！
652,昨天！新的判决！死刑！
653,罗老师NB！
654,死刑！正道的光！[OK]
655,死刑了
656,再审改判死刑了，同志们
657,"喜报
死刑"
658,好像改判了 死刑 今天给我推送了
659,百香果女孩事件，首先罪犯在警察审问中就撒谎了，明显是知道瞒不住了，才自首求轻判了，并没有多少悔意。另外，这个罪犯还曾企图强奸同村其他女孩，未遂而已！而且他还承认曾经强奸过另一个女孩，只是目前有些难以核实。这样的人22年后还能放出来，简直是对死者的侮辱和对生者的威胁。
660,12月15日准备再审了
661,其实我觉得这个案件的问题点在于，是执行死缓对社会的危害大，还是不考虑自首情节而直接立即执行死刑，会对社会造成的危害大。如果选择第二种，其他犯罪嫌疑人引以为戒，就绝不会选择自首，仍然会在逃，这样会加重社会的负担。但如果选择第一种，舆论的关注，社会对此事件会不满，也会人人自危。。。。。。。
662,这家伙必死无疑，10岁啊才，不死还有法律吗，还有王法吗
663,治乱世用重典，我国保留死刑，依然有罪大恶极的人，如果死刑威慑不存在，还有什么能限制那些禽兽不如的东西呢？
664,我没有想到这世上对懂事的人如此残酷，我实在无法想象那女孩所受的磨难，那恶魔着实不可以放过。凭什么那女孩连市面繁华都没见过，就被你结束了她本可以好好的一生……凭什么……我不服
665,恶不恶劣还是法官自己的感受，用手扯断肠子他们脑补画面他们觉得恶劣，难道刺瞎双眼，把人装袋子里浸到水里，难道不比手扯肠子恐怖？
666,作为一个朴素的不太深入懂刑法的人，我的理性和价值观觉的这个畜牲该死，但是我很不明白，为什么评论区还能吵起来，你们真的是怀着一颗愤恨的来的吗？
667,突然觉得每个能平安长大和走完一身的人也是很不容易呀，不安全因素可真多，话说犯罪者用什么样手段对待受害者，判决可以用相同手段对处理它吗？
668,其实我一直觉得古时候的琼面还是很好用的，想想看出狱之后一直被人指指点点
669,家属根本没谅解 媒体大肆宣传谅解 [吐]
670,你们敢信我舍友在我旁边看完说反正人都被杀了赔点钱她妈为啥不原谅凶手?这是人说的话?
671,我终于看到超过千万的up主，不是娱乐区的，而是非娱乐区的了。大幸呀
672,奸杀 虐杀 残忍虐待 应该整个放弃做人的法律出来，他亲自放弃了做人的权利，人权不能属于他们，这是比故意杀人恶劣百倍的行为，我就不明白了21世纪会有这种案件。同情犯罪者那谁同情被害者家属呢？小女孩死的很人道是不是？这种性质恶劣的案件杀不杀不是取决于被害者家属吗？不过看了罗老师的视频疑问消除了，会还家属一个公道的。
673,"一审几乎按照正常流程来走的罪重足以死刑就会判
二审重点是 慎杀或者不杀 对死刑的要求极其严格能不杀就不杀很多案列一审判死刑的人上诉后在二审的结果都是无期 死缓
最终结果以最高法院为准"
674,我觉得家人并不能代表死者，并没有权利替死者谅解对方。
675,"手段这么残忍，这凶手自首的初衷只是想减刑，不可能是悔过之类的，这样的自首还是自首吗？还有就是有些累犯接二连三的放出来又伤害了其他人的，这责任谁担呢，
希望这个凶手早点死掉，下地狱吧[气愤]"
676,罗老师生气了  只是不好表现出来
677,虐杀女童怎么说都是死刑了吧，这怎么就有自首情节了。社会恐慌和危害这么严重，还记得南京那个案子吗？判错了话会让法律威严性慢慢减小的
678,说一个观点，如果被害人是家里收入主要劳动力，凶手家人如果考虑到无论如何都不会改判轻判后，大概率会选着消极赔偿，比如只支付凶手名下少部分财产，并不会有效帮助被害人家庭摆脱失去主要收入来源以后的困境。追求杀人偿命的快感是人的普遍正义感，但还是应该为被害人家属提供一个拿到更高赔偿的可能。
679,都这样了还不死刑立即执行么？？？？？？？？？
680,所以现在结果出来了没，我没搜到结果
681,评论里还有大量给罪犯洗的 震惊三观[抠鼻]
682,死刑变死缓，死缓变无期，无期变有期，有期变保外就医
683,反正我不服，杀人我可以理解，有时候被逼急了，我也想过灭了某些人，但是10岁孩子，她怎么了？这情节不是一般的恶劣啊，那种吵架，打架，气疯了杀人的，或者一刀捅死的，你死缓无所谓，那么小的孩子，虐杀致死，说什么怕反正要死就不要命的，搞错没有，这种人需要逼急？他莫名其妙就能杀小女孩，他杀人需要逼，这种人，就是一般的杀人犯听了也气得慌吧
684,气死了气死了气死了气死了气死了气死了气死了气死了气死了气死了气死了气死了气死了气死了气死了气死了气死了气死了气死了气死了
685,"少杀慎杀？？都判了死刑了就说明手上已经有人命了，甚至不止一条，包括但不限于强奸抛尸甚至碎尸等恶劣情节，还少杀慎杀……这是对杀人犯的大度容忍？？？对坏人的容忍就是对好人的残忍！对大众的不公平！！
我看这年头犯罪的这么多一方面就是犯罪成本低，什么扫黄打非…打击面再大拘留几天处点罚金就没事了，出来了照样嫖娼贪污，更别说杀人犯……看过好几个案件明显的故意杀人，甚至故意杀人碎尸抛尸的都不少，都是关几年就完了，有的现在都已经出来了……？？？？周围人不害怕吗"
686,为什么要少杀慎杀？这种人有什么可怜的？
687,"关键词：强J，强J幼童，Nue杀

强J幼童，，真的该死

虐Nue杀，，一个14岁的小孩，直接枪毙啊！哪那么多废话。

这已经超过做人的一个度了。

不判死刑，天理难容！！！

完全不应该把 自首 纳入到此案减刑的参考范围内。
除非犯罪嫌疑人对国家民族作出了重大贡献的。

不判死刑，立即执行，天理难容！天理难容！"
688,这种人渣还留着浪费粮食吗？
689,为什么死刑和赔钱只能二选一？就不能死刑同时判赔钱吗，还要看多少次因为没钱造成的无奈？非要说不死刑也可以，但不是允许放出来，最好一辈子待监狱里受罪，最后死在监狱里，谢谢
690,别少杀慎杀了，有些人不值得[微笑]
691,获得被害人家属的谅解？？？他们能获得被害人的谅解吗？？？
692,前些日子我们学校发生了一件特别恶心的事 一个高一的女孩被几个高三的男生给轮奸了 事情发生了大概一个星期后我们才知道 然后我们宿舍都在讨论这件事 更让我恶心的事 平时看起来人很好的室友竟然说这个女的也不是好东西 然后巴拉巴拉。。。我就很生气  和她们理论 反正最后她们还是认为一个巴掌拍不响  其实吧 其中一个女生就是一个老好人  我平常很讨厌她 另外 这件事并没有搞大  因为她们私了了 不知道是不是真的 听说那群男生就扔给了那个女生十块钱 我说为什么不报警  然后室友巴拉巴拉说了一大堆 什么毕竟是女孩子啦 呵呵呵。。。 我觉得她们真的很矛盾  然后我就气得睡觉了
693,[tv_思考]无语子，这种性侵未成年最后还恶意杀人的案件判死缓？[tv_思考]如果这种程度的恶性案件可以因为自首而减刑的话，我想其他犯罪分子会找到一条新道路[蛆音娘_哭泣]
694,我不懂法，如果我孩子被这种人沙了，我一定会让他死，杀人偿命[无语]
695,第一，强奸女童，从重。第二导致受害者死亡，该从重。第三对女孩进行了严重的身体伤害，该加重。这是重上加重啊，建议立刻死刑。
696,本人不懂法，以一个群众的眼光来说[微笑]我很气愤，这二审都nmd是憨批圣母吧，就这样还是死缓？那个孩子才十岁啊，那这样说我把你家全都tm杀了然后我自首我也是死缓呗[微笑]有时候真的觉得某方面就应该“自由”美利坚！[微笑]
697,"热评上面谈现实的，谈法理的，去反驳那些觉得家属不应该谅解的，还有一堆评论支持……
家属谅解让罪大恶极的人减刑，很可悲的一件事，到了一些人眼里，变成现实无奈，替家属为这件事情开脱，甚至反踩一脚别人“站在道德制高点”，真的把我恶心坏了
根本就不是什么现实不现实，法律不法律的，大多数普通人不是也不应该是理性的，不能也不会用法律去审判，普通人本来就应该代表了道德，如果一件事情人本能的认为是罪大恶极的，但结果却背道而驰，这时普通人不去用道德批判，用伦理谴责，相反这么做还会被嘲讽，家属可能有自己的难言之隐，但做了这样的决定，还能不受道德谴责，甚至有些“理性”“成熟”的人为他们辩解……那这个社会真的很可悲。
不要再认为自己比别人理性，比别人眼见宽广，不要为了自己的虚荣心满足感来说这样不负责任的话好吗？"
698,其实我想不明白为啥要浪费纳税人的钱和国家资源去养这种人渣20多年…
699,但被害人并没有谅解他，只想看他走一次18层地狱
700,去了也没人敢打他，没人收拾他，去监狱搞点事还能拖几个狱警下水，判几个还能顺便影响几个家庭，搞点事还能不干活，搞点事成功了还没人敢管[微笑][微笑][微笑]除了没自由，其他的爽的一批[微笑][微笑]我爱人权，我爱单方面人权[微笑][微笑]
701,我认为强暴致死这种应该是压根就没有所谓的认错态度良好一说，这种蓄意谋杀就压根不存在能认错，金钱要赔人也必须死刑，道德角度看…
702,艹特么的 这种案子看了就生气 还有鲍姓那个 我真心希望国家对未成年性犯罪的罪犯 从重处理 还缓什么 审完了清楚了 在去监狱路上闷s得了
703,想吐槽一句，为啥二审的结果都有点....离谱的感觉
704,如果说一个强奸并杀害幼女，且手段极为残忍的人只因为自首（呵呵？）就能逃脱刑罚。那我是不是也可以在杀人之后自个首，然后进去蹭吃蹭住？
705,！！才十岁！！我十岁还在和同学打打闹闹呢！[灵魂出窍]果然人多了坏人也多了[捂脸]
706,我寻思他肯定不是赔偿到位了啊，他连小孩的32块零花钱都抢了，哪能赔的起呢？
707,这得脸皮多厚，才敢不服上诉啊。。。
708,在08年的新闻报道中，受害儿童是某某，罪犯是全名，12年过去了，新闻报道里受害儿童是全名，而罪犯是某某。
709,抱歉，我不懂法，我的观点只是出于我的道德观念，我的三观告诉我，这种人渣就该吃枪子。[微笑]
710,"没听懂或者没看完的不要乱发弹幕好吗[无语]无知和幼稚真的看得人很尴尬。
当然，看到的顺手举报一下就好了，没必要去虚空对线。"
711,如果刀扎进你的眼睛里，然后隔断你的颈脉，然后qj你，你们还会支持这个恶心的男人缓刑吗？会吗？会吗？
712,我认为不可能有真正的谅解，所谓的谅解，不过是法律以有可能降低刑罚为条件，让罪犯尽量去补偿被害人或者其家属。小女孩已经离开了人世，但她的家人还活着，对罪犯的处罚可以让被害人家属在心理上感到宽慰，但，即使把罪犯鞭尸100遍，也无法解决被害人家属在生活上的困苦。所以这才是法律上有家属“谅解”的真正目的。（个人理解）
713,建议关弹幕
714,刑讯逼供更能减低破案成本，增加破案率，有研究表明70%的刑讯逼供都是有效并且结果正确的，但是能采取刑讯逼供吗，不能。同样，自首减刑也能降低破案难度和成本，但是过于姑息自首情节一样不可取，自首减刑应该放在最次要的量刑位置。
715,其实最受伤的是失去孩子的母亲，不得不在大庭广众之下一遍又一遍揭露自己的伤疤。。。希望正义最终会得到伸张！
716,法律是要考虑人们朴素情感的，我觉得这个案件要是判了死缓大多数人都接受不了吧
717,好好听罗老师讲课，自己思考法律问题，做一名理智的哔哩哔哩好用户[热词系列_保护]
718,我是一名高中生，我对于法律方面的知识几乎完全不了解，也是罗老师让我对法律这方面产生啦兴趣，想来听他的课，我知道的不多，我肯定也会自己的想法，所以尽量以虚心的心态去听，但可不可以请弹幕里的人尊重一下，要是理智讨论到还好，难道要只按照个人意志去审判案件吗？能不能认真听讲啊，我看到的很多弹幕都让我太无语了
719,"“关XX年能换回XXX吗？”
我觉得这种思想真的多余，不要再发了，显得智商低下，就算犯罪者被犬刑，五马分尸，那还不是什么都换不回来，最多让你心里好受一点，最应该关注的是判的合不合理"
720,你首先会想到让他死，而不是想着如何为他的死刑缓期执行，这是人之常有心理，所以别说什么死刑缓期执行，必须立马执行。为什么那么多人呼吁让这种人立刻死，很大程度上是因为如果这件事情发生在自己的身上，那么就不是自己所能承受的，而不是什么看客心理或是冷血心作崇。当然，现实中也不是没有这种冷血的看客，我们只不过是把我们的平民的怒火以一种集中的形式表现出来而已。
721,人们只去关注死，却不去了解刑
722,有些所谓理性的背后其实是共情能力的缺失
723,法律越来越让人觉得失望，没有安全感。对罪犯越来越“宽容”。要有“钱”和“关系”可以改变“法律判决结果”，这就是现实吧。不太相信法律，所以才有受害者家属自己动手惩治魔鬼，人审本就有主观意识➕外界干扰➕各种关系原因 造成不公。不值得信任。没有钱就别空谈什么“正义之光”了。呵呵多么相似的场景。
724,"真实的理中客：该死刑就死刑。
虚假的理中客：网友说该死刑，不管是不是，他们都不理智。"
725,"弹幕实属nb，从来不考虑后果
目前的问题应该是：
如果他自首没有任何作用，那其他犯罪者就不会选择自首，会出现更多的悬案、冤案。
但是如果从轻处理，会给杀人犯杀人后只要自首就不用偿命的暗示。
这才是问题的所在，而不是主观上不经思考的杀或不杀"
726,"我不喜欢跟你比谁更“理智”，我只知道他得偿命，他杀了一个人。
我不敢想象一个10岁女孩死前经历那种虐杀。
他不是人，不他就不该是人。"
727,"我感觉老师的意思其实很明白了，要想从二审死缓到现在最高人民法院介入下报名坐牢，那么最起码得1.认罪态度积极良好2.赔偿处理达到让被害者家庭十分满意的处理。
         再回头看这个案子，前面有评论已经说了，凶手在虽然自首，但并不是真的悔改自首，是在农村环境下大家对这个人知根知底迫于无奈的“自首”；而对于被害人家庭赔偿，据我所知无论是凶手的父母还是凶手本人皆闭口不谈，甚至连小女孩被抢走的32块都不还。
         这样认罪态度不积极，赔偿不到位，我估计最高法院肯定回个这个人渣一个应有的判决，最起码得坐牢30年以上了，而且有很大几率以性质极其恶略，直接判处死刑，立即执行。
        我也不是很懂法，我个人依照当下最原始的心情，只希望最高法院能够判处死刑。"
728,说你们网络判处人均死刑有错吗？罗老师再给你讲法律，不是再给你讲人情世故，想看别人只说必须判死刑你又何必来看罗老师的视频[笑][笑][笑]
729,挪威枪击案大家还记得吧    杀了几十个人     居然没有死刑  监狱能看电视能上网   离谱不   日本有三个17岁男孩   杀了一家三口     手段也是残忍   也是因为未成年   没有死刑   欧美那种圣母法律我们不一定要学啊
730,"流量管家为大家总结一下这个视频:
一、高院判的死缓及限制减刑，其最低实服刑期至少不低于17年；
二、差人不偿命，死刑改死缓的4种情形
1.被害人有严重过错
2.邻里纠纷
3.嫌疑人积极赔偿取得谅解
4.自首等法定可从轻的情节
三、十几年前有一高度类似案例，一审死刑，二审改判死缓，最高院启动审判监督程序改判回死刑。[微笑]"
731,这种强奸后自首并积极赔偿的人，总觉得跟家暴后马上下跪认错立下字据说自己再也不犯，但根本就不会悔改的人太像了，这种性格的人造成的后果可能才是最恶劣的…………
732,"大病小病，百度一搜，癌症晚期。
大罪小罪，B站弹幕，死刑起步。"
733,总结罗翔老师的意思：这个案子性质恶劣，而以往的同类案件都是以判处死刑来结束，所以这个犯人他死定了！
734,家属接受积极赔偿谅解犯罪者，这是为了什么？这是贪财问题吗？这是为了生活啊！话说粗一点，女儿被杀了，凶手抵命，留下两夫妻孤苦伶仃，没有一点物质帮助，他们怎么面对接下来的生活？我看见弹幕里头有说“获得家属谅解就引出了人类第二大原罪贪婪”，这就有点道德绑架的意思了。他杀了你女儿，赔偿是理所应当的，同时他也要抵命，不是说你收了他的钱你就是出卖了灵魂拿女儿的命换钱，没这回事！希望大家分分清楚这个问题。
735,这已经属于性质极其恶劣了。被害人10岁怎么算都是幼女，本身就该死刑。同时有强奸致人死亡，或强奸后杀人的行为。还包括故意毁坏尸体，抢劫财务。自首行为也有可能是恶意自首争取减刑。我只希望法官们不会因为刑法学得太好丧失了人性。
736,二审一般减轻基本不加重，这是因为一般提请二审的是被告，为了体现法庭的公正而多听取被告的声音，也表现了政府对罪犯的人性关怀。然而说真的，为了让常人看见法的公正和政府的关怀而伤害普通民众的情绪，这反而让法务工作者成为众矢之的，进而动摇法律地位。然而二审制度必须存在，否则就会在制度上加大冤假错案的发生几率，危害远大于一两次错误的死缓。同时我们要切记，今日聚集于此的各位，为的不是要罪犯死也不是讨个公道这么简单，我们应该为的是法律的公正和制度的完善，否则我们仅仅只是利用法律杀人而已。
737,弹幕法官云审判
738,气愤是正常的，但是法律可不能单纯地与情绪挂钩。这是对法治社会的亵渎，希望大家能控制住自己
739,"强奸未成年少女，强奸妇女+侵害未成年这已经是性质极其恶劣的罪行、抢走女孩卖水果所得的32元构成抢劫罪、数次刺伤女孩的喉咙（要害部位）构成故意杀人罪。

杀害女孩的过程极为残忍，被害人的父亲还是见义勇为牺牲的英雄，社会影响极其恶劣。

如果这都可以仅通过自首逃离死刑的惩罚，那我只感觉太可怕了。"
740,"大家会气愤可能有以下几点原因：
1.强奸和杀人，两个都是重罪。
2.被害人年纪太小
3.广泛来说算烈士子女，民众有“英雄烈士的子女不应被欺负”的情感。
4.未取得家人谅解。
看最高法怎么判吧。"
741,应该是考虑如果没有自首减轻，会导致一些自认必死的人会极端报复社会吧
742,大家觉得恶魔应该在哪里呆着？
743,评论弹幕装理性的，你很厉害
744,翻了翻评论，关于感性和理性吵成一锅粥，不少人在评论区对战，整个评论区说实话很乱。理性一方是认为感性一方太过偏激，没有考虑法律；而感性一放认为理性一方麻木不仁，说要是这发生在你家人身上你怎么办。我觉得无论是死刑还是死缓都有各自的道理，发表自己的观点无可厚非，但是关于那些指责被害方的家人收取赔偿的，污蔑法官受贿的，认为这个社会是畸形的，关于某些评论踩一捧一的，往他人身上作假设的，说实话很不负责任，这不是义愤填膺，这是已经失去理智了。就像老生常谈的，觉得自己躲在屏幕后说话就不需要经过思考，只需考虑自己当时的感受，这和键盘侠有什么区别？想必各位在日常生活中说有些话都会考虑一下是否得体，那么各位将生活中说话的方式带入一部分在网络中，我觉得会少一些戾气吧。我只想声明，我并没有觉得哪方对哪方错，我只是单纯的就某些戾气很重的评论觉得很不妥，保持理性很重要，充满感性也很重要。最后我希望各位想骂我的，针对我就好，不要涉及我的家人及朋友。
745,这种事情真没必要争吵，大家都是老百姓，作为普通人，听到这样的恶性杀人强奸案件，划过脑海得想法肯定是希望直接死刑，不仅仅是对小孩悲惨遭遇的同情跟惋惜，也是希望世界上少一个恶魔，正常人哪里做的出这种事，TMD。至于法律上该怎么审判，就让专业的人士去处理，要相信人民最高法院。至于所谓的谅解书问题(只是吃瓜群众，不懂太多)，有能力的话还不如直接去帮助下小女孩的母亲。个人觉得：原谅恶魔是上帝的事，法律的作用之一就是送恶魔马上去见上帝
746,我在另外一个关于争论死刑的视频里回复过：死刑很大程度上是安慰逝者的亲人，让他们看到夺走他们挚爱的凶徒从此消失在世界上，不再和他们共同生活在同一片天地下。如果逝者的亲人想到害死他们挚亲的凶手还活在世上，哪怕是正在服刑，那会是多么沉重的痛苦！
747,这个评论区让人无语。很多人已经不是在对这个案件本身进行讨论，而把评论区变成了他们秀优越或是道德绑架别人的战场。看到这个案件的时候几乎没有人会不愤怒，只是每个人行为方式不同。有的人他愤怒就要第一时间说出口，有的人他是要避免无意义的情绪消耗，用理智化愤怒为力量。没有谁对谁错之分。理智者没必要嘲讽情绪化的人不懂法，后者也没必要阴阳怪气别人没人性。多讨论讨论法律和正义，比在这打嘴炮/趁机发泄生活中的不满要有意义得多。
748,10岁啊，这么懂事的小女孩。真的能原谅吗？？？？心在滴血
749,有些人满嘴法性理性就不讲人性，我看纯粹神经病！[吐]
750,凭什么不能死刑？你比一审的法官还懂？
751,这件事真不是大家戾气太重，而是知道这种事后大家正常反应，我一想到这种人几十乃至十几年后还能回到我们之间正常生活，我就有点恶心
752,对不起，我支持中国法律，但是我各人还是希望这些畜牲可以死掉[笑]
753,"评论里骂表达愤怒人法盲的，铁拳抡不到自己头上是不会觉得痛的，试试把被害人带入自己亲人吧
而且罗老师举例多数案件都是判死刑的，少数死缓，大家觉得该判死刑有问题吗?
ps上一条我真没骂人、阐述事实和美好祝愿而已，qj犯那么多，祝您家人平安不是好心么"
754,父亲见义勇为牺牲，才十岁的小女孩被如此残忍的折磨致死，这种畜生以后放出来干什么？继续害人吗
755,有的案件，自首真的不能减刑
756,如果这么恶劣的案件自首都有用的话，那其他人是否就可模仿犯罪，杀人只要自首就能不偿命？
757,个人觉得死刑立即执行比较合适，我也相信最高院会给出一个公正的结果，至于有些想修改法律的人，建议先长个脑子，什么凌迟剜眼拔舌都出来了，这都什么老黄历了，真就没受过普法教育？依法治国白宣传这么多年了，还在散布这种东西。
758,弹幕笑死我了，一个个都是老法律学博士了，太懂了，罗老师都没这么懂，牛大了
759,综合这篇视频做个总结，有人杀你时不要估计残忍，往要害处一击致命，不然被残忍的就是自己，人家去自首只要认个错，25年出来依旧是个混蛋，这真的不值得，而且情节得当还可以作为正当自卫。
760,"[doge]能够遏制犯罪的永远应该是破案率而不是什么自首

对比下我国的银行抢劫案就知道了    破案率100%  傻子才去抢"
761,听完以后心里有点难受，不是因为对这些判决不认可，只是作为一个女孩子感到害怕，感到难过
762,二审是第二次审判的简称还是二货来审的简称？
763,"看了挺多评论的，基本分为两类，一类是认为这种人就该死刑的，另一类人是反对第一类人的，因为第一类人主观意识太重，然后开始感叹第一类人的可悲。
总结下来我就觉得这案子希望死刑立即执行，但只是希望，而不是所谓的带法官。判刑怎么判我不懂，所以判的是什么我绝不评论，只是想抒发自己对人渣的厌恶之感，若是判了死缓，我也相信法院的理由所在，毕竟我们不是什么法官，只是普普通通的人，面对真正的判决还是得看真正的专业人士，我们还是很难很难做到真正意义上的公平公正、客观对待，在判决上只能期望或是希望。
最后还是希望这案子能判死刑，也感谢罗老师的讲解与科普☺️[tv_点赞]"
764,我今天才知道“百香果女孩”，我想起来前段时间有个男人”夸我“是“百香果女孩”，好，我现在真实害怕[笑][笑][笑]
765,觉得该判死刑的人不用觉得是自己不懂法，我看了几个平台没有一个法律从业者认为二审判决没问题的，人民日报这种官方媒体也认为二审判决不对，我还特意去问了我们学校一个学法律的人，他说他们班一个班三十来号人也都觉得应该判死刑而不是死缓，反倒是我很想问问那群理中客是他们是凭什么觉得死缓是对的？
766,不判死刑，就该设立终身监禁，而且是要那种一辈子小黑屋，不放风不探监，劳动都别做，就是小黑屋关一辈子。
767,罗老师上课讲张三案件真是太应该了，听张三犯各种罪我只想乐，每次听罗老师讲现实里的案件我都得哭上几天，太难受了。
768,罗翔老师，最近我在网上聊天遇到一个这样子的事，一个女生，19岁还在上学，卖yin。我问她为什么！她说她男朋友找她要钱，她很爱她男朋友，所以走上了这条路，尝试过问她父母的情况，大概是工薪族，在那个女生的空间看见了她几年前发的一张重度抑郁症的病历书。她男朋友20岁，她跟她男朋友说自己是在兼职拍照片的模特，她男朋友每周找她要钱，不给就生气，甚至打过她一次，但她说就是爱她男朋友，她男朋友每天晚上都出去玩，不带她（她本人说可能是不方便），她每天晚上等她男朋友回来满足她男朋友的身体后才睡觉，她说有时候做多了觉得烦但不能说，不然他男朋友会生气……这件事我和我一个朋友说后，我朋友跟我说，曾在某个亲戚家寄住，亲戚开出租房的，这种女生遇到过不少………在我们这个社会，类似的这种女生还有很多，我曾经想过报警帮助这个女生，但仔细想想却又很无奈，没用，甚至连卖yin都很难管到，因为必须当场抓住否则光凭片面之词没意义，他男朋友今后仍然会把她当摇钱树和泄欲工具，我真的为这个纯真的女生感到难过，但是没有办法，人只能自我救赎，我深深的感到无力，学医学法都救不了那些非常特殊的人间惨剧，人类真的很傻[笑哭]
769,那这样判，会不会让强奸犯盯上那些家庭不富裕的，反正又死不了，自首，积极赔偿还能减刑。
770,评论出现网友人均死刑 有又出现反人均死刑 又又出现反反人均死刑 搁着千层饼呢？
771,这种案子如果不判死刑那我真不知道还有啥能判死刑了，真就废死派大胜利呗，想到这种人渣还跟我在同一片土地呼吸同样的空气我就反胃
772,我觉得吧 刑法中死刑主要目的不是为了平复我们的心情，而是杀鸡儆猴的作用，最大程度的减少同类事件的发生，在起到了作用，同时又能够尽可能少杀。这不是我们普通人能够说道的。
773,因为看过台剧《我们与恶的距离》其实比较能理解死缓这项制度。弹幕中的大家气愤是因为都普遍同情受害者，从受害者的角度考虑。这虽然体现了正义感，但对于施暴者却是不公的。我看那部剧学到的道理就是，任何人都有受到公平对待的权利，不管他是杀人犯还是受害者。我觉得罗老师这条视频讲的死缓也是一样的理念。我想大家看这条视频义愤填膺是因为只看到了法律条文，而并没有被告知其背后的道理。希望罗老师以后也能考虑多讲一讲法律制定所基于的理念：）
774,我服了，视频前面发❓的是对我国法律有什么意见吗，不是什么都能发❓的[笑哭]
775,人家在讲法律条款，发啥问号呢，不会真有人指望网民治国叭
776,"1、非常赞同弹幕的说法，“赔偿一定金额，取得被害人家属谅解”，这恰恰是对穷人的利益保护。真要是不在乎钱，非要一命抵一命的，也不会取得谅解了
2、二审判决，有异议但是绝对没问题。作为当事人，二审结果肯定不能接受，但自首情节是一定要考虑的，否则遗祸无穷。
3、立个flag，最高院的判决极大可能是维持一审判决。受害人家属态度坚决，会是决定性因素。“考虑受害人未成年，且犯案性质及社会影响恶劣，故维持一审判决”"
777,个人觉得获得家属谅解就可以从轻这点不太靠谱，赔偿家属不过是为了维护社会稳定，如果从被害人本人的角度考虑，给多少钱能让被害人自己原谅对方呢？
778,b站一群法官   法院以后都来b站招人吧   [滑稽]
779,在弹幕里疯狂刷问号的请把“法律要超越民众的偏见”这句话抄一千遍[嫌弃][嫌弃]
780,法网恢恢既疏又漏
781,看到有人说应该让狱警动用私刑来处理这些罪大恶极的犯人。我希望那个拉黑我的人看到我这条评论能好好想一想，当一个狱警获得了超过法律所给予他的能力时，你怎么能够保证那个人能按照你所相信的合理使用这份超过他责任的权力。假如他成为了肖申克中的监狱管理员时你又该如何
782,按你们所说的，刑法是为了震慑犯罪者，故意杀人案还要看不看犯罪手法恶不恶劣来判是否死刑，那我实在看一个人不舒服，想把他杀了，又同时考虑到因此我会被判死刑，然后我决定用不怎么骇人听闻的杀人手法，还有自首，再积极赔偿，那判个20年，你们认为这样对死者公平吗，不管手法恶不恶劣，人终究是死了呀，而你们考虑他死前受到什么折磨？那你们考虑过他死后？故意杀人我认为就该判死刑，不管当事人几岁，除非是被害人挑起的事端另当别论
783,百香果女孩父亲九年前因救人意外过世，女孩很懂事，帮家里采摘售卖百香果，结果遭受此罪，凶手情节真的恶劣！[吐][吐][吐]
784,我看到弹幕有人说该取消死刑的，对不起，不好意思我笑出声了。真就键盘在手，什么不负责任的话都可以敲出来。拜托，说这种话的是在用下半身想问题？你让那些还活着失去亲人的人如何想，那些罪犯不笑开花了？
785,弹幕中段一堆xj和杠精.....
786,弹幕人均大法官，搞得就跟刑法里只有一条——死刑立即执行似的[吃瓜][怪我咯]怎么？给你个案件让你弄弄？
787,"奉劝各位几句话，不喜勿喷。
第一，谁也不知道案件前后的全部细节，不要盲目下结论。
第二，没人能体会女孩家人的心情，不要替他人做决定。
第三，要理智依法做出判断，不要一味让情绪影响头脑。
第四，法院，律师，检察院，警察也不是吃干饭的，不要拿你的兴趣批判他人的职业。"
788,弹幕让我想起了罗老师说过的一句话。刑法要超越民众的偏见，看来这句话被很多人当成屁了呢
789,虽然不应该以键盘论法，但是我的感情告诉我这个人这样还不死就离谱。。。
790,这事说白就是背后有大法党搞事 一直在为废死做铺垫，广西的法院已经做过很多次废死判决了
791,大家要对我国的法治建设有信心，不要因为个别弹幕或评论带节奏产生负面情绪。相信最高院，相信最高检，正义永不缺席!
792,"弹幕的都消停一下吧……罗老师都在这给大家解释科普了，好好看好好学啊……
u1s1不死刑我也觉得不行"
793,手段极其残忍啊，我看新闻说先戳瞎了双眼强奸然后又杀了，才十岁的孩子！！！
794,说什么都是扯淡！我是刁民！我只想这个畜生立即执行死刑！还家属一个公道！
795,"各位请关注重点:自首情节是二审判死缓的重要依据。嫌疑人自首是量刑必须考虑的因素，否则自首投案就没有意义了。
我们情感上不接受死缓，只是因为代入了自己的感受。"
796,其实真的没有必要这样对立的看，人民朴素的情感希望那种渣子死，这是很正常，说明我们人民群众有同理心，虽然刑法要惩罚犯罪，但是最根本上还是为了保护人民群众的法益，不是说杀人，惩罚人，惩罚了那种东西是为了阻止或者减少犯罪行为，所以民众希望那家伙死，这说明大家不是冷漠的，有火热的心，但是该怎么判，还是需要从刑法法律精神出发，结合实际的。
797,从感性的角度说，这人怎么死都不过分[笑]
798,这回是最高人民法院涉入了，你们可以去裁判文书网上查一查这个广西壮族自治区高级人民法院，很多故意杀人罪都没有判死刑，基本上都是二审改判无期或者有期十五年，真就贯彻西方人道主义废死呗[无语]
799,求求你们看完好不好，别视频不看就直接评论，这都能黑我是没想到。最后说了，性质极其恶劣等的，即使二审判为死缓，但最后还是可以由最高人民法院判为死刑立即执行。
800,突然想到一点，如果这个犯人最后判了死缓，并且两年期里面表现较好，没死成。那小女孩这一家是不是应验了一句老话，好人没好报？当爹的见义勇为死了，做女儿的懂事补贴家用也被人强奸致死。那些说别人戾气太重的，难不成这样的结果你们开心了？犯人27年后刑满释放，离开监狱大门，抬头看看天，阳光明媚，强奸杀人犯依然活在世上，服刑期满已满，他大可活的轻松自在。然而那个懂事的小女孩以及她见义勇为的父亲却早已经没人记得。
801,我尊重法律，也尊重法院的判决的，但是我希望最后的结果是死刑立即执行，是需要少杀，慎杀，但对于这种对未成年人强奸的人，不管有没有杀人，只要是猥亵未成年人的，我就希望判他死刑。
802,我有个疑问，为什么这种民事赔偿不能强制？而被害者家属为了拿到赔偿金选择原谅！？不原谅就没有赔偿或者很少？我觉得应该强制赔偿，最少凶手的个人财产应该全部赔偿给被害人！且应该是法院强制执行！
803,[无语]不是，弹幕和评论里的不都只是发表观点而已么，我们又不是法官，不在其位，没有那个审判的权力，发表自己看法不是很正常？又不是一言堂，何必在这冷嘲热讽，讽刺年龄小和法盲？
804,视频不看课不听，一个劲嚷，b站弹幕真是有够好笑的
805,一件件案子告诉我，人必须培养自己的自保能力。因为法律只保护生者，毕竟法律再如何重罚，也绝对达不到受害者受到的折磨。所以遇到任何情况，自保是第一位的，力量不够不要硬碰硬，不论是暴力反抗还是一时屈服顺从，保命是第一位。
806,网络判官的内心只有两种刑法，无罪和死刑[滑稽]
807,b站控评是真的厉害，我就说了个她父亲是见义勇为没的，应该保护这类人的子女，就给我删了？
808,很不幸我曾作为一次被害人家属对罪犯的后半段人生做出了一次抉择。确实在被害人家属角度来想，谁不想让罪犯获得最重的惩罚呢？我恨不得他千刀万剐啊！但现实确是赔偿金少的可怜，纵使犯人被送上了绞刑架，但也换不来已逝去的生命，反而好像被害人死的轻飘飘的，一条人命就这么点钱，惩治了犯人，我们能得到什么呢？慰藉？那只是空谈罢了，犯人死不足惜，到头来人财两空精力全无。所以最后我们还是选择了赔偿谅解，至少让被害者一方有实际上的止损，而不是靠着犯人的刑罚来获得那些微不足道的慰藉。没有人会谅解罪犯，有的更多只是无奈
809,程序上的正义，心中的正义，哪个都要理性对待
810,我他妈……这些个案件凶手不死刑我都想冲上去杀了他们算了，怎么会有这么恶毒的人
811,没人看视频就评论？林某有两个情节属于从轻处罚，积极赔偿取得被害人家属谅解和自首，罗教授讲的很好，不过看了某些人的评论我觉得白讲了，普法是告诉你事实，不是让你像个原始人进行奇怪评价
812,少说话，认真看，讲礼仪，多学习。
813,女孩父亲是位见义勇为而死的人，如果像评论说的为了钱谅解，那这个是真的讲究
814,强奸过程中划伤眼睛以致后续杀人、自首本身就是在试图逃脱罪责了吧，不仅行径恶劣，而且本身也利用了“自首”这个劝人向善的机制了吧。小事认错当然没问题。但是这种有脱罪心理，又行径恶劣的，算不算认错！而且社会影响也很严重吧。刑法中应该没有小事吧
815,二审的这个fy还发微博嘲讽，评论区精选一个没选出来，真有你的
816,感觉看视频前应该先把弹幕关了。。因为有很多人真的没经过思考，每句评论都是杀杀杀的。如果真的法律过程都是杀人偿命的话那我还要那么多司法解释干嘛。写那么长的法律用来干嘛？
817,期待最高法的正义执行
818,"其实罗老师早就说过，刑法很大程度上是保护犯罪者的。在古代，县令认为这极其恶劣，应处斩，而有了刑法，就必须按照现行法律判案。   
其实，人有些时候活着比死了还痛苦。在监狱20多年出来，人生相当于废了。"
819,老师讲的没错。可怕的是楼里理中客劝人不要愤怒生气，口头谴责一下就变成老师拜将了，难道我们是法官可以随意判处？人没有基本的情绪，没有基本的同理心，真的出大问题。
820,善，是一个人内心崇高的道德标准，法，是一个社会文明的基石，善不一定守法，恶也不一定违法，就这个案子我心里面觉得是该死刑，但法制是考虑很多的，人云亦云失去自己的思考，不成熟又愚蠢，我支持别人去为了执行正义而触犯法律，不要当个键盘侠，前提这个执法人做好了付出代价的准备
821,看这个视频的弹幕，让我觉得普法之路依旧漫漫…一遇到审判问题就是满屏的问号，受害者家人谅解也是满屏的问号…法律虽然会有考虑人情但主要还是规定啊……不能以个人意志来治理国家，治理社会吧……感觉弹幕好多戾气都好重啊……
822,只要是符合法律规定的结果就行。
823,无语，有些评论非说成年人都是冷漠麻木的，[微笑]，小少年些，冷漠麻木的人除了婴幼儿是不分年龄阶段的。成年人只是把内心的悸动、感动、热情藏在心中，渴望通过合理合时合情的手段达成有限解决。少年到成年最重要交际处事能力是学会有效沟通合理解决。虽然有点说教意味，但希望你们正确看待下一个成长阶段。
824,"我希望在座的各位看到这个视频能够保持理智，罗老师做的只是法律上的分析，都是有法律明文规定的。一般人都会同情受害者，“怎么这么残忍！一定要判死刑！”其实这些都能过理解，毕竟各位心中都有对良知的肯定。但是立法者肯定要考虑客观事实，不管犯罪人是否真诚悔过，不管是否金钱到位获得谅解，这些都要写入减轻刑罚的范围。

当一个人被关在监狱了二十多年，他将来可能无法适应未来的社会（详见电影《肖申克的救赎》），我看到有人说希望增加电子镣铐给曾经被判处过死刑的人，我觉得这是杀人诛心了，虽其罪可诛，但在二十多年，他也为他的罪买过法律所规定的单了。

我们国家的刑法修改频率也挺高的，目的就是为了更公平的进行审判，当然每一部法律从它提出来的那一刻便已经落伍，所以需要不断的完善才能让司法进步。"
825,"参考老师讲的几个案例，本案情节更甚，绝对可以归属极其恶劣，基本就是死刑立即执行。

个人总感觉二审是来显示一下这些这些情节有减轻效果，给自首人员/其他罪犯一丢丢希望[doge]
然后再把案件往上报，最高院表示太恶劣了，判回死刑。

坐等最高院结案叭，要相信我国法律，相信正义"
826,如果被杀的是你的女儿，你觉得可以不判死刑，那我无话可说。这样的东西都能活，那什么样的人该死呢？
827,无脑喷法院、喷律师、张口就是死刑的人，幸亏我们国家法院没有你这号人，罗老师讲了这么多法制的精神基本白讲
828,这要是能死缓，我就想权衡一下27年和案底换几个仇家和爽一段时间值不值了[嫌弃]
829,希望下期老师可以解释一下“取得被害人家属谅解”的相关细则（送我上去）
830,才10岁啊！问题是小姑娘才10岁。这真的是禽兽不如。
831,无论如何，如果出了非常重大的犯罪，我是受害者或者是受害者的家属，我都不希望施害者还活在这个世上
832,那可是一个10岁的娃娃啊😱，这个孩子可是她的亲人的生命啊，是她亲人的唯一啊！
833,如果真的有灵魂，小女孩的灵魂说我想要这个人立刻处死，请问小女孩的这个希望能否凌驾于法律之上？
834,"1、相信最高人民法院 能够给出一个合理的判决
2、如果想惩罚犯人，不需要刑法，罗老师提到过很多死法，什么犬决、炮决、凌迟，总有一款适合犯人，要不各位谁去给那个犯人用一下？
3、罗老师已经讲得足够清楚了，自首、积极赔偿是从宽考量的点，但不是必须，现在还有一个最高人民法院，并且判例应该会刊登出来
4、法律不仅是要给犯人制裁，还要束缚司法机关打击罪犯，也在保护罪犯。不然，肯定被人拉出去犬决了"
835,我希望死刑[拥抱]
836,弹幕个个都是大法官，鄙人十分佩服[微笑]
837,法律应超越民众的偏见。我们不应该仅仅停留在同态复仇的观念。现代司法立法是牵一发而动全身的，法律体系的建立是需要慎重考虑的，司法过程尤其是死刑更需要慎重考虑。
838,想问下罗老师，罪犯在刑法审判下是弱势一方，所以判刑要慎重甚至从轻。有很多无期罪犯都减刑提前出狱了后，但毫无悔改，又再次犯罪甚至杀人。这说明我们普通人相比于这些犯罪者也是弱势群体。在判刑时，是否也要多考虑普通人在面对这些罪犯前的弱势地位呢？
839,法制社会不是原始的同态复仇，不要被情绪牵着走。
840,纵观经典案件，太多令人振奋人心的正义判决，但是知道的人并不多。只是个别案件与我们所期盼的结果有出入，我们的专注点就在这些个别案件，我感谢坚守法治精神的工作者，同时唾弃那些干着法治工作，忘却法治精神的叛道者。还是那句话，法律要听取民众朴素的意见，同时要超越民众的偏见。
841,有很多人好像不是来听课的……更像是来……施展才华？
842,这个孩子真的很可怜····详细事件经过我都不忍心说····
843,10岁啊，大概只有凌迟，死者才能得到一定的宽慰
844,"相信最高人民法院吧。
因为到底事件是怎么样的肯定不只有新闻里能看到的表面。在弹幕或者评论区论刑只能是口嗨。要是定刑只看后果不论过程那才是有问题。"
845,阉了再死缓就算出来了也做不了坏事了[OK][doge]
846,弹幕有好多不理解为啥谅解的纷纷提问，在评论区也把这个问题码一下，我作为外行人的个人理解是赔偿被害人家属拿到一份谅解书，就视作取得谅解。(●°u°●) 」，如果人家不缺钱一定要把你送进去那就没辙儿了。[热词系列_知识增加]希望有人能在评论区讲讲具体是怎么判断和操作的。
847,讲道理 看完罗老师这个视频后我怎么觉得二审都是偏向凶手啊 谁能解释一下一审之后为什么还会有二审吗 二审到底是怎么样的 谢谢[保佑]
848,我看到有些案件甚至不用一命填一命[笑]
849,这种情况下不就是情节极其恶劣吗？受害人才十岁啊
850,所以建议大家犯罪后及时自首
851,教学恢复了罗老师也忙起来了，都来不及去演播室了，辛苦罗老师了[tv_大哭]
852,一个播放量600多点赞，b站特色[doge][doge][doge]
853,弹幕好多钢筋啊，罗老师只是陈述，你这怼他干什么？
854,[热词系列_张三]：终于不是我了
855,"第一，女孩生前被强 奸。
第二，女孩生前被严重伤害。
第三，抢劫罪。（32元对于其他人来说不算什么，但是对于女孩一家来说却是能过好一段日子的钱。）
第四，故意杀人罪。
第五，警察发出通缉令。
第六，没有取得家属谅解。
第七，女孩是英雄之后，没有得到保护反而受到伤害。
第八，对社会的严重危害和公共安全的影响极其巨大。
第九，女孩只有十岁。
第十，我个人，恳求法官在这件案件不能给予缓刑。
按照以上十点我觉得不应该给予缓刑的量。
给各位法官大人至礼"
856,一昧推崇同态复仇的还是回山洞吧
857,"弹幕法官:🙌没有人
👐比我
👌更懂
☝法律"
858,越无知的人越有一种莫名其妙的勇气和自豪感
859,"当罗老师提到了犯罪人积极赔偿受害者家属且获取了家属的谅解，弹幕里有些“这都能谅解”“如果这样的话都能谅解，要我说这小女孩死了不亏”“如果是我的话我接受不了”等等之类的话。
我想说的是，不要以道德最高标准。来约束其他人，受害人家属量解了犯罪人是受害人家家属自愿的行为。如果说给你一个亿你谅不谅解，十个亿，20个亿，总有一个数让你谅解的。所以被害人的家属，我们同情一下他们，我们要理解他们，人家本来生活就不容易，还出了一个这样的事，我不希望有人辱骂他们，这既是对他们的不尊重，也是对逝者的不尊重。
犯罪人积极赔偿，被害者家属也积极的认错，这点虽然是好的，但是这不能洗刷他恶劣卑鄙无耻的罪行。如果最高人民法院判的是死缓，犯罪人在两年之内，没有什么对社会造成危害的现象，那我们只能希望他出来好好做人，洗心革面努力回报社会，如果犯罪人判的是死刑的话，那我也只能说一句死的好，因为他做的事情太残忍了我觉得他必须以死赎罪。
以上是我对该事件的看法，如果你觉得我说的话有不对的地方，那就请把您的看法发表一下。"
860,"如果强奸必须死刑，那未来的强奸犯会觉得反正都要死，那我先让被害人死！
所以，刑法是用来保护被害人的，不是用来杀人的！
最近，网络戾气太重，太多自以为是的人，在未了解事情全貌就胡乱攻击他人，是最近疫情让你们太闲了吗[嫌弃]"
861,"为什么弹幕里全在喷二审？
别人难道不是法学精英？
一群键盘侠法都没学过净挑专业人士的毛病？"
862,一年前左右我看到了这个案子，有报道，但是那个判刑真的让人很生气，我投了币转发了希望能让别人看到，现在这个事情重新出现，我发现了，不管时间过去多久，该失望还是失望，法律有用吗？有吗？！
863,"我翻开历史一查，这历史没有年代，歪歪斜斜的每页上都写着‘仁义道德’四个字。

我横竖睡不着，仔细看了半夜，才从字缝里看出字来，满本都写着两个字是‘吃人’！"
864,弹幕里充满了暴民政治[热词系列_害怕]
865,那么多刷酷刑的，酷刑完全违背人道主义啊。如果酷刑存在，那么你就可以不是人，你就不需要任何尊严了
866,人死都死了你这个律师还在辩论，被害人死的惨不惨？可笑，拿刀刺瞎双眼，用麻袋把被害人装起来炮进水里，难道这些没有比撕断肠子恶劣？还缓刑缓刑就意味着减刑，隔两年人家出狱又强奸杀人，然后又态度极好，杀人手段不残忍你们法院是不是又要减刑又要缓刑的了？非要人家把事情做到极端化你们才理所应当的判立即执行。真是个怂包。
867,被害人是在眼睛和颈部被刺伤的极度痛苦的情况下被强奸的，罗翔说过不要法律学多了学的没有人性，那里面那些理中客真就是感觉自己多高尚了吧
868,现在都是考虑罪犯的权利，而受害人却没有人关心了。这是为罪犯考虑？还是为将来的自己留后路？
869,罗翔老师始终没有表述自己对于这个案件的看法。。现在的风气令人无法言说
870,弹幕:罪犯都得死，不死就有黑幕，就是法律程序有漏洞[doge]
871,这么说吧，如果你是一个法学生，你坚持不废死，在班级里有很多人暗搓搓鄙视你的，因为你这样和没接受过系统法学培养的社会热血大众有啥区别呢？主张废死的很多人很有一种俯瞰众生高高在上的精英气质，他们很有优越感自诩理智过人，别问我怎么知道的，我就是被鄙视的那个#(生气)
872,评论区有些言论真是可笑，说什么“普通人比法官还会判案[doge]你不是法律专业人员难道会比法律专业人员专业吗[囧]”。我们的确不是专业的，但我们心都是肉长的。专业的就一定对？他们的判决就不可质疑？先不说一审法官也是专业的，也不说那些受贿枉法的前例。牛顿够专业吧，后期不是去学神学了，牛顿三大定律够权威吧，但在微观领域还不是错。我们没有审判谁的权力，但我们有质疑的权力。
873,不会真有人希望死缓吧，不会吧不会吧，一口一口说着b站低龄化的理中客们才是真正的“低龄”吧，真是有够好笑的。一想到这种人有可能再回到社会我都不寒而栗，但凡有为自己，为自己的家人朋友考虑一下下，也不会支持死缓这种决定吧。谅解和死缓是两回事吧，如果真因为家属谅解了，这种人就可以逃避死刑，那法律才是真的坏掉了
874,很讨厌有的人骂网友最懂法人均死刑，大家对待这样的恶劣行为感到气愤为什么不可以，那可是强奸虐待杀害一个十岁小女孩，这人干出这事的时候他就一已经连做人的资格都没有了啊[tv_冷漠]。。。法律法规的审判自有他的道理，但是为什么不让网友发表自己的意见。
875,弹幕一片杀杀杀，好好好，中国法治之路道阻且长，吾辈当与罗老师共勉
876,说实话发生这种事我更倾向于古时候的血债血偿[微笑]
877,罗老师的课有些人，是白听了
878,惊了，合着弹幕都是来听相声的？听话听一半，就会发问号吗，以前的课都白听了吗？抱着自己的正义感去想，这不是上帝视角吗？  “法律要倾听民众的声音，但是要超越民众的偏见”
879,所有的网络键盘审判官手中的法律只有两种刑法：死刑与无罪[doge]
880,人还是需要理智一点，对于从事法律工作者更应该如此。人毕竟是感性的，情绪会影响判断。如果理性处理问题，我们觉得不近人情，没有人情味。但法律就应该客观公正，理智慎重考虑问题。对于死刑，应该慎重考虑，不可随情绪左右。[思考][思考]
881,有些弹幕真的幼稚的可笑。说要把犯人凌迟的，真能说出来[doge]
882,案卷没看过，法学没学过，情节不清楚，就看新闻听取片面，人家案件终身负责，要是考虑不周到，检察院不抗？法院审判委员会没意见？
883,不管什么罪，b站的热血少年都高喊者死刑，想着如果我当法官怎么样怎么样。但是如果少侠们真的有脑子真的学了法律，估计就喊不出啥都死刑这种话了。好奇怪[尴尬]
884,罗老师只讲法，不讲你们弹幕里的猜想，好好听，在司法过程中发生的事情不是罗老师讲的内容
885,罗老师苦口婆心讲了那么多白讲了……
886,"我建议以后家属都不要受凶手的钱，让网友出钱，网友们可给力了，不仅觉得家属受补偿是卖命，而且看样子也愿意帮被害人家庭出钱买凶。
就按照大家最朴素的感情去做[笑]买凶出事，网友们也可以大喊法不责众跑路吧"
887,感觉对此案及法律了解不深的众人（当然也包括我）在发表自己的观点前需要先了解足够事实与相关知识（[doge]免死免死）
888,"虽说我们大陆是条文法系，法官有较大的自主量刑权。
但这个结果真的很难接受，一个能对十岁的孩子做出这种事情的人，我很难不认为它是希望依靠自首来恶意避免刑罚。
我很好奇，广西高级人民法院的法官，判定他的自首不是恶意避免刑罚的理由是什么？
而就算认定了不是恶意避免刑罚，但强奸一个年仅十岁的女童并造成其死亡，且伴随人身大量的，令人不寒而栗的人身伤害，这不是过于恶劣是什么？
难道非要我冲进你家，把你妈*******然后抛尸荒野，再回头把你也给杀了，才能算是过于恶劣吗？
一个这样的人渣，居然还有重新回到社会上的可能，这是我始终不能理解的。
法律的意义在于维护人与人的关系，或者说社会的稳定，这种人渣出现在社会上，那不是不稳定因素是啥？
如果他出来之后，再次发生命案，那么这个责任我认为有法官的一部分，这个法官没有进到其维护社会稳定的责任，这他妈就是助纣为虐。"
889,建议以后法律类视频关闭弹幕 一群傻子就不能思考一下再发表言论?
890,哈哈哈哈哈还是罗老师会讲话，法律效果和社会效果的完美统一=他死定了。
891,弹幕就ky 就硬ky
892,看完记得把音量调回去
893,这个案件看的我好心痛，凶手太残忍了～
894,唯有死刑！必须死！[生气]
895,学法律都有人学出优越感，不过只是一个高级服务员罢了，某些人别出来恶心人了[抠鼻]
896,"弹幕麻烦冷静一下，我想说几点。
第一点，你是否考虑全面呢？很多人都说恶魔就应该下地狱，我知道，你满腔怒火，可是你是否有仔细考虑过，如果这样的人统统死刑，会不会有犯人因为反正横竖都是死，而犯罪更加丧心病狂呢？
第二点，我知道，我说出这样的话，很冷酷。当时法庭上是不讲情面的。也许家属沉痛无比。但是为了法律的公正性，只能这样判决。你却在弹幕里肆意挥洒着自己的情绪。我不是觉得这样不行，但是罗翔老师是在科普法律。你们一个劲的想杀犯人。跟罗翔老师在讲的法律关系甚少。我觉得这样不太好。
我知道这样的话，可能没有考虑到受害者的角度。我可能很冷酷，因为这件事没有发生在我身上。你们可能都会这么想，但是我希望你们找找罗翔老师的视频。其中有一期提到了。法律的公正性，我希望你们看一看。"
897,"弹幕的一部分可真是激情四射，老师一句还没讲完就开始质疑判决，老师讲的话稍微专业一点就开始断章取义。
“这人必须死”“法官读书读傻了吧”balabala一堆，我觉得吧，幸好法官不是这些人，充满个人情绪的正义感会让“法”这个词的意义荡然无存，如果法律真的像“这个畜生，必须死！”“他是好人，活着！”那么简单，那文明发展至今的产物之一，也就是法律，可真是浅显。"
898,弹幕和评论憨批过多，建议关闭关闭弹幕并且不要看评论[无语][无语]
899,现在居然还有人在罗老师的视频中刷二审法官不得好死！！！法律科普道阻且长啊！
900,"评论区我服了，和着""只要自首就不会死""的意思是自首就直接把你放了？死缓到最后也是无期徒刑，你觉得有人会因为自首就不死去故意杀人逞一时之快然后自愿无期徒刑吗？？？"
901,"看了很多评论，不难发现，绝大多数人（或者说几乎所有人），都有一个潜在的观点：“我永远不会犯罪，或者我永远不会站在被告席上受审”，因此，可以对罪犯使用哪怕最残酷的刑罚（好比强奸犯最好阉割再枪毙，杀人犯杀害数人或者累犯的最好凌迟），毕竟“我”是一个好人，不会犯罪。而更进一步，既然自己是一个好人，且不会变成坏人，那么罪犯是哪里来的？那么只能是有一部分人，生来就是恶人，注定会犯罪，这些人活着就是罪过，于是要用最残酷的刑罚对待他们。
我们始终要记住的是，法律不是万能的，就好像法律可能会遗漏坏人一样，法律也可能会冤枉好人。而即使是坏人，也还是一个人，坏人需要接受法律的惩罚，但同时也受到法律的保护。"
902,这种人放美国监狱你看他能不能活着出来[无语][无语]
903,最绝的是微博应为嫌疑人是男的而且死刑改死缓又开始打拳了[吐]
904,这个人渣后来还是判了死刑，立即执行
905,往死整人，毁一家。比杀人是一样性质的。
906,我认为这个死缓不合理
907,灭门案怎么说，是以后鼓励灭门夺财产嘛？已经有好几例了
908,想听老师讲江歌案
909,今天被判死刑了
910,"东野圭吾曾这样描述过受害者家属得知罪犯逃脱死刑的感受：

“我一想到杀害我女儿的人，现在还活在这世上某一个地方，哪怕是监牢，

能呼吸，吃饭，睡觉，

甚至还能有自己的兴趣爱好。

我就痛苦地要死。”

我不是被害者家属。

但我一想到十几年后，那个将女孩拖走、抢走32元钱、用刀刺伤双眼割断颈部，强奸10岁的她的犯人。

很有可能和我、和我的父母、我的孩子在街上擦肩而过。

我，也痛苦的要死。"
911,不是说故意自首求缓刑的话是不能减刑的吗？这个人我感觉他完全是为了自己才自首
912,https://b23.tv/RkpMtA
913,为什么会取得受害人的谅解啊[生病]
914,原谅是上帝的事儿，我们应该送人渣去见上帝
915,正道的光！
916,如果想想看自己身边有这样的人，自己的家人和自己都可能会遇到这种人，我真说不出支持死缓这种话[捂脸][捂脸]
917,割以永治
918,死刑了，大快人心！
919,老师您看到了吗！今天！
920,正道的光，死刑了
921,死刑了，好啊！！！！！[大哭][大哭]
922,正道的光[打call-圣诞][打call-圣诞]
923,这种人活着都是污染空气
924,终于死刑了
925,终审死刑了！
926,唉！是我家县城！好可怕！感觉凶手在身边！虽然说我是男的，不过还是要好好保护自己，凶手得到严惩！
927,猛男落泪 真的
928,死刑了死刑了
929,漂亮，大快人心
930,今日人渣被判死刑
931,"中国的法律学家能有自己的意见吗？ 欧美说什么就是什么？你们是专家还是欧美传声筒？？？ 
只有嫌疑人有人权，被害者没有吗？？"
932,再审了，希望能得到一个公正的结果
933,说怕死刑让犯罪者更加疯狂，让受害者更危险，想通过不用死刑让他冷静的，，这跟我们希望美国对我们好一点有什么区别，，对敌人抱有幻想，把希望寄托在敌人身上是最愚蠢的，，再说了，他都能干出能判死刑的事儿了，你还能指望他什么[嫌弃]
934,人是怎么能坏到这个程度？这种人要是能活真是太可怕了
935,这件事一直绕在我心头，如果最后没有死行的话，我想我以后会干出一些事，不知道那个人渣叫啥名字，住在哪？[哭泣]这视频我一直会保藏，等到真正的结果出来
936,我想用世上最恶毒的话骂他，畜生都比他有人性，可怜的小姑娘，还没来得及看看这个世界有多大[大哭]
937,瞒不住了去自首跟内心煎熬去自首结果是一样的？
938,25年后，谁还会记得呢？
939,建议先阉掉在死缓
940,法官个人的司法价值观真的是太难了
941,好人有好报？？？狗屁！！！
942,不管是不是学法，不把受害人当人看，不考虑施暴过程，不考虑案件影响，只靠着一个几天后自首就来个缓刑，这算啥？别老拿着学法就觉得自己牛逼，天天拿海洋法系那一套在大陆当成普世价值。
943,少杀慎杀作为一个标准版，本来定位的初衷就是为了冤假错案～
944,学历不高，但不支持废除死刑
945,翻了翻评论背后就像有一阵寒风……
946,评论区那个钓了几千条鱼的还没被封号？
947,我是真的不明白邻里之间杀人为什么是从轻条件，难道杀死一个邻居对社会有什么贡献？
948,我本来是个无神论者，但是看到这个案例我要疯了，死神，请给我一本笔记吧！！！！
949,如果一项判决减弱了好人对法律的信赖，降低了坏人对法律的畏惧，影响了人们朴素的社会正义感，那么这项判决就是需要进一步斟酌的。
950,现在“百香果女孩”案已经准备重审了，希望判死刑立即执行[微笑]
951,罗老师请问真的有法不责众吗？
952,死缓诶～好诶～，我建议不要这么严重了～，要善良，给他批评教育一下放回家好啦～
953,看到有条弹幕说邻里纠纷作为死缓的宽大情形之一，是因为我们的宗族制度和迁居流动性。有谁懂的能展开讲讲吗？我还是很困惑。
954,二审迷惑行为[疑惑]
955,罗老师虽然没有明着讲该判死刑立即执行，但拿出最后一个判例的时候暗示得已经很明显了，支持死刑立即执行，也相信最高法能够给出令大家满意的判决
956,"应该立即死刑
应该立即死刑
应该立即死刑"
957,大半夜气到肺疼[捂脸]
958,“最高人民法院审查决定，指令广西壮族自治区高级人民法院另行组成合议庭对该案进行再审，应改判杨某死刑立即执行。”——最高人民法院再审决定书 2020年11月3日，可以放心了[OK]
959,这个案子从知道知道就开始关注，真的很揪心广西因为经济落后，小孩子早早就懂事，帮家里干活…广西没再中国都最西，西部计划落单了，东部发展也没他的份，不管是教育还是其他都很落后，但是，这也不能成为纵容犯罪的理由，希望坏人得到应有的惩罚
960,我真心希望这次能判死刑，起码对得起那一条年轻的生命啊。。。
961,互联网 有记忆吗？啧
962,法律存在都是有一定道理，但是小孩子的死亡还是很让人心痛
963,我发现罗老师一直在讲事实，基本没有讲自己的判断，这就非常好。我要学习
964,感觉很多人对:“赔偿到位取得家属谅解”抱有严重敌意。只想说被害人家属是最希望被告偿命的人。但生活要继续，以后用钱的地方多了去，他们只要是有能力都不会选择“谅解”。那些说“家属不是东西”的只能说事情怎么没发生在你们身上
965,好家伙 一看到谅解就是钱给的太多了 好家伙 不仅仅脑补能力优秀 眼睛还瞎 看不到积极认罪 好家伙 真就弹幕人均是体制内法院内检察院内 真当法院检察院就这么黑啊好家伙
966,保留被害人家属谅解就能减轻是为了被害人家属好，如果犯罪嫌疑人有钱那么被害人家属就能获得赔偿，虽然内心不谅解但是会有物质上的补充，这也是国家为了被害一方着想的
967,再审了！
968,这个案件最大的争议就是自首情节，如果自首与否对于审批结果来说没有区别，那么就相当于法律不鼓励自首了
969,这种人就该死刑公开执行，最好直播。
970,限制减刑，判处死缓我觉得可以接受，因为无期比死刑更让人痛苦，这就相当于不停的折磨犯罪者，坐牢这么久几十年在里面，当人没有了前进的希望，人的精神会收到不断的折磨，我就觉得无期是最可怕的，死刑是最凶残的
971,现在有结果吗？
972,两年你都在牢里面怎么故意犯罪？死缓就等于无期好吧，除非自己不想活。
973,我真的服了弹幕，家人谅解肯定也是有自己的原因，自己的孩子死了一定恨难受，但人已经死了，如果有个人可以给你几十万甚至几百万你会不会选择不得已的谅解呢？还是说弹幕人均亿万富翁，不差这点钱？这就是现实
974,老师，这个案件有没有后续进展啊，最高法怎么还不回复呢？
975,就这？都8月了，结果呢
976,想起了白夜行里的一句话“太阳和人性都是不可直视的”
977,不是杀杀杀，情绪化，只是在这件事上，强奸未成年人，故意杀人，主观恶性极深，罪情极其恶劣的情况下，自首行为是不足从轻的，至少我更希望这个案子能在最高人民法院介入的情况下得到跟罗翔老师举的最后一个例子李昌奎案件同样的处理。
978,为什么邻里纠纷可以考虑进去啊？？？有大佬可以和我解释吗？？？
979,女孩父亲见义勇为去世，女孩虽小但很懂事自己卖百香果帮家里分担压力，两个人都为自己的善良失去了生命，然而丧尽天良的杀人恶魔却能苟活到最后，我不想看到这种善有恶报，恶有善报黑白颠倒的荒唐结局，望最高法能将正义还于世间，将公道还于被害女童！！
980,我能保证自己不伤害别人，但是谁能保证别人不伤害我
981,尽管我只是个平凡人，尽管我愿意相信法律，尽管我也会担心被人喷不知法而盲目跟风，但我心中依然有我所向往的正义:支持死刑！
982,里面有费死的人 有问题了 外国渗透还是厉害
983,早点死吧！恶心的qj犯，你脑子里只知道黄色的东西？人命啊！一时快感有什么用？真的是够了！自首就不用s了？那可真是坏人有好报，好人有坏报，真是不公平！[翻白眼][翻白眼][翻白眼][翻白眼][翻白眼][生气][翻白眼][翻白眼][翻白眼]
984,要不咋说中国人玩文字游戏哪个国家都不是对手，同样的犯罪两个人是死是活，都能找到理由依据
985,未成年人保护法哪里去了？
986,评论里一堆可怜的 “理性人”
987,听不得这些案例 简直要气到爆炸 还好我没有什么超能力 不然我得给这些人头拧下来 管他什么自首从宽[无语]
988,只是谈谈我的看法，我觉得这个家属谅解应该不能够算作死缓，张三被人奸杀分尸了，本应该判处死刑立即执行，但是家属谅解加上自首判了一个死缓，我认为家属没有权力可以决定判决，这相当于是家属在决定人的生命，就像保大保小的问题一样，根本不应该存在说家属可以决定保大保小，只能是她自己决定，如在接生前决定好。所以我觉得这样家属谅解完全就相当于在一定程度上决定他人生命，所以这个家属谅解我觉得不应该看作可以执行死缓。[抱拳][抱拳][抱拳]
989,"首先，这里有2个罪行，强奸与杀人，这已经是照着枪毙来的。然后一自首，死缓啦？这就说不通了。
如果强奸杀人，与单纯杀人，最后因为自首量刑都差不多，那罪犯心想早知道当时先奸后杀了。有没有这个可能？有没有？唉，肯定有。[doge]
死罪可免，活罪难逃。建议化学阉割。"
990,不能看类似的新闻，受不了，一天心情很糟糕
991,只能说钞能力还是厉害
992,我比较想知道，如果犯人出狱后，被害者家属将犯人杀死，会不会也判死刑呢，本人不大懂法，只是单纯好奇[doge]
993,这件事真的极其恶劣，行为人先用刀刺伤了女孩的双眼和颈部，再实施强奸，致其死亡后用蛇皮袋将尸体装起来，用滚、踢的方式将装有尸体的袋子弄到了山下的水沟沟里…
994,所以百香果这个，又是强奸又是挖眼，还麻袋抛尸泡水，够恶劣够泯灭人性了，因为自首就能缓？[思考]
995,必须死刑，不能折中和退让
996,"我最近看了一个人把父母杀了还分尸，最后也不是自首，但最后判了死缓......[无语][无语]

名为死刑的有期徒刑-------死缓"
997,所以看了罗老师的视频才知道，原来新闻上 一些案子的判刑结果，不是国家法律是这样判的，而是个人法官的问题，同一个人同一个事，在不同的法官手里，运用的结果不一样，所以像罗老师说所的，一个有人性的，不教条主义，死板主义的法官，是多么难得啊
998,钱使磨推鬼
999,我觉得这就是能力的问题。本身提倡自首是主观上是为了犯罪分子悔过，客观上能够提高案件处理的时效性。这是一个根据社会国情的考量，对社会影响的考虑是第一位的，像这种恶性案件，在公众认知中罪犯已经不具备一般人的共情基础了，所以对他就不应当以一般人的社会影响效果来进行处理。这也就是二审出现的问题，即对自首这一情节的社会效应认知不足。
1000,前一段时间不是评论区一堆老懂哥给那阴阳我们网络法官死刑起步吗？这么恶劣的案件还给那抖机灵，有够恶心的
1001,换种想法，要是判死刑有些人说是会打击自首积极性，那不判死刑岂不是会鼓励被害人家属进行报复？我要是那个女孩家属，极度激愤之下去他家里杀了他的家属，再去自首。这种恶劣事件法官判不判死刑？不判的话我没亏啊，我发泄怒火还给家人报仇了（先别管这个做法正确与否）。判死刑的话凭什么呢？我也自首了，而且我还没做出QJ抢劫抛尸等恶劣行为，你凭什么不判他死刑判我死刑？
1002,如果抢劫，强奸，故意杀人都还是死缓，那么是否会导致人民群众对法律失望进而寻求私刑途径？
1003,自首可以考虑从宽处理，不是必须从宽处理
1004,这还能道德绑架我？只能说某些人没有道德
1005,既然最高院介入了，估计死刑没得跑了，真的，看到这个案件，内心无比愤怒，世界上竟然有这种人渣[无语]
1006,为这种罪犯争取人权是我见过最二百五的事情
1007,只要看熬不住去自首，多恶劣的罪名都能减刑呗？荒唐，可笑。
1008,虽然监狱里被关的都是都是犯人，但最被看不起的、最会被“照顾”就是强奸犯，尤其是这种虐杀强奸未成年的。在他被执行死刑前，狱友会好好“照顾”他。[阴险]
1009,"日子还得继续过
对于这样一个贫困的家庭，谅解书是最好的选择了。
当然在城市中的我们，如果家人不幸的话。
多少钱我都不要，就要他死，二审过了还能继续上诉。
但是也要考虑一下那些被生活所迫的啊"
1010,自首只是可以不是必须！希望最高院否了二审法院判决
1011,十岁啊！才十岁！这么懂事的小姑娘，太可惜了[大哭]
1012,理性思考，必须死刑
1013,为什么会有死缓和自首减轻处罚这种规定存在，我觉得是如果没有自首可以减轻处罚这个规定，一个人杀了人之后只有两种选择，一是跑路，永远不被发现，这种情况概率很低，大概率还是被抓到然后判处死刑。第二种就是死，自杀或者被法院判处死刑，无论是哪种情况都只有死，那么犯罪人犯罪以后会选择什么，抱着一种反正都是死不如多杀几个的心理去迫害其他无辜的人。人的心里都是有阴暗面的，情绪会左右你的理智。很多案件其实都是情绪爆发一时冲动，大部分的犯罪人犯罪后都会有一种后悔的心理（那种确实是变态的另说），如果得到家属谅解和自首可以减轻处罚一般是会去做的，这样虽然听上去无法理解，但是事实上是可以减轻犯罪人再次犯罪的概率的。如果犯罪人杀人之后知道自己只有死路一条他还会束手就擒吗？肯定是在被抓之前实行更多的犯罪。我虽然不是学习这方面的，但是罗翔老师提到的一句话我觉得很正确“法律要倾听民众的声音，但要超越民众的偏见”。我看到这种事情也是非常愤怒，恨不得这个犯罪的人直接去死，但是我做不到，我无法代替法律，我能做的只有等待法律的公正判决。希望大家也不要被愤怒情绪左右，还是要等法院判决。
1014,2年的考验期内还能故意犯罪，怎么做到的？
1015,在有关类似涉及到性侵的事件时，我认识的一些女性朋友会极度愤怒，几乎每天都在关注，并转发案件的最新动态，并时刻关注主犯死了没有。并且明显地不满判决，说着同态复仇的话。我无权评价，因为我是个男的。不能把这种想法用“rz”一言蔽之，我自己生气的时候都不能保证说出绝对客观的话，而那些发在弹幕上的，评论里的，也不会完全都是冷静的人所发的理智言论。所以我们看到这些言论的时候，没必要吵，因为跟已经愤怒的人理论是没有任何意义的（当然如果你也生气了那就拦不住了），而另一些人呢，也控制控制自己的行为，不要让自己的正义怒火伤害到无关的其他人。同态复仇，以及“沉默的都是帮凶都该去死”这类想法固然不理智，但没必要为了这个吵。我们要在能理性思考的同时保持这种愤怒，愤怒是人之常情，如果我们都不再愤怒，那也不会再有人能站出来了。只是在尽快冷静下来之后，我们都得做出理智的判断，为自己的行为负责。
1016,没啥说的，对未成年人下手的我觉得都该死。不配为人
1017,你可以觉得二审判决的有他的道理，但你不会真的觉得这样的人不该死，或者不应该判死刑吧？我倒宁愿你只是轻飘飘打一行字装个b……
1018,我不学法律，不是很懂一些逻辑但我想表达一下自己观点。像这个犯人所犯下的情节恶劣的杀人强奸事件后自首所减刑我觉得对死者和死者家属是不公平的，像是慷他人之慨一样。站在被害者角度来看这个事情不管别的逃犯是否自首，判什么刑 ，哪怕没有一个逃犯自首我也希望犯人得到最严重的处罚[小电视_思索]（没学过法。仅表达个人观点）
1019,我百度了原事件，这个案件罪犯手法极其恶劣，用刀子刺眼，割喉，而且对于家属并未赔偿和道歉，所以死刑立即执行没毛病！！[无语]
